CustomerID,Gender,Age,City,Region,CustomerSegment,SignUpDate,Fixed_CustomerID,Age_Group ,Fixed_Region,Fixed_Gender,Fixed_City,Fixed_Date
CSTMR0001,Male,29,Istanbul,Marmara,Standard,4/13/2020,CSTMR0001,Early Adults,MARMARA,MALE,ISTANBUL,4/13/2020
CSTMR0002,Other,40,Istanbul,Marmara,Standard,8/4/2020,CSTMR0002,Middle Adults,MARMARA,OTHER,ISTANBUL,8/4/2020
cstmr0003,Female,36,Bursa,Marmara,Premium,14-Aug-22,CSTMR0003,Middle Adults,MARMARA,FEMALE,BURSA,8/14/2022
cstmr0004,Male,18,Istanbul,Marmara,Premium,26-Mar-22,CSTMR0004,Young Adults,MARMARA,MALE,ISTANBUL,3/26/2022
CSTMR0005,Male,43,Izmir,Aegean,Premium,4/4/2021,CSTMR0005,Middle Adults,AEGEAN,MALE,IZMIR,4/4/2021
CSTMR0006,Other,49,Istanbul,Marmara,Standard,7/2/2020,CSTMR0006,Late Adults,MARMARA,OTHER,ISTANBUL,7/2/2020
cstmr0007,Male,36,Bursa,Marmara,Premium,10/10/2020,CSTMR0007,Middle Adults,MARMARA,MALE,BURSA,10/10/2020
CSTMR0008,Female,48,Istanbul,Marmara,Standard,26/03/2022,CSTMR0008,Late Adults,MARMARA,FEMALE,ISTANBUL,3/26/2022
CSTMR0009,Female,25,Antalya,Mediterranean,Premium,2021.04.21,CSTMR0009,Young Adults,MEDITERRANEAN,FEMALE,ANTALYA,4/21/2021
CSTMR0010,Male,43,Ankara,Central Anatolia,Standard,26-11-2022,CSTMR0010,Middle Adults,CENTRAL ANATOLIA,MALE,ANKARA,11/26/2022
CSTMR0011,Female,32,Bursa,Marmara,Standard,30/03/2023,CSTMR0011,Early Adults,MARMARA,FEMALE,BURSA,3/30/2023
cstmr0012,Male,47,Izmir,Aegean,Standard,19/07/2021,CSTMR0012,Late Adults,AEGEAN,MALE,IZMIR,7/19/2021
cstmr0013,Female,40,Trabzon,Black Sea,Standard,8/19/2022,CSTMR0013,Middle Adults,BLACK SEA,FEMALE,TRABZON,8/19/2022
CSTMR0014,Male,28,Istanbul,Marmara,Premium,1/2/2023,CSTMR0014,Early Adults,MARMARA,MALE,ISTANBUL,1/2/2023
CSTMR0015,Male,21,Ankara,Central Anatolia,Standard,7/9/2022,CSTMR0015,Young Adults,CENTRAL ANATOLIA,MALE,ANKARA,7/9/2022
cstmr0016,MALE,26,Istanbul,Marmara,Premium,2/5/2020,CSTMR0016,Early Adults,MARMARA,MALE,ISTANBUL,2/5/2020
cstmr0017,Female,49,Eskisehir,Central Anatolia,Standard,4/15/2021,CSTMR0017,Late Adults,CENTRAL ANATOLIA,FEMALE,ESKISEHIR,4/15/2021
CSTMR0018,Female,45,BURSA,Marmara,Standard,3-May-22,CSTMR0018,Middle Adults,MARMARA,FEMALE,BURSA,5/3/2022
CSTMR0019,Male,33,Istanbul,Marmara,Standard,13-Dec-22,CSTMR0019,Early Adults,MARMARA,MALE,ISTANBUL,12/13/2022
CSTMR0020,Other,45,Ankara,Central Anatolia,Standard,30/09/2022,CSTMR0020,Middle Adults,CENTRAL ANATOLIA,OTHER,ANKARA,9/30/2022
CSTMR0021,MALE,33,Bursa,Marmara,Premium,5/16/2022,CSTMR0021,Early Adults,MARMARA,MALE,BURSA,5/16/2022
CSTMR0022,Male,43,Adana,Mediterranean,Standard,9/27/2021,CSTMR0022,Middle Adults,MEDITERRANEAN,MALE,ADANA,9/27/2021
cstmr0023,Female,22,Ankara,Central Anatolia,Standard,1/10/2022,CSTMR0023,Young Adults,CENTRAL ANATOLIA,FEMALE,ANKARA,1/10/2022
CSTMR0024,Female,18,Bursa,Marmara,VIP,10/9/2022,CSTMR0024,Young Adults,MARMARA,FEMALE,BURSA,10/9/2022
CSTMR0025,Male,19,Istanbul,Marmara,Premium,2021.05.02,CSTMR0025,Young Adults,MARMARA,MALE,ISTANBUL,5/2/2021
CSTMR0026,Male,33,Kocaeli,Marmara,Premium,2021.12.04,CSTMR0026,Early Adults,MARMARA,MALE,KOCAELI,12/4/2021
CSTMR0027,Female,19,Bursa,Marmara,Standard,9/23/2022,CSTMR0027,Young Adults,MARMARA,FEMALE,BURSA,9/23/2022
CSTMR0028,Female,32,Istanbul,marmara,Premium,6-Dec-22,CSTMR0028,Early Adults,MARMARA,FEMALE,ISTANBUL,12/6/2022
cstmr0029,Male,35,Istanbul,marmara,Standard,3/7/2021,CSTMR0029,Early Adults,MARMARA,MALE,ISTANBUL,3/7/2021
cstmr0030,Female,60,Bursa,Marmara,Premium,2020.12.22,CSTMR0030,Late Adults,MARMARA,FEMALE,BURSA,12/22/2020
cstmr0031,Male,32,Bursa,Marmara,Standard,1/31/2022,CSTMR0031,Early Adults,MARMARA,MALE,BURSA,1/31/2022
cstmr0032,Male,39,Kocaeli,Marmara,VIP,5/30/2021,CSTMR0032,Middle Adults,MARMARA,MALE,KOCAELI,5/30/2021
cstmr0033,Female,52,Izmir,Aegean,Premium,1/14/2021,CSTMR0033,Late Adults,AEGEAN,FEMALE,IZMIR,1/14/2021
CSTMR0034,Male,44,Ankara,Central Anatolia,Standard,4/6/2023,CSTMR0034,Middle Adults,CENTRAL ANATOLIA,MALE,ANKARA,4/6/2023
CSTMR0035,Female,32,Istanbul,Marmara,Premium,27-Aug-22,CSTMR0035,Early Adults,MARMARA,FEMALE,ISTANBUL,8/27/2022
CSTMR0036,Male,40,Istanbul,Marmara,Premium,2022.04.05,CSTMR0036,Middle Adults,MARMARA,MALE,ISTANBUL,4/5/2022
CSTMR0037,Male,42,Ankara,Central Anatolia,Standard,1/30/2022,CSTMR0037,Middle Adults,CENTRAL ANATOLIA,MALE,ANKARA,1/30/2022
cstmr0038,OTHER,44,Izmir,Aegean,Standard,1/8/2022,CSTMR0038,Middle Adults,AEGEAN,OTHER,IZMIR,1/8/2022
CSTMR0039,Female,53,Istanbul,Marmara,Premium,6-Feb-20,CSTMR0039,Late Adults,MARMARA,FEMALE,ISTANBUL,2/6/2020
CSTMR0040,Female,30,Aydin,Aegean,VIP,5/16/2022,CSTMR0040,Early Adults,AEGEAN,FEMALE,AYDIN,5/16/2022
CSTMR0041,Female,53,ISTANBUL,Marmara,Standard,11/29/2021,CSTMR0041,Late Adults,MARMARA,FEMALE,ISTANBUL,11/29/2021
CSTMR0042,Female,38,Antalya,Mediterranean,VIP,3/16/2020,CSTMR0042,Middle Adults,MEDITERRANEAN,FEMALE,ANTALYA,3/16/2020
CSTMR0043,Female,35,Kocaeli,Marmara,Standard,23-05-2020,CSTMR0043,Early Adults,MARMARA,FEMALE,KOCAELI,5/23/2020
cstmr0044,Female,62,Istanbul,Marmara,VIP,9-Jun-22,CSTMR0044,Older Adults,MARMARA,FEMALE,ISTANBUL,6/9/2022
CSTMR0045,Other,33,Antalya,Mediterranean,Standard,7/23/2022,CSTMR0045,Early Adults,MEDITERRANEAN,OTHER,ANTALYA,7/23/2022
CSTMR0046,Female,40,Aydin,Aegean,Standard,2/1/2022,CSTMR0046,Middle Adults,AEGEAN,FEMALE,AYDIN,2/1/2022
CSTMR0047,Male,42,Izmir,Aegean,Standard,4/12/2023,CSTMR0047,Middle Adults,AEGEAN,MALE,IZMIR,4/12/2023
CSTMR0048,Female,31,ANKARA,Central Anatolia,Standard,9/25/2021,CSTMR0048,Early Adults,CENTRAL ANATOLIA,FEMALE,ANKARA,9/25/2021
CSTMR0049,Female,43,Ankara,central anatolia,VIP,5/14/2021,CSTMR0049,Middle Adults,CENTRAL ANATOLIA,FEMALE,ANKARA,5/14/2021
CSTMR0050,Male,20,Izmir,Aegean,Standard,29-Dec-22,CSTMR0050,Young Adults,AEGEAN,MALE,IZMIR,12/29/2022
CSTMR0051,Female,55,Istanbul,Marmara,Standard,2/8/2020,CSTMR0051,Late Adults,MARMARA,FEMALE,ISTANBUL,2/8/2020
CSTMR0052,Male,27,Bursa,marmara,Premium,17/12/2022,CSTMR0052,Early Adults,MARMARA,MALE,BURSA,12/17/2022
cstmr0053,Other,44,Izmir,Aegean,Standard,12/13/2020,CSTMR0053,Middle Adults,AEGEAN,OTHER,IZMIR,12/13/2020
CSTMR0054,Male,46,Istanbul,Marmara,Standard,3/4/2022,CSTMR0054,Late Adults,MARMARA,MALE,ISTANBUL,3/4/2022
CSTMR0055,Male,18,Istanbul,Marmara,Standard,7/21/2020,CSTMR0055,Young Adults,MARMARA,MALE,ISTANBUL,7/21/2020
CSTMR0056,Male,45,Izmir,Aegean,Premium,2/16/2020,CSTMR0056,Middle Adults,AEGEAN,MALE,IZMIR,2/16/2020
cstmr0057,Male,63,Izmir,Aegean,VIP,17/10/2021,CSTMR0057,Older Adults,AEGEAN,MALE,IZMIR,10/17/2021
CSTMR0058,Male,28,Antalya,Mediterranean,Standard,22-Feb-22,CSTMR0058,Early Adults,MEDITERRANEAN,MALE,ANTALYA,2/22/2022
cstmr0059,Female,20,Istanbul,marmara,Standard,30-Mar-20,CSTMR0059,Young Adults,MARMARA,FEMALE,ISTANBUL,3/30/2020
CSTMR0060,Other,47,Istanbul,Marmara,VIP,2022.05.18,CSTMR0060,Late Adults,MARMARA,OTHER,ISTANBUL,5/18/2022
CSTMR0061,Male,42,Istanbul,Marmara,Standard,5-Apr-21,CSTMR0061,Middle Adults,MARMARA,MALE,ISTANBUL,4/5/2021
CSTMR0062,Male,60,Eskisehir,central anatolia,Premium,24-Jan-21,CSTMR0062,Late Adults,CENTRAL ANATOLIA,MALE,ESKISEHIR,1/24/2021
cstmr0063,Female,22,Antalya,Mediterranean,Standard,26-May-22,CSTMR0063,Young Adults,MEDITERRANEAN,FEMALE,ANTALYA,5/26/2022
CSTMR0064,Other,59,ANKARA,Central Anatolia,Standard,5/25/2020,CSTMR0064,Late Adults,CENTRAL ANATOLIA,OTHER,ANKARA,5/25/2020
CSTMR0065,Male,18,Antalya,Mediterranean,Standard,5-Mar-22,CSTMR0065,Young Adults,MEDITERRANEAN,MALE,ANTALYA,3/5/2022
CSTMR0066,Female,54,Istanbul,Marmara,Standard,5/25/2021,CSTMR0066,Late Adults,MARMARA,FEMALE,ISTANBUL,5/25/2021
CSTMR0067,Male,41,Trabzon,Black Sea,Premium,9-Feb-22,CSTMR0067,Middle Adults,BLACK SEA,MALE,TRABZON,2/9/2022
cstmr0068,FEMALE,41,Antalya,Mediterranean,Standard,3/23/2020,CSTMR0068,Middle Adults,MEDITERRANEAN,FEMALE,ANTALYA,3/23/2020
CSTMR0069,FEMALE,21,Izmir,Aegean,Standard,3-Feb-20,CSTMR0069,Young Adults,AEGEAN,FEMALE,IZMIR,2/3/2020
cstmr0070,Female,44,Izmir,Aegean,Premium,2021.11.04,CSTMR0070,Middle Adults,AEGEAN,FEMALE,IZMIR,11/4/2021
CSTMR0071,Male,49,Antalya,Mediterranean,Standard,2022.09.16,CSTMR0071,Late Adults,MEDITERRANEAN,MALE,ANTALYA,9/16/2022
CSTMR0072,MALE,31,Istanbul,Marmara,Premium,7/7/2022,CSTMR0072,Early Adults,MARMARA,MALE,ISTANBUL,7/7/2022
cstmr0073,Other,26,ISTANBUL,Marmara,Premium,2-Feb-22,CSTMR0073,Early Adults,MARMARA,OTHER,ISTANBUL,2/2/2022
CSTMR0074,Female,46,Izmir,Aegean,Premium,5/8/2022,CSTMR0074,Late Adults,AEGEAN,FEMALE,IZMIR,5/8/2022
cstmr0075,Male,18,Eskisehir,Central Anatolia,Premium,25/06/2021,CSTMR0075,Young Adults,CENTRAL ANATOLIA,MALE,ESKISEHIR,6/25/2021
CSTMR0076,Female,61,Antalya,Mediterranean,Premium,18-Jun-22,CSTMR0076,Older Adults,MEDITERRANEAN,FEMALE,ANTALYA,6/18/2022
CSTMR0077,Male,39,ISTANBUL,Marmara,Standard,2020.05.05,CSTMR0077,Middle Adults,MARMARA,MALE,ISTANBUL,5/5/2020
CSTMR0078,Female,32,Istanbul,Marmara,Standard,30-Jan-22,CSTMR0078,Early Adults,MARMARA,FEMALE,ISTANBUL,1/30/2022
cstmr0079,Female,57,Istanbul,Marmara,Premium,18/06/2022,CSTMR0079,Late Adults,MARMARA,FEMALE,ISTANBUL,6/18/2022
CSTMR0080,Other,28,Kocaeli,Marmara,Premium,4/2/2020,CSTMR0080,Early Adults,MARMARA,OTHER,KOCAELI,4/2/2020
CSTMR0081,Female,45,Istanbul,Marmara,Standard,2021.11.12,CSTMR0081,Middle Adults,MARMARA,FEMALE,ISTANBUL,11/12/2021
CSTMR0082,Female,31,Istanbul,Marmara,Premium,20-Aug-20,CSTMR0082,Early Adults,MARMARA,FEMALE,ISTANBUL,8/20/2020
cstmr0083,Male,33,Istanbul,Marmara,Premium,4-Mar-22,CSTMR0083,Early Adults,MARMARA,MALE,ISTANBUL,3/4/2022
CSTMR0084,Female,28,Istanbul,marmara,Standard,15/12/2020,CSTMR0084,Early Adults,MARMARA,FEMALE,ISTANBUL,12/15/2020
CSTMR0085,Female,40,Adana,Mediterranean,Standard,10/29/2020,CSTMR0085,Middle Adults,MEDITERRANEAN,FEMALE,ADANA,10/29/2020
cstmr0086,Female,28,Izmir,aegean,Premium,18-Mar-20,CSTMR0086,Early Adults,AEGEAN,FEMALE,IZMIR,3/18/2020
cstmr0087,Male,44,Kocaeli,Marmara,Standard,16-Mar-22,CSTMR0087,Middle Adults,MARMARA,MALE,KOCAELI,3/16/2022
CSTMR0088,Female,41,Istanbul,marmara,Standard,4/29/2021,CSTMR0088,Middle Adults,MARMARA,FEMALE,ISTANBUL,4/29/2021
CSTMR0089,Male,19,ISTANBUL,Marmara,Premium,25-Jan-20,CSTMR0089,Young Adults,MARMARA,MALE,ISTANBUL,1/25/2020
CSTMR0090,Male,40,KOCAELI,Marmara,Premium,2020.04.20,CSTMR0090,Middle Adults,MARMARA,MALE,KOCAELI,4/20/2020
CSTMR0091,Female,63,Izmir,Aegean,Premium,28/02/2021,CSTMR0091,Older Adults,AEGEAN,FEMALE,IZMIR,2/28/2021
cstmr0092,Other,54,Izmir,Aegean,Premium,10/11/2020,CSTMR0092,Late Adults,AEGEAN,OTHER,IZMIR,10/11/2020
CSTMR0093,Female,33,ISTANBUL,Marmara,Standard,15-Sep-21,CSTMR0093,Early Adults,MARMARA,FEMALE,ISTANBUL,9/15/2021
cstmr0094,Male,35,Istanbul,Marmara,Standard,4/2/2022,CSTMR0094,Early Adults,MARMARA,MALE,ISTANBUL,4/2/2022
CSTMR0095,Female,47,Istanbul,Marmara,Standard,27-04-2020,CSTMR0095,Late Adults,MARMARA,FEMALE,ISTANBUL,4/27/2020
CSTMR0096,Male,39,Izmir,Aegean,Standard,12/7/2020,CSTMR0096,Middle Adults,AEGEAN,MALE,IZMIR,12/7/2020
CSTMR0097,Male,49,Istanbul,Marmara,Standard,15/02/2023,CSTMR0097,Late Adults,MARMARA,MALE,ISTANBUL,2/15/2023
CSTMR0098,Female,28,Aydin,Aegean,Premium,19/05/2020,CSTMR0098,Early Adults,AEGEAN,FEMALE,AYDIN,5/19/2020
CSTMR0099,Male,45,Istanbul,Marmara,Standard,4/24/2022,CSTMR0099,Middle Adults,MARMARA,MALE,ISTANBUL,4/24/2022
CSTMR0100,MALE,18,Istanbul,Marmara,Standard,2020.01.10,CSTMR0100,Young Adults,MARMARA,MALE,ISTANBUL,1/10/2020
CSTMR0101,Male,45,Istanbul,Marmara,Standard,11/24/2020,CSTMR0101,Middle Adults,MARMARA,MALE,ISTANBUL,11/24/2020
CSTMR0102,MALE,25,Kocaeli,Marmara,Premium,1/23/2023,CSTMR0102,Young Adults,MARMARA,MALE,KOCAELI,1/23/2023
CSTMR0103,Male,40,Istanbul,Marmara,Standard,27-May-21,CSTMR0103,Middle Adults,MARMARA,MALE,ISTANBUL,5/27/2021
CSTMR0104,Male,39,Ankara,central anatolia,Premium,22/05/2022,CSTMR0104,Middle Adults,CENTRAL ANATOLIA,MALE,ANKARA,5/22/2022
CSTMR0105,Male,32,Istanbul,Marmara,Standard,18-Mar-20,CSTMR0105,Early Adults,MARMARA,MALE,ISTANBUL,3/18/2020
CSTMR0106,Male,43,Ankara,Central Anatolia,Standard,29/03/2020,CSTMR0106,Middle Adults,CENTRAL ANATOLIA,MALE,ANKARA,3/29/2020
cstmr0107,Female,44,Izmir,Aegean,Standard,12/11/2022,CSTMR0107,Middle Adults,AEGEAN,FEMALE,IZMIR,12/11/2022
cstmr0108,Female,41,Bursa,Marmara,Standard,3/10/2022,CSTMR0108,Middle Adults,MARMARA,FEMALE,BURSA,3/10/2022
CSTMR0109,Male,40,Istanbul,Marmara,Standard,1/8/2021,CSTMR0109,Middle Adults,MARMARA,MALE,ISTANBUL,1/8/2021
CSTMR0110,Male,47,Istanbul,Marmara,Standard,11/4/2022,CSTMR0110,Late Adults,MARMARA,MALE,ISTANBUL,11/4/2022
CSTMR0111,Male,43,TRABZON,Black Sea,Premium,1/25/2023,CSTMR0111,Middle Adults,BLACK SEA,MALE,TRABZON,1/25/2023
CSTMR0112,Male,56,Istanbul,Marmara,Premium,14-Jul-20,CSTMR0112,Late Adults,MARMARA,MALE,ISTANBUL,7/14/2020
CSTMR0113,Female,33,Ankara,Central Anatolia,Standard,28-Mar-23,CSTMR0113,Early Adults,CENTRAL ANATOLIA,FEMALE,ANKARA,3/28/2023
CSTMR0114,Male,47,Izmir,Aegean,Standard,15-01-2020,CSTMR0114,Late Adults,AEGEAN,MALE,IZMIR,1/15/2020
CSTMR0115,Male,47,Aydin,Aegean,Standard,4/4/2020,CSTMR0115,Late Adults,AEGEAN,MALE,AYDIN,4/4/2020
CSTMR0116,Male,26,Aydin,Aegean,VIP,2020.03.09,CSTMR0116,Early Adults,AEGEAN,MALE,AYDIN,3/9/2020
CSTMR0117,Male,23,Bursa,Marmara,Standard,12/11/2020,CSTMR0117,Young Adults,MARMARA,MALE,BURSA,12/11/2020
CSTMR0118,Female,29,Izmir,Aegean,Standard,15-08-2022,CSTMR0118,Early Adults,AEGEAN,FEMALE,IZMIR,8/15/2022
CSTMR0119,Male,45,Istanbul,Marmara,VIP,4/10/2022,CSTMR0119,Middle Adults,MARMARA,MALE,ISTANBUL,4/10/2022
CSTMR0120,Male,56,Aydin,Aegean,Standard,2023.02.03,CSTMR0120,Late Adults,AEGEAN,MALE,AYDIN,2/3/2023
CSTMR0121,Male,30,Istanbul,Marmara,Premium,9/9/2022,CSTMR0121,Early Adults,MARMARA,MALE,ISTANBUL,9/9/2022
CSTMR0122,Male,32,Kocaeli,Marmara,Standard,24-07-2022,CSTMR0122,Early Adults,MARMARA,MALE,KOCAELI,7/24/2022
CSTMR0123,Female,28,Ankara,Central Anatolia,Standard,25-Jul-22,CSTMR0123,Early Adults,CENTRAL ANATOLIA,FEMALE,ANKARA,7/25/2022
CSTMR0124,Female,45,Ankara,Central Anatolia,Standard,1/20/2021,CSTMR0124,Middle Adults,CENTRAL ANATOLIA,FEMALE,ANKARA,1/20/2021
CSTMR0125,Female,39,Istanbul,Marmara,Standard,2/1/2022,CSTMR0125,Middle Adults,MARMARA,FEMALE,ISTANBUL,2/1/2022
CSTMR0126,Female,47,Kocaeli,Marmara,Standard,2021.12.10,CSTMR0126,Late Adults,MARMARA,FEMALE,KOCAELI,12/10/2021
CSTMR0127,Female,29,Istanbul,Marmara,VIP,8-Dec-22,CSTMR0127,Early Adults,MARMARA,FEMALE,ISTANBUL,12/8/2022
CSTMR0128,Female,48,Istanbul,Marmara,VIP,7-Dec-20,CSTMR0128,Late Adults,MARMARA,FEMALE,ISTANBUL,12/7/2020
cstmr0129,Female,68,Istanbul,marmara,Premium,2/8/2020,CSTMR0129,Older Adults,MARMARA,FEMALE,ISTANBUL,2/8/2020
CSTMR0130,Female,38,Istanbul,Marmara,Standard,31-10-2021,CSTMR0130,Middle Adults,MARMARA,FEMALE,ISTANBUL,10/31/2021
CSTMR0131,Male,68,Istanbul,Marmara,Standard,12/8/2021,CSTMR0131,Older Adults,MARMARA,MALE,ISTANBUL,12/8/2021
CSTMR0132,Female,24,Kocaeli,Marmara,Standard,2023.02.10,CSTMR0132,Young Adults,MARMARA,FEMALE,KOCAELI,2/10/2023
CSTMR0133,Female,33,Ankara,Central Anatolia,Premium,3/10/2022,CSTMR0133,Early Adults,CENTRAL ANATOLIA,FEMALE,ANKARA,3/10/2022
CSTMR0134,Other,33,KOCAELI,Marmara,Premium,3/27/2020,CSTMR0134,Early Adults,MARMARA,OTHER,KOCAELI,3/27/2020
CSTMR0135,Male,34,Izmir,Aegean,Standard,18-Mar-21,CSTMR0135,Early Adults,AEGEAN,MALE,IZMIR,3/18/2021
CSTMR0136,Male,50,Istanbul,Marmara,Standard,8/1/2021,CSTMR0136,Late Adults,MARMARA,MALE,ISTANBUL,8/1/2021
CSTMR0137,Male,48,Adana,Mediterranean,VIP,2/17/2023,CSTMR0137,Late Adults,MEDITERRANEAN,MALE,ADANA,2/17/2023
CSTMR0138,FEMALE,45,Antalya,Mediterranean,Standard,2020.06.30,CSTMR0138,Middle Adults,MEDITERRANEAN,FEMALE,ANTALYA,6/30/2020
cstmr0139,Male,18,Eskisehir,Central Anatolia,Standard,3/25/2022,CSTMR0139,Young Adults,CENTRAL ANATOLIA,MALE,ESKISEHIR,3/25/2022
cstmr0140,Male,59,Ankara,Central Anatolia,Standard,7/12/2021,CSTMR0140,Late Adults,CENTRAL ANATOLIA,MALE,ANKARA,7/12/2021
CSTMR0141,Female,22,Izmir,Aegean,VIP,2022.12.12,CSTMR0141,Young Adults,AEGEAN,FEMALE,IZMIR,12/12/2022
cstmr0142,Male,59,Ankara,Central Anatolia,Standard,8/15/2021,CSTMR0142,Late Adults,CENTRAL ANATOLIA,MALE,ANKARA,8/15/2021
CSTMR0143,Male,39,Bursa,Marmara,Premium,12/2/2023,CSTMR0143,Middle Adults,MARMARA,MALE,BURSA,12/2/2023
CSTMR0144,Other,39,Izmir,Aegean,Standard,8-May-21,CSTMR0144,Middle Adults,AEGEAN,OTHER,IZMIR,5/8/2021
CSTMR0145,Male,31,Istanbul,Marmara,Premium,3/15/2023,CSTMR0145,Early Adults,MARMARA,MALE,ISTANBUL,3/15/2023
CSTMR0146,Male,28,Kocaeli,Marmara,Premium,3/2/2020,CSTMR0146,Early Adults,MARMARA,MALE,KOCAELI,3/2/2020
CSTMR0147,MALE,32,Istanbul,Marmara,Premium,1/27/2020,CSTMR0147,Early Adults,MARMARA,MALE,ISTANBUL,1/27/2020
CSTMR0148,Male,44,IZMIR,Aegean,Standard,24-Sep-20,CSTMR0148,Middle Adults,AEGEAN,MALE,IZMIR,9/24/2020
CSTMR0149,Male,52,Bursa,Marmara,Standard,12/2/2021,CSTMR0149,Late Adults,MARMARA,MALE,BURSA,12/2/2021
cstmr0150,Female,41,Istanbul,Marmara,Premium,29-Mar-22,CSTMR0150,Middle Adults,MARMARA,FEMALE,ISTANBUL,3/29/2022
CSTMR0151,Male,47,Aydin,Aegean,Standard,1/13/2022,CSTMR0151,Late Adults,AEGEAN,MALE,AYDIN,1/13/2022
CSTMR0152,Female,36,Izmir,Aegean,Standard,27-Jan-22,CSTMR0152,Middle Adults,AEGEAN,FEMALE,IZMIR,1/27/2022
cstmr0153,Male,41,ISTANBUL,Marmara,Standard,15-Aug-22,CSTMR0153,Middle Adults,MARMARA,MALE,ISTANBUL,8/15/2022
cstmr0154,Female,18,IZMIR,Aegean,Premium,13-03-2020,CSTMR0154,Young Adults,AEGEAN,FEMALE,IZMIR,3/13/2020
cstmr0155,Female,61,BURSA,Marmara,Standard,28-Nov-22,CSTMR0155,Older Adults,MARMARA,FEMALE,BURSA,11/28/2022
cstmr0156,Male,37,Istanbul,marmara,Standard,4/11/2020,CSTMR0156,Middle Adults,MARMARA,MALE,ISTANBUL,4/11/2020
CSTMR0157,Male,22,Kocaeli,Marmara,Premium,3-Aug-20,CSTMR0157,Young Adults,MARMARA,MALE,KOCAELI,8/3/2020
CSTMR0158,Male,35,Ankara,central anatolia,VIP,8/1/2021,CSTMR0158,Early Adults,CENTRAL ANATOLIA,MALE,ANKARA,8/1/2021
CSTMR0159,Male,41,Izmir,Aegean,Standard,5/3/2021,CSTMR0159,Middle Adults,AEGEAN,MALE,IZMIR,5/3/2021
CSTMR0160,Other,46,Aydin,Aegean,Standard,11-Dec-21,CSTMR0160,Late Adults,AEGEAN,OTHER,AYDIN,12/11/2021
cstmr0161,Female,18,Istanbul,Marmara,Standard,5/16/2020,CSTMR0161,Young Adults,MARMARA,FEMALE,ISTANBUL,5/16/2020
CSTMR0162,Male,34,Bursa,Marmara,Standard,16-Aug-21,CSTMR0162,Early Adults,MARMARA,MALE,BURSA,8/16/2021
CSTMR0163,Female,54,Izmir,Aegean,Standard,28/03/2023,CSTMR0163,Late Adults,AEGEAN,FEMALE,IZMIR,3/28/2023
CSTMR0164,Male,18,Kocaeli,Marmara,Standard,10/5/2020,CSTMR0164,Young Adults,MARMARA,MALE,KOCAELI,10/5/2020
cstmr0165,MALE,34,Istanbul,Marmara,Premium,5/11/2021,CSTMR0165,Early Adults,MARMARA,MALE,ISTANBUL,5/11/2021
CSTMR0166,Male,39,Aydin,Aegean,Premium,2023.03.30,CSTMR0166,Middle Adults,AEGEAN,MALE,AYDIN,3/30/2023
cstmr0167,Female,38,Antalya,Mediterranean,Standard,11/28/2022,CSTMR0167,Middle Adults,MEDITERRANEAN,FEMALE,ANTALYA,11/28/2022
CSTMR0168,Female,50,Istanbul,Marmara,Premium,13/11/2020,CSTMR0168,Late Adults,MARMARA,FEMALE,ISTANBUL,11/13/2020
CSTMR0169,Male,32,Bursa,Marmara,Standard,1/23/2021,CSTMR0169,Early Adults,MARMARA,MALE,BURSA,1/23/2021
CSTMR0170,Female,55,Bursa,Marmara,Standard,1/10/2021,CSTMR0170,Late Adults,MARMARA,FEMALE,BURSA,1/10/2021
CSTMR0171,Male,18,IZMIR,Aegean,Premium,3/9/2023,CSTMR0171,Young Adults,AEGEAN,MALE,IZMIR,3/9/2023
CSTMR0172,Other,23,Istanbul,Marmara,Premium,12/10/2021,CSTMR0172,Young Adults,MARMARA,OTHER,ISTANBUL,12/10/2021
CSTMR0173,Female,47,Adana,Mediterranean,Standard,7/17/2021,CSTMR0173,Late Adults,MEDITERRANEAN,FEMALE,ADANA,7/17/2021
cstmr0174,Male,40,Ankara,Central Anatolia,Standard,2022.06.03,CSTMR0174,Middle Adults,CENTRAL ANATOLIA,MALE,ANKARA,6/3/2022
cstmr0175,Male,36,Istanbul,Marmara,Standard,20-05-2021,CSTMR0175,Middle Adults,MARMARA,MALE,ISTANBUL,5/20/2021
CSTMR0176,Female,31,Istanbul,Marmara,Standard,6/12/2022,CSTMR0176,Early Adults,MARMARA,FEMALE,ISTANBUL,6/12/2022
CSTMR0177,Male,45,Istanbul,Marmara,Premium,22-Feb-21,CSTMR0177,Middle Adults,MARMARA,MALE,ISTANBUL,2/22/2021
cstmr0178,Female,67,Istanbul,marmara,Premium,6/8/2020,CSTMR0178,Older Adults,MARMARA,FEMALE,ISTANBUL,6/8/2020
CSTMR0179,Male,18,ISTANBUL,Marmara,Standard,2022.07.09,CSTMR0179,Young Adults,MARMARA,MALE,ISTANBUL,7/9/2022
CSTMR0180,Female,27,Istanbul,Marmara,Standard,12/8/2022,CSTMR0180,Early Adults,MARMARA,FEMALE,ISTANBUL,12/8/2022
CSTMR0181,Male,38,Antalya,mediterranean,VIP,2022.08.30,CSTMR0181,Middle Adults,MEDITERRANEAN,MALE,ANTALYA,8/30/2022
cstmr0182,Male,30,Istanbul,Marmara,VIP,8/11/2020,CSTMR0182,Early Adults,MARMARA,MALE,ISTANBUL,8/11/2020
CSTMR0183,MALE,60,Kocaeli,Marmara,Premium,8/3/2020,CSTMR0183,Late Adults,MARMARA,MALE,KOCAELI,8/3/2020
cstmr0184,Male,47,Ankara,Central Anatolia,Premium,26-03-2022,CSTMR0184,Late Adults,CENTRAL ANATOLIA,MALE,ANKARA,3/26/2022
CSTMR0185,Female,50,Izmir,Aegean,Premium,25-Feb-21,CSTMR0185,Late Adults,AEGEAN,FEMALE,IZMIR,2/25/2021
CSTMR0186,FEMALE,52,Antalya,Mediterranean,Premium,1/30/2022,CSTMR0186,Late Adults,MEDITERRANEAN,FEMALE,ANTALYA,1/30/2022
cstmr0187,Male,33,Ankara,Central Anatolia,Premium,3/22/2020,CSTMR0187,Early Adults,CENTRAL ANATOLIA,MALE,ANKARA,3/22/2020
cstmr0188,Female,27,Kocaeli,Marmara,Standard,10/21/2020,CSTMR0188,Early Adults,MARMARA,FEMALE,KOCAELI,10/21/2020
cstmr0189,Male,45,Istanbul,Marmara,Standard,5/15/2022,CSTMR0189,Middle Adults,MARMARA,MALE,ISTANBUL,5/15/2022
cstmr0190,Male,18,Ankara,Central Anatolia,Standard,4/11/2021,CSTMR0190,Young Adults,CENTRAL ANATOLIA,MALE,ANKARA,4/11/2021
cstmr0191,Female,36,Izmir,Aegean,VIP,6/2/2020,CSTMR0191,Middle Adults,AEGEAN,FEMALE,IZMIR,6/2/2020
CSTMR0192,Female,41,IZMIR,Aegean,Premium,31/12/2021,CSTMR0192,Middle Adults,AEGEAN,FEMALE,IZMIR,12/31/2021
cstmr0193,FEMALE,35,Istanbul,Marmara,Premium,2023.02.17,CSTMR0193,Early Adults,MARMARA,FEMALE,ISTANBUL,2/17/2023
CSTMR0194,Female,60,Adana,mediterranean,Premium,11-Oct-20,CSTMR0194,Late Adults,MEDITERRANEAN,FEMALE,ADANA,10/11/2020
CSTMR0195,Female,18,Istanbul,Marmara,Standard,11/22/2022,CSTMR0195,Young Adults,MARMARA,FEMALE,ISTANBUL,11/22/2022
CSTMR0196,Female,54,Ankara,central anatolia,Standard,23-Jul-21,CSTMR0196,Late Adults,CENTRAL ANATOLIA,FEMALE,ANKARA,7/23/2021
CSTMR0197,Male,46,Istanbul,Marmara,Premium,8/2/2020,CSTMR0197,Late Adults,MARMARA,MALE,ISTANBUL,8/2/2020
cstmr0198,MALE,37,Istanbul,marmara,Standard,27-Feb-23,CSTMR0198,Middle Adults,MARMARA,MALE,ISTANBUL,2/27/2023
cstmr0199,Female,43,Ankara,Central Anatolia,Standard,24/03/2020,CSTMR0199,Middle Adults,CENTRAL ANATOLIA,FEMALE,ANKARA,3/24/2020
CSTMR0200,Male,40,Adana,mediterranean,Standard,7/23/2021,CSTMR0200,Middle Adults,MEDITERRANEAN,MALE,ADANA,7/23/2021
CSTMR0201,Male,22,Ankara,Central Anatolia,Standard,26-Jul-20,CSTMR0201,Young Adults,CENTRAL ANATOLIA,MALE,ANKARA,7/26/2020
CSTMR0202,Male,55,Istanbul,Marmara,Premium,6/3/2021,CSTMR0202,Late Adults,MARMARA,MALE,ISTANBUL,6/3/2021
CSTMR0203,Male,45,Istanbul,Marmara,VIP,11/23/2021,CSTMR0203,Middle Adults,MARMARA,MALE,ISTANBUL,11/23/2021
CSTMR0204,Male,53,Istanbul,Marmara,Standard,10-Jun-21,CSTMR0204,Late Adults,MARMARA,MALE,ISTANBUL,6/10/2021
CSTMR0205,Female,42,Bursa,Marmara,Premium,10/13/2022,CSTMR0205,Middle Adults,MARMARA,FEMALE,BURSA,10/13/2022
CSTMR0206,MALE,28,Istanbul,Marmara,Standard,1/20/2021,CSTMR0206,Early Adults,MARMARA,MALE,ISTANBUL,1/20/2021
CSTMR0207,Female,34,Istanbul,Marmara,Premium,3-Dec-20,CSTMR0207,Early Adults,MARMARA,FEMALE,ISTANBUL,12/3/2020
cstmr0208,Male,37,Istanbul,Marmara,Premium,29-Dec-21,CSTMR0208,Middle Adults,MARMARA,MALE,ISTANBUL,12/29/2021
CSTMR0209,Female,37,Istanbul,Marmara,Standard,2021.02.04,CSTMR0209,Middle Adults,MARMARA,FEMALE,ISTANBUL,2/4/2021
CSTMR0210,Female,31,Istanbul,Marmara,Standard,1/14/2023,CSTMR0210,Early Adults,MARMARA,FEMALE,ISTANBUL,1/14/2023
cstmr0211,Female,38,Eskisehir,Central Anatolia,Standard,11-Aug-21,CSTMR0211,Middle Adults,CENTRAL ANATOLIA,FEMALE,ESKISEHIR,8/11/2021
cstmr0212,Female,28,Istanbul,Marmara,Premium,5/20/2022,CSTMR0212,Early Adults,MARMARA,FEMALE,ISTANBUL,5/20/2022
CSTMR0213,Female,42,Istanbul,Marmara,VIP,26-Sep-21,CSTMR0213,Middle Adults,MARMARA,FEMALE,ISTANBUL,9/26/2021
CSTMR0214,MALE,39,Istanbul,Marmara,Premium,6/7/2021,CSTMR0214,Middle Adults,MARMARA,MALE,ISTANBUL,6/7/2021
cstmr0215,Male,48,Istanbul,Marmara,Premium,9/7/2020,CSTMR0215,Late Adults,MARMARA,MALE,ISTANBUL,9/7/2020
CSTMR0216,Female,45,Izmir,Aegean,Premium,22-Jan-20,CSTMR0216,Middle Adults,AEGEAN,FEMALE,IZMIR,1/22/2020
cstmr0217,Male,58,Istanbul,Marmara,Premium,10/10/2022,CSTMR0217,Late Adults,MARMARA,MALE,ISTANBUL,10/10/2022
CSTMR0218,Female,40,Kocaeli,Marmara,Standard,5/1/2020,CSTMR0218,Middle Adults,MARMARA,FEMALE,KOCAELI,5/1/2020
CSTMR0219,Male,44,Bursa,Marmara,Standard,14-Oct-20,CSTMR0219,Middle Adults,MARMARA,MALE,BURSA,10/14/2020
CSTMR0220,Female,42,Aydin,Aegean,Standard,23-Oct-21,CSTMR0220,Middle Adults,AEGEAN,FEMALE,AYDIN,10/23/2021
CSTMR0221,Female,27,Bursa,Marmara,Standard,20/03/2021,CSTMR0221,Early Adults,MARMARA,FEMALE,BURSA,3/20/2021
cstmr0222,Other,37,Istanbul,Marmara,Standard,5/11/2022,CSTMR0222,Middle Adults,MARMARA,OTHER,ISTANBUL,5/11/2022
CSTMR0223,Male,42,Aydin,Aegean,Standard,6/15/2021,CSTMR0223,Middle Adults,AEGEAN,MALE,AYDIN,6/15/2021
CSTMR0224,FEMALE,50,Kocaeli,Marmara,Standard,23/02/2021,CSTMR0224,Late Adults,MARMARA,FEMALE,KOCAELI,2/23/2021
cstmr0225,Female,56,ANKARA,Central Anatolia,Standard,21/10/2020,CSTMR0225,Late Adults,CENTRAL ANATOLIA,FEMALE,ANKARA,10/21/2020
CSTMR0226,Male,57,Eskisehir,Central Anatolia,Premium,6/13/2021,CSTMR0226,Late Adults,CENTRAL ANATOLIA,MALE,ESKISEHIR,6/13/2021
CSTMR0227,Female,42,Eskisehir,Central Anatolia,Standard,7/28/2022,CSTMR0227,Middle Adults,CENTRAL ANATOLIA,FEMALE,ESKISEHIR,7/28/2022
CSTMR0228,Female,29,Bursa,Marmara,Standard,10/1/2022,CSTMR0228,Early Adults,MARMARA,FEMALE,BURSA,10/1/2022
cstmr0229,Male,57,Izmir,Aegean,Standard,2023.01.12,CSTMR0229,Late Adults,AEGEAN,MALE,IZMIR,1/12/2023
CSTMR0230,Female,18,Bursa,Marmara,Premium,28-01-2020,CSTMR0230,Young Adults,MARMARA,FEMALE,BURSA,1/28/2020
cstmr0231,FEMALE,51,Istanbul,Marmara,Standard,10/27/2020,CSTMR0231,Late Adults,MARMARA,FEMALE,ISTANBUL,10/27/2020
CSTMR0232,FEMALE,29,Eskisehir,Central Anatolia,Standard,21-09-2021,CSTMR0232,Early Adults,CENTRAL ANATOLIA,FEMALE,ESKISEHIR,9/21/2021
cstmr0233,Male,49,Bursa,Marmara,Standard,8/29/2022,CSTMR0233,Late Adults,MARMARA,MALE,BURSA,8/29/2022
CSTMR0234,Male,32,Istanbul,Marmara,Standard,18-Feb-23,CSTMR0234,Early Adults,MARMARA,MALE,ISTANBUL,2/18/2023
CSTMR0235,Male,55,Aydin,Aegean,Standard,2020.06.04,CSTMR0235,Late Adults,AEGEAN,MALE,AYDIN,6/4/2020
cstmr0236,Female,40,Kocaeli,Marmara,Standard,29-Nov-20,CSTMR0236,Middle Adults,MARMARA,FEMALE,KOCAELI,11/29/2020
CSTMR0237,FEMALE,36,ANTALYA,Mediterranean,Standard,4/16/2022,CSTMR0237,Middle Adults,MEDITERRANEAN,FEMALE,ANTALYA,4/16/2022
cstmr0238,Other,25,Izmir,Aegean,VIP,2020.10.02,CSTMR0238,Young Adults,AEGEAN,OTHER,IZMIR,10/2/2020
CSTMR0239,Male,48,Bursa,marmara,Standard,5/9/2021,CSTMR0239,Late Adults,MARMARA,MALE,BURSA,5/9/2021
cstmr0240,Female,42,Kocaeli,Marmara,Standard,30-05-2020,CSTMR0240,Middle Adults,MARMARA,FEMALE,KOCAELI,5/30/2020
CSTMR0241,Male,26,Izmir,Aegean,Standard,2020.05.08,CSTMR0241,Early Adults,AEGEAN,MALE,IZMIR,5/8/2020
CSTMR0242,Female,45,Istanbul,Marmara,Premium,26-Mar-20,CSTMR0242,Middle Adults,MARMARA,FEMALE,ISTANBUL,3/26/2020
cstmr0243,Male,37,Istanbul,Marmara,Premium,3/14/2023,CSTMR0243,Middle Adults,MARMARA,MALE,ISTANBUL,3/14/2023
CSTMR0244,Male,40,Ankara,Central Anatolia,Premium,13-Sep-22,CSTMR0244,Middle Adults,CENTRAL ANATOLIA,MALE,ANKARA,9/13/2022
CSTMR0245,Male,25,Izmir,Aegean,Standard,2022.12.12,CSTMR0245,Young Adults,AEGEAN,MALE,IZMIR,12/12/2022
cstmr0246,Male,46,Istanbul,Marmara,Standard,10/6/2022,CSTMR0246,Late Adults,MARMARA,MALE,ISTANBUL,10/6/2022
CSTMR0247,Male,33,Istanbul,marmara,Standard,28-Aug-22,CSTMR0247,Early Adults,MARMARA,MALE,ISTANBUL,8/28/2022
cstmr0248,Male,40,ISTANBUL,marmara,Premium,19-Jan-20,CSTMR0248,Middle Adults,MARMARA,MALE,ISTANBUL,1/19/2020
cstmr0249,Male,34,Ankara,Central Anatolia,Standard,1-Apr-22,CSTMR0249,Early Adults,CENTRAL ANATOLIA,MALE,ANKARA,4/1/2022
CSTMR0250,Male,54,Izmir,Aegean,Standard,12/11/2021,CSTMR0250,Late Adults,AEGEAN,MALE,IZMIR,12/11/2021
CSTMR0251,Female,64,Kocaeli,Marmara,Standard,17-Oct-20,CSTMR0251,Older Adults,MARMARA,FEMALE,KOCAELI,10/17/2020
CSTMR0252,MALE,51,Izmir,Aegean,Standard,31-Aug-22,CSTMR0252,Late Adults,AEGEAN,MALE,IZMIR,8/31/2022
CSTMR0253,Male,49,Kocaeli,Marmara,Premium,29/03/2021,CSTMR0253,Late Adults,MARMARA,MALE,KOCAELI,3/29/2021
CSTMR0254,Female,34,Istanbul,Marmara,Standard,3/2/2023,CSTMR0254,Early Adults,MARMARA,FEMALE,ISTANBUL,3/2/2023
cstmr0255,Male,65,Ankara,Central Anatolia,Standard,5/12/2021,CSTMR0255,Older Adults,CENTRAL ANATOLIA,MALE,ANKARA,5/12/2021
CSTMR0256,Female,46,Ankara,central anatolia,Premium,10-Sep-21,CSTMR0256,Late Adults,CENTRAL ANATOLIA,FEMALE,ANKARA,9/10/2021
CSTMR0257,Male,34,Antalya,Mediterranean,Standard,2020.11.19,CSTMR0257,Early Adults,MEDITERRANEAN,MALE,ANTALYA,11/19/2020
CSTMR0258,Female,42,Istanbul,Marmara,Standard,8/21/2022,CSTMR0258,Middle Adults,MARMARA,FEMALE,ISTANBUL,8/21/2022
CSTMR0259,Female,49,Kocaeli,Marmara,Premium,13-Mar-23,CSTMR0259,Late Adults,MARMARA,FEMALE,KOCAELI,3/13/2023
CSTMR0260,Female,30,Bursa,Marmara,Standard,8/11/2021,CSTMR0260,Early Adults,MARMARA,FEMALE,BURSA,8/11/2021
cstmr0261,Female,44,Istanbul,Marmara,Standard,27-Jun-22,CSTMR0261,Middle Adults,MARMARA,FEMALE,ISTANBUL,6/27/2022
cstmr0262,Female,26,Ankara,Central Anatolia,VIP,20/03/2021,CSTMR0262,Early Adults,CENTRAL ANATOLIA,FEMALE,ANKARA,3/20/2021
cstmr0263,Male,54,Izmir,Aegean,Premium,2021.07.12,CSTMR0263,Late Adults,AEGEAN,MALE,IZMIR,7/12/2021
CSTMR0264,Male,37,Ankara,Central Anatolia,Premium,26-Dec-21,CSTMR0264,Middle Adults,CENTRAL ANATOLIA,MALE,ANKARA,12/26/2021
cstmr0265,Male,25,Bursa,marmara,Standard,11/12/2021,CSTMR0265,Young Adults,MARMARA,MALE,BURSA,11/12/2021
CSTMR0266,Male,43,Istanbul,Marmara,Premium,2/19/2020,CSTMR0266,Middle Adults,MARMARA,MALE,ISTANBUL,2/19/2020
cstmr0267,Female,50,Ankara,central anatolia,Standard,19-Sep-22,CSTMR0267,Late Adults,CENTRAL ANATOLIA,FEMALE,ANKARA,9/19/2022
CSTMR0268,Male,44,Istanbul,Marmara,Standard,2023.02.05,CSTMR0268,Middle Adults,MARMARA,MALE,ISTANBUL,2/5/2023
CSTMR0269,Female,52,Kocaeli,Marmara,Premium,2021.10.11,CSTMR0269,Late Adults,MARMARA,FEMALE,KOCAELI,10/11/2021
CSTMR0270,Other,57,Istanbul,Marmara,Standard,7/9/2022,CSTMR0270,Late Adults,MARMARA,OTHER,ISTANBUL,7/9/2022
cstmr0271,Male,28,Bursa,Marmara,Standard,5-Apr-23,CSTMR0271,Early Adults,MARMARA,MALE,BURSA,4/5/2023
CSTMR0272,Female,57,Istanbul,Marmara,Premium,28/10/2020,CSTMR0272,Late Adults,MARMARA,FEMALE,ISTANBUL,10/28/2020
cstmr0273,MALE,18,Istanbul,Marmara,Standard,1/13/2022,CSTMR0273,Young Adults,MARMARA,MALE,ISTANBUL,1/13/2022
CSTMR0274,Female,44,BURSA,Marmara,Standard,29-Dec-22,CSTMR0274,Middle Adults,MARMARA,FEMALE,BURSA,12/29/2022
CSTMR0275,Male,28,Ankara,Central Anatolia,Premium,6/8/2020,CSTMR0275,Early Adults,CENTRAL ANATOLIA,MALE,ANKARA,6/8/2020
CSTMR0276,Female,38,Izmir,Aegean,Standard,10/10/2022,CSTMR0276,Middle Adults,AEGEAN,FEMALE,IZMIR,10/10/2022
cstmr0277,Female,20,Trabzon,Black Sea,Standard,25-Apr-20,CSTMR0277,Young Adults,BLACK SEA,FEMALE,TRABZON,4/25/2020
CSTMR0278,Male,22,Antalya,Mediterranean,Standard,13-Oct-20,CSTMR0278,Young Adults,MEDITERRANEAN,MALE,ANTALYA,10/13/2020
cstmr0279,Female,19,Ankara,Central Anatolia,Premium,2022.11.01,CSTMR0279,Young Adults,CENTRAL ANATOLIA,FEMALE,ANKARA,11/1/2022
cstmr0280,FEMALE,18,Ankara,Central Anatolia,VIP,8/24/2020,CSTMR0280,Young Adults,CENTRAL ANATOLIA,FEMALE,ANKARA,8/24/2020
CSTMR0281,Male,28,Izmir,Aegean,Standard,1/12/2023,CSTMR0281,Early Adults,AEGEAN,MALE,IZMIR,1/12/2023
CSTMR0282,Male,47,Ankara,Central Anatolia,Standard,30-Mar-23,CSTMR0282,Late Adults,CENTRAL ANATOLIA,MALE,ANKARA,3/30/2023
cstmr0283,Female,34,Istanbul,Marmara,VIP,26-Dec-20,CSTMR0283,Early Adults,MARMARA,FEMALE,ISTANBUL,12/26/2020
CSTMR0284,Female,33,Izmir,Aegean,Standard,14/04/2022,CSTMR0284,Early Adults,AEGEAN,FEMALE,IZMIR,4/14/2022
CSTMR0285,Other,42,Eskisehir,Central Anatolia,Premium,5/22/2020,CSTMR0285,Middle Adults,CENTRAL ANATOLIA,OTHER,ESKISEHIR,5/22/2020
CSTMR0286,Female,67,Istanbul,Marmara,Premium,14/07/2021,CSTMR0286,Older Adults,MARMARA,FEMALE,ISTANBUL,7/14/2021
cstmr0287,FEMALE,49,Ankara,Central Anatolia,Standard,5/13/2020,CSTMR0287,Late Adults,CENTRAL ANATOLIA,FEMALE,ANKARA,5/13/2020
CSTMR0288,Female,34,Ankara,Central Anatolia,Standard,2/2/2021,CSTMR0288,Early Adults,CENTRAL ANATOLIA,FEMALE,ANKARA,2/2/2021
cstmr0289,MALE,25,Adana,Mediterranean,Standard,22/09/2020,CSTMR0289,Young Adults,MEDITERRANEAN,MALE,ADANA,9/22/2020
CSTMR0290,Male,53,Ankara,Central Anatolia,Standard,6/12/2020,CSTMR0290,Late Adults,CENTRAL ANATOLIA,MALE,ANKARA,6/12/2020
cstmr0291,Female,41,Ankara,Central Anatolia,Standard,14-02-2023,CSTMR0291,Middle Adults,CENTRAL ANATOLIA,FEMALE,ANKARA,2/14/2023
CSTMR0292,Other,36,Kocaeli,Marmara,Standard,7-Jan-23,CSTMR0292,Middle Adults,MARMARA,OTHER,KOCAELI,1/7/2023
cstmr0293,Male,37,Istanbul,Marmara,Standard,25-Apr-22,CSTMR0293,Middle Adults,MARMARA,MALE,ISTANBUL,4/25/2022
cstmr0294,Female,43,Ankara,Central Anatolia,Premium,2-Nov-21,CSTMR0294,Middle Adults,CENTRAL ANATOLIA,FEMALE,ANKARA,11/2/2021
CSTMR0295,Female,26,Istanbul,Marmara,Standard,2/16/2022,CSTMR0295,Early Adults,MARMARA,FEMALE,ISTANBUL,2/16/2022
cstmr0296,FEMALE,43,Ankara,Central Anatolia,Standard,15/12/2022,CSTMR0296,Middle Adults,CENTRAL ANATOLIA,FEMALE,ANKARA,12/15/2022
CSTMR0297,Female,29,Istanbul,Marmara,Standard,2/3/2021,CSTMR0297,Early Adults,MARMARA,FEMALE,ISTANBUL,2/3/2021
cstmr0298,Female,48,Trabzon,Black Sea,Standard,23-Feb-22,CSTMR0298,Late Adults,BLACK SEA,FEMALE,TRABZON,2/23/2022
CSTMR0299,Male,43,Ankara,Central Anatolia,Standard,22-Dec-22,CSTMR0299,Middle Adults,CENTRAL ANATOLIA,MALE,ANKARA,12/22/2022
cstmr0300,Female,25,Izmir,Aegean,Standard,4/27/2021,CSTMR0300,Young Adults,AEGEAN,FEMALE,IZMIR,4/27/2021
CSTMR0301,Female,44,ANKARA,Central Anatolia,Standard,5/24/2021,CSTMR0301,Middle Adults,CENTRAL ANATOLIA,FEMALE,ANKARA,5/24/2021
CSTMR0302,Female,47,Bursa,Marmara,Premium,11/1/2022,CSTMR0302,Late Adults,MARMARA,FEMALE,BURSA,11/1/2022
CSTMR0303,Male,39,Istanbul,Marmara,Premium,31-Jul-20,CSTMR0303,Middle Adults,MARMARA,MALE,ISTANBUL,7/31/2020
cstmr0304,Female,24,Istanbul,Marmara,Standard,21-Jun-20,CSTMR0304,Young Adults,MARMARA,FEMALE,ISTANBUL,6/21/2020
CSTMR0305,Female,47,Kocaeli,Marmara,Standard,1-Jul-20,CSTMR0305,Late Adults,MARMARA,FEMALE,KOCAELI,7/1/2020
CSTMR0306,Male,22,Ankara,Central Anatolia,Standard,2021.09.15,CSTMR0306,Young Adults,CENTRAL ANATOLIA,MALE,ANKARA,9/15/2021
CSTMR0307,Male,21,Bursa,Marmara,Standard,21-01-2020,CSTMR0307,Young Adults,MARMARA,MALE,BURSA,1/21/2020
CSTMR0308,Female,18,Istanbul,Marmara,Premium,2/17/2023,CSTMR0308,Young Adults,MARMARA,FEMALE,ISTANBUL,2/17/2023
CSTMR0309,Female,18,Ankara,Central Anatolia,Premium,8/19/2020,CSTMR0309,Young Adults,CENTRAL ANATOLIA,FEMALE,ANKARA,8/19/2020
cstmr0310,Male,33,Izmir,Aegean,Premium,26/12/2021,CSTMR0310,Early Adults,AEGEAN,MALE,IZMIR,12/26/2021
CSTMR0311,Male,38,Istanbul,Marmara,Premium,7/28/2022,CSTMR0311,Middle Adults,MARMARA,MALE,ISTANBUL,7/28/2022
cstmr0312,Male,28,Istanbul,Marmara,Standard,27-Mar-20,CSTMR0312,Early Adults,MARMARA,MALE,ISTANBUL,3/27/2020
cstmr0313,Male,21,Istanbul,marmara,Premium,2/2/2021,CSTMR0313,Young Adults,MARMARA,MALE,ISTANBUL,2/2/2021
CSTMR0314,Female,26,Bursa,Marmara,Premium,2021.03.17,CSTMR0314,Early Adults,MARMARA,FEMALE,BURSA,3/17/2021
cstmr0315,Male,28,Istanbul,Marmara,Premium,2022.09.18,CSTMR0315,Early Adults,MARMARA,MALE,ISTANBUL,9/18/2022
CSTMR0316,Male,48,Ankara,Central Anatolia,Standard,12/25/2020,CSTMR0316,Late Adults,CENTRAL ANATOLIA,MALE,ANKARA,12/25/2020
CSTMR0317,Male,34,Izmir,Aegean,Standard,17-06-2020,CSTMR0317,Early Adults,AEGEAN,MALE,IZMIR,6/17/2020
CSTMR0318,Female,34,Eskisehir,Central Anatolia,Standard,2020.05.28,CSTMR0318,Early Adults,CENTRAL ANATOLIA,FEMALE,ESKISEHIR,5/28/2020
CSTMR0319,Female,37,Antalya,Mediterranean,Standard,6/10/2022,CSTMR0319,Middle Adults,MEDITERRANEAN,FEMALE,ANTALYA,6/10/2022
CSTMR0320,Female,25,Istanbul,Marmara,Standard,1/7/2020,CSTMR0320,Young Adults,MARMARA,FEMALE,ISTANBUL,1/7/2020
CSTMR0321,Male,18,Istanbul,Marmara,Premium,2/17/2021,CSTMR0321,Young Adults,MARMARA,MALE,ISTANBUL,2/17/2021
cstmr0322,Male,49,Kocaeli,Marmara,Standard,22/04/2020,CSTMR0322,Late Adults,MARMARA,MALE,KOCAELI,4/22/2020
cstmr0323,FEMALE,41,Ankara,Central Anatolia,Premium,7/31/2022,CSTMR0323,Middle Adults,CENTRAL ANATOLIA,FEMALE,ANKARA,7/31/2022
CSTMR0324,Male,41,Bursa,Marmara,Premium,10/28/2020,CSTMR0324,Middle Adults,MARMARA,MALE,BURSA,10/28/2020
CSTMR0325,Female,25,Kocaeli,Marmara,Standard,22/08/2020,CSTMR0325,Young Adults,MARMARA,FEMALE,KOCAELI,8/22/2020
CSTMR0326,Female,44,Aydin,Aegean,Premium,2/8/2022,CSTMR0326,Middle Adults,AEGEAN,FEMALE,AYDIN,2/8/2022
CSTMR0327,Female,31,Kocaeli,Marmara,Standard,3/28/2020,CSTMR0327,Early Adults,MARMARA,FEMALE,KOCAELI,3/28/2020
cstmr0328,Male,45,Ankara,Central Anatolia,Standard,26-Nov-21,CSTMR0328,Middle Adults,CENTRAL ANATOLIA,MALE,ANKARA,11/26/2021
CSTMR0329,Female,50,BURSA,Marmara,Standard,15-May-20,CSTMR0329,Late Adults,MARMARA,FEMALE,BURSA,5/15/2020
CSTMR0330,Other,40,Istanbul,Marmara,Standard,5/29/2021,CSTMR0330,Middle Adults,MARMARA,OTHER,ISTANBUL,5/29/2021
CSTMR0331,MALE,53,Istanbul,Marmara,Premium,2022.10.30,CSTMR0331,Late Adults,MARMARA,MALE,ISTANBUL,10/30/2022
CSTMR0332,Female,32,Izmir,Aegean,Premium,2022.12.25,CSTMR0332,Early Adults,AEGEAN,FEMALE,IZMIR,12/25/2022
CSTMR0333,Male,36,Ankara,Central Anatolia,Standard,19/07/2021,CSTMR0333,Middle Adults,CENTRAL ANATOLIA,MALE,ANKARA,7/19/2021
CSTMR0334,Female,38,Ankara,Central Anatolia,Standard,9/11/2022,CSTMR0334,Middle Adults,CENTRAL ANATOLIA,FEMALE,ANKARA,9/11/2022
CSTMR0335,Female,46,Trabzon,Black Sea,Premium,11-May-20,CSTMR0335,Late Adults,BLACK SEA,FEMALE,TRABZON,5/11/2020
CSTMR0336,Male,33,Ankara,Central Anatolia,Standard,10/10/2022,CSTMR0336,Early Adults,CENTRAL ANATOLIA,MALE,ANKARA,10/10/2022
CSTMR0337,Female,58,Istanbul,Marmara,Standard,2/7/2020,CSTMR0337,Late Adults,MARMARA,FEMALE,ISTANBUL,2/7/2020
cstmr0338,Male,28,Bursa,Marmara,Standard,29-09-2020,CSTMR0338,Early Adults,MARMARA,MALE,BURSA,9/29/2020
CSTMR0339,MALE,31,Izmir,Aegean,Standard,14/12/2022,CSTMR0339,Early Adults,AEGEAN,MALE,IZMIR,12/14/2022
CSTMR0340,Male,40,Kocaeli,Marmara,Standard,16-08-2021,CSTMR0340,Middle Adults,MARMARA,MALE,KOCAELI,8/16/2021
CSTMR0341,Female,51,Istanbul,Marmara,Premium,10/25/2021,CSTMR0341,Late Adults,MARMARA,FEMALE,ISTANBUL,10/25/2021
cstmr0342,Male,20,Aydin,Aegean,Standard,7/15/2022,CSTMR0342,Young Adults,AEGEAN,MALE,AYDIN,7/15/2022
CSTMR0343,Female,27,Aydin,Aegean,Standard,25-Apr-21,CSTMR0343,Early Adults,AEGEAN,FEMALE,AYDIN,4/25/2021
CSTMR0344,Male,34,Izmir,Aegean,Premium,1-Feb-22,CSTMR0344,Early Adults,AEGEAN,MALE,IZMIR,2/1/2022
CSTMR0345,Male,27,Izmir,Aegean,Standard,10/21/2021,CSTMR0345,Early Adults,AEGEAN,MALE,IZMIR,10/21/2021
cstmr0346,Male,31,Bursa,Marmara,Premium,18/03/2020,CSTMR0346,Early Adults,MARMARA,MALE,BURSA,3/18/2020
CSTMR0347,Male,42,Istanbul,Marmara,Premium,9/10/2020,CSTMR0347,Middle Adults,MARMARA,MALE,ISTANBUL,9/10/2020
CSTMR0348,Male,38,Antalya,Mediterranean,Standard,7/16/2021,CSTMR0348,Middle Adults,MEDITERRANEAN,MALE,ANTALYA,7/16/2021
CSTMR0349,Female,50,Ankara,Central Anatolia,VIP,2020.02.18,CSTMR0349,Late Adults,CENTRAL ANATOLIA,FEMALE,ANKARA,2/18/2020
cstmr0350,Male,35,Aydin,Aegean,Standard,29-Sep-21,CSTMR0350,Early Adults,AEGEAN,MALE,AYDIN,9/29/2021
cstmr0351,Male,57,Ankara,Central Anatolia,Standard,11/16/2021,CSTMR0351,Late Adults,CENTRAL ANATOLIA,MALE,ANKARA,11/16/2021
cstmr0352,Male,32,Ankara,central anatolia,Standard,11-Sep-22,CSTMR0352,Early Adults,CENTRAL ANATOLIA,MALE,ANKARA,9/11/2022
cstmr0353,Female,36,Istanbul,Marmara,Premium,11-Jun-20,CSTMR0353,Middle Adults,MARMARA,FEMALE,ISTANBUL,6/11/2020
cstmr0354,Female,35,Adana,Mediterranean,Standard,7/23/2020,CSTMR0354,Early Adults,MEDITERRANEAN,FEMALE,ADANA,7/23/2020
CSTMR0355,Female,50,Istanbul,Marmara,Standard,20/11/2021,CSTMR0355,Late Adults,MARMARA,FEMALE,ISTANBUL,11/20/2021
CSTMR0356,Male,62,Eskisehir,Central Anatolia,VIP,2-Nov-21,CSTMR0356,Older Adults,CENTRAL ANATOLIA,MALE,ESKISEHIR,11/2/2021
CSTMR0357,Male,46,Istanbul,Marmara,Premium,5/6/2021,CSTMR0357,Late Adults,MARMARA,MALE,ISTANBUL,5/6/2021
CSTMR0358,Female,39,Kocaeli,Marmara,Premium,1/21/2020,CSTMR0358,Middle Adults,MARMARA,FEMALE,KOCAELI,1/21/2020
cstmr0359,Male,41,BURSA,Marmara,Standard,5/2/2022,CSTMR0359,Middle Adults,MARMARA,MALE,BURSA,5/2/2022
CSTMR0360,Female,21,Istanbul,marmara,Standard,20-Sep-21,CSTMR0360,Young Adults,MARMARA,FEMALE,ISTANBUL,9/20/2021
CSTMR0361,Male,40,Kocaeli,Marmara,Premium,26/07/2021,CSTMR0361,Middle Adults,MARMARA,MALE,KOCAELI,7/26/2021
cstmr0362,Male,51,Istanbul,Marmara,Standard,25/06/2020,CSTMR0362,Late Adults,MARMARA,MALE,ISTANBUL,6/25/2020
CSTMR0363,Male,25,Istanbul,Marmara,Premium,22/01/2020,CSTMR0363,Young Adults,MARMARA,MALE,ISTANBUL,1/22/2020
CSTMR0364,Male,18,Bursa,Marmara,Standard,10-Mar-21,CSTMR0364,Young Adults,MARMARA,MALE,BURSA,3/10/2021
CSTMR0365,Female,38,Ankara,Central Anatolia,Premium,9/2/2021,CSTMR0365,Middle Adults,CENTRAL ANATOLIA,FEMALE,ANKARA,9/2/2021
CSTMR0366,Male,29,Istanbul,Marmara,Standard,1/25/2021,CSTMR0366,Early Adults,MARMARA,MALE,ISTANBUL,1/25/2021
cstmr0367,Male,47,Istanbul,Marmara,Premium,13/01/2022,CSTMR0367,Late Adults,MARMARA,MALE,ISTANBUL,1/13/2022
cstmr0368,Male,47,Ankara,Central Anatolia,Premium,2022.09.27,CSTMR0368,Late Adults,CENTRAL ANATOLIA,MALE,ANKARA,9/27/2022
cstmr0369,Male,59,Istanbul,Marmara,Standard,3/12/2022,CSTMR0369,Late Adults,MARMARA,MALE,ISTANBUL,3/12/2022
CSTMR0370,Female,62,Istanbul,Marmara,Standard,23/08/2021,CSTMR0370,Older Adults,MARMARA,FEMALE,ISTANBUL,8/23/2021
CSTMR0371,FEMALE,21,Istanbul,Marmara,Premium,8-Jan-20,CSTMR0371,Young Adults,MARMARA,FEMALE,ISTANBUL,1/8/2020
CSTMR0372,Male,34,Izmir,Aegean,Standard,31-12-2022,CSTMR0372,Early Adults,AEGEAN,MALE,IZMIR,12/31/2022
CSTMR0373,Male,38,Istanbul,Marmara,Standard,12-Apr-21,CSTMR0373,Middle Adults,MARMARA,MALE,ISTANBUL,4/12/2021
CSTMR0374,Male,48,Izmir,Aegean,Standard,2022.05.26,CSTMR0374,Late Adults,AEGEAN,MALE,IZMIR,5/26/2022
CSTMR0375,Female,31,Eskisehir,Central Anatolia,Standard,11/18/2021,CSTMR0375,Early Adults,CENTRAL ANATOLIA,FEMALE,ESKISEHIR,11/18/2021
CSTMR0376,Female,31,Izmir,Aegean,Premium,2021.06.27,CSTMR0376,Early Adults,AEGEAN,FEMALE,IZMIR,6/27/2021
cstmr0377,FEMALE,25,Aydin,Aegean,Premium,31-03-2023,CSTMR0377,Young Adults,AEGEAN,FEMALE,AYDIN,3/31/2023
cstmr0378,Female,37,Bursa,Marmara,Premium,2020.09.03,CSTMR0378,Middle Adults,MARMARA,FEMALE,BURSA,9/3/2020
cstmr0379,Female,31,Bursa,Marmara,Premium,14/08/2020,CSTMR0379,Early Adults,MARMARA,FEMALE,BURSA,8/14/2020
CSTMR0380,Male,44,Ankara,Central Anatolia,Standard,2021.10.07,CSTMR0380,Middle Adults,CENTRAL ANATOLIA,MALE,ANKARA,10/7/2021
CSTMR0381,Female,53,Bursa,Marmara,Premium,12/25/2021,CSTMR0381,Late Adults,MARMARA,FEMALE,BURSA,12/25/2021
CSTMR0382,Female,36,ANKARA,Central Anatolia,Standard,12/9/2022,CSTMR0382,Middle Adults,CENTRAL ANATOLIA,FEMALE,ANKARA,12/9/2022
CSTMR0383,Female,40,Bursa,Marmara,Standard,29/06/2021,CSTMR0383,Middle Adults,MARMARA,FEMALE,BURSA,6/29/2021
CSTMR0384,Female,32,Ankara,Central Anatolia,Standard,10/8/2022,CSTMR0384,Early Adults,CENTRAL ANATOLIA,FEMALE,ANKARA,10/8/2022
cstmr0385,Female,47,ANKARA,Central Anatolia,Premium,19-Jul-22,CSTMR0385,Late Adults,CENTRAL ANATOLIA,FEMALE,ANKARA,7/19/2022
CSTMR0386,Male,45,ISTANBUL,Marmara,Standard,4/27/2021,CSTMR0386,Middle Adults,MARMARA,MALE,ISTANBUL,4/27/2021
CSTMR0387,Female,41,Istanbul,Marmara,Standard,8/25/2022,CSTMR0387,Middle Adults,MARMARA,FEMALE,ISTANBUL,8/25/2022
CSTMR0388,Male,34,Istanbul,marmara,Standard,3/17/2021,CSTMR0388,Early Adults,MARMARA,MALE,ISTANBUL,3/17/2021
CSTMR0389,Female,50,Antalya,Mediterranean,Premium,4/4/2021,CSTMR0389,Late Adults,MEDITERRANEAN,FEMALE,ANTALYA,4/4/2021
CSTMR0390,Male,22,Istanbul,Marmara,Premium,2020.07.28,CSTMR0390,Young Adults,MARMARA,MALE,ISTANBUL,7/28/2020
CSTMR0391,Male,19,Istanbul,Marmara,Standard,15-05-2021,CSTMR0391,Young Adults,MARMARA,MALE,ISTANBUL,5/15/2021
CSTMR0392,Female,20,Adana,Mediterranean,Standard,18-Aug-21,CSTMR0392,Young Adults,MEDITERRANEAN,FEMALE,ADANA,8/18/2021
cstmr0393,Male,42,Adana,Mediterranean,Premium,6/17/2022,CSTMR0393,Middle Adults,MEDITERRANEAN,MALE,ADANA,6/17/2022
CSTMR0394,Male,29,Istanbul,Marmara,Premium,12/22/2022,CSTMR0394,Early Adults,MARMARA,MALE,ISTANBUL,12/22/2022
CSTMR0395,Male,64,Bursa,Marmara,Standard,2023.02.17,CSTMR0395,Older Adults,MARMARA,MALE,BURSA,2/17/2023
cstmr0396,Female,44,Istanbul,Marmara,Standard,2020.10.12,CSTMR0396,Middle Adults,MARMARA,FEMALE,ISTANBUL,10/12/2020
cstmr0397,Female,47,Istanbul,Marmara,Premium,9/27/2022,CSTMR0397,Late Adults,MARMARA,FEMALE,ISTANBUL,9/27/2022
CSTMR0398,Male,31,Istanbul,Marmara,Premium,8/3/2020,CSTMR0398,Early Adults,MARMARA,MALE,ISTANBUL,8/3/2020
CSTMR0399,Male,23,Adana,Mediterranean,Premium,25-Nov-21,CSTMR0399,Young Adults,MEDITERRANEAN,MALE,ADANA,11/25/2021
CSTMR0400,Male,22,Istanbul,Marmara,VIP,2020.09.24,CSTMR0400,Young Adults,MARMARA,MALE,ISTANBUL,9/24/2020
CSTMR0401,Female,38,Istanbul,Marmara,VIP,10/9/2022,CSTMR0401,Middle Adults,MARMARA,FEMALE,ISTANBUL,10/9/2022
CSTMR0402,Female,51,Izmir,Aegean,VIP,9/3/2022,CSTMR0402,Late Adults,AEGEAN,FEMALE,IZMIR,9/3/2022
cstmr0403,Female,24,Istanbul,Marmara,Premium,3/30/2022,CSTMR0403,Young Adults,MARMARA,FEMALE,ISTANBUL,3/30/2022
cstmr0404,Male,36,Izmir,Aegean,Standard,19/05/2021,CSTMR0404,Middle Adults,AEGEAN,MALE,IZMIR,5/19/2021
cstmr0405,Male,26,Bursa,Marmara,VIP,8/1/2021,CSTMR0405,Early Adults,MARMARA,MALE,BURSA,8/1/2021
cstmr0406,Other,38,Izmir,Aegean,Standard,8-Aug-22,CSTMR0406,Middle Adults,AEGEAN,OTHER,IZMIR,8/8/2022
CSTMR0407,Female,48,Istanbul,Marmara,Standard,7/26/2021,CSTMR0407,Late Adults,MARMARA,FEMALE,ISTANBUL,7/26/2021
CSTMR0408,Other,35,Istanbul,Marmara,Standard,12/27/2020,CSTMR0408,Early Adults,MARMARA,OTHER,ISTANBUL,12/27/2020
CSTMR0409,Female,21,Izmir,Aegean,Standard,18-01-2022,CSTMR0409,Young Adults,AEGEAN,FEMALE,IZMIR,1/18/2022
CSTMR0410,Female,37,Kocaeli,Marmara,Standard,18-Feb-20,CSTMR0410,Middle Adults,MARMARA,FEMALE,KOCAELI,2/18/2020
CSTMR0411,Female,51,Izmir,Aegean,Standard,13/11/2020,CSTMR0411,Late Adults,AEGEAN,FEMALE,IZMIR,11/13/2020
CSTMR0412,Male,31,Istanbul,Marmara,Standard,27-Mar-22,CSTMR0412,Early Adults,MARMARA,MALE,ISTANBUL,3/27/2022
CSTMR0413,MALE,39,Ankara,Central Anatolia,Standard,31-Jan-21,CSTMR0413,Middle Adults,CENTRAL ANATOLIA,MALE,ANKARA,1/31/2021
CSTMR0414,Female,18,Bursa,Marmara,Standard,6-May-20,CSTMR0414,Young Adults,MARMARA,FEMALE,BURSA,5/6/2020
cstmr0415,Male,18,Eskisehir,Central Anatolia,Standard,6-Feb-23,CSTMR0415,Young Adults,CENTRAL ANATOLIA,MALE,ESKISEHIR,2/6/2023
CSTMR0416,Male,18,Ankara,Central Anatolia,Premium,12/4/2020,CSTMR0416,Young Adults,CENTRAL ANATOLIA,MALE,ANKARA,12/4/2020
CSTMR0417,Female,47,Istanbul,marmara,Premium,29-Apr-22,CSTMR0417,Late Adults,MARMARA,FEMALE,ISTANBUL,4/29/2022
CSTMR0418,Female,44,Ankara,Central Anatolia,Standard,2/23/2021,CSTMR0418,Middle Adults,CENTRAL ANATOLIA,FEMALE,ANKARA,2/23/2021
cstmr0419,Male,56,Istanbul,Marmara,Standard,16-Oct-21,CSTMR0419,Late Adults,MARMARA,MALE,ISTANBUL,10/16/2021
CSTMR0420,Female,32,Izmir,Aegean,Standard,20-07-2020,CSTMR0420,Early Adults,AEGEAN,FEMALE,IZMIR,7/20/2020
CSTMR0421,Male,40,Ankara,Central Anatolia,Premium,1/12/2023,CSTMR0421,Middle Adults,CENTRAL ANATOLIA,MALE,ANKARA,1/12/2023
cstmr0422,Male,47,Kocaeli,Marmara,Standard,1/21/2021,CSTMR0422,Late Adults,MARMARA,MALE,KOCAELI,1/21/2021
CSTMR0423,Male,37,Istanbul,Marmara,Premium,2022.09.12,CSTMR0423,Middle Adults,MARMARA,MALE,ISTANBUL,9/12/2022
CSTMR0424,Male,35,Istanbul,Marmara,Premium,7/9/2022,CSTMR0424,Early Adults,MARMARA,MALE,ISTANBUL,7/9/2022
CSTMR0425,Female,43,BURSA,Marmara,Standard,2/9/2021,CSTMR0425,Middle Adults,MARMARA,FEMALE,BURSA,2/9/2021
CSTMR0426,Female,48,ANKARA,Central Anatolia,Premium,19/11/2022,CSTMR0426,Late Adults,CENTRAL ANATOLIA,FEMALE,ANKARA,11/19/2022
CSTMR0427,Female,41,Eskisehir,Central Anatolia,Premium,12/22/2022,CSTMR0427,Middle Adults,CENTRAL ANATOLIA,FEMALE,ESKISEHIR,12/22/2022
CSTMR0428,Male,41,Istanbul,Marmara,Premium,2/15/2023,CSTMR0428,Middle Adults,MARMARA,MALE,ISTANBUL,2/15/2023
cstmr0429,Male,24,BURSA,Marmara,Standard,2021.02.24,CSTMR0429,Young Adults,MARMARA,MALE,BURSA,2/24/2021
CSTMR0430,Male,33,Istanbul,Marmara,Standard,2-Jul-22,CSTMR0430,Early Adults,MARMARA,MALE,ISTANBUL,7/2/2022
CSTMR0431,Male,36,Istanbul,Marmara,Standard,29-Jul-21,CSTMR0431,Middle Adults,MARMARA,MALE,ISTANBUL,7/29/2021
cstmr0432,Female,29,Istanbul,Marmara,Standard,12/4/2022,CSTMR0432,Early Adults,MARMARA,FEMALE,ISTANBUL,12/4/2022
CSTMR0433,Female,38,Istanbul,Marmara,VIP,24/03/2023,CSTMR0433,Middle Adults,MARMARA,FEMALE,ISTANBUL,3/24/2023
CSTMR0434,Male,43,Bursa,Marmara,Standard,18-Sep-20,CSTMR0434,Middle Adults,MARMARA,MALE,BURSA,9/18/2020
CSTMR0435,Female,44,Istanbul,Marmara,Standard,18-Jun-20,CSTMR0435,Middle Adults,MARMARA,FEMALE,ISTANBUL,6/18/2020
cstmr0436,Male,34,Bursa,Marmara,VIP,24-02-2022,CSTMR0436,Early Adults,MARMARA,MALE,BURSA,2/24/2022
CSTMR0437,Other,19,Istanbul,Marmara,Standard,8/3/2020,CSTMR0437,Young Adults,MARMARA,OTHER,ISTANBUL,8/3/2020
cstmr0438,Male,20,Kocaeli,marmara,Premium,12/30/2020,CSTMR0438,Young Adults,MARMARA,MALE,KOCAELI,12/30/2020
cstmr0439,Female,18,Istanbul,Marmara,Standard,1/31/2022,CSTMR0439,Young Adults,MARMARA,FEMALE,ISTANBUL,1/31/2022
cstmr0440,Male,31,Istanbul,Marmara,Standard,10/26/2020,CSTMR0440,Early Adults,MARMARA,MALE,ISTANBUL,10/26/2020
CSTMR0441,Male,41,Trabzon,Black Sea,Standard,2022.06.27,CSTMR0441,Middle Adults,BLACK SEA,MALE,TRABZON,6/27/2022
CSTMR0442,Male,23,Bursa,Marmara,Standard,9/29/2020,CSTMR0442,Young Adults,MARMARA,MALE,BURSA,9/29/2020
CSTMR0443,Female,50,Bursa,Marmara,Standard,9/25/2022,CSTMR0443,Late Adults,MARMARA,FEMALE,BURSA,9/25/2022
cstmr0444,Male,30,Kocaeli,Marmara,Standard,6/12/2020,CSTMR0444,Early Adults,MARMARA,MALE,KOCAELI,6/12/2020
CSTMR0445,FEMALE,57,Bursa,Marmara,Premium,9-Mar-23,CSTMR0445,Late Adults,MARMARA,FEMALE,BURSA,3/9/2023
cstmr0446,Male,56,Kocaeli,Marmara,Standard,9/3/2022,CSTMR0446,Late Adults,MARMARA,MALE,KOCAELI,9/3/2022
CSTMR0447,Male,38,Istanbul,Marmara,Standard,30-03-2022,CSTMR0447,Middle Adults,MARMARA,MALE,ISTANBUL,3/30/2022
cstmr0448,Male,45,Bursa,Marmara,Standard,30-01-2023,CSTMR0448,Middle Adults,MARMARA,MALE,BURSA,1/30/2023
CSTMR0449,Male,62,Eskisehir,Central Anatolia,Premium,13-May-21,CSTMR0449,Older Adults,CENTRAL ANATOLIA,MALE,ESKISEHIR,5/13/2021
CSTMR0450,Female,24,Adana,mediterranean,Premium,3/22/2020,CSTMR0450,Young Adults,MEDITERRANEAN,FEMALE,ADANA,3/22/2020
cstmr0451,Female,53,Kocaeli,Marmara,Premium,5/25/2021,CSTMR0451,Late Adults,MARMARA,FEMALE,KOCAELI,5/25/2021
CSTMR0452,Female,42,Bursa,Marmara,Standard,2022.05.30,CSTMR0452,Middle Adults,MARMARA,FEMALE,BURSA,5/30/2022
CSTMR0453,Male,24,Istanbul,Marmara,VIP,7/31/2022,CSTMR0453,Young Adults,MARMARA,MALE,ISTANBUL,7/31/2022
CSTMR0454,Male,27,Istanbul,Marmara,Standard,4/24/2021,CSTMR0454,Early Adults,MARMARA,MALE,ISTANBUL,4/24/2021
CSTMR0455,Female,38,Izmir,Aegean,Premium,2020.10.03,CSTMR0455,Middle Adults,AEGEAN,FEMALE,IZMIR,10/3/2020
cstmr0456,Male,50,Istanbul,Marmara,Premium,11/26/2021,CSTMR0456,Late Adults,MARMARA,MALE,ISTANBUL,11/26/2021
CSTMR0457,Male,52,Istanbul,marmara,Premium,5/20/2020,CSTMR0457,Late Adults,MARMARA,MALE,ISTANBUL,5/20/2020
CSTMR0458,Male,20,Izmir,Aegean,Premium,24-Feb-23,CSTMR0458,Young Adults,AEGEAN,MALE,IZMIR,2/24/2023
cstmr0459,Female,35,Aydin,Aegean,Standard,17/02/2021,CSTMR0459,Early Adults,AEGEAN,FEMALE,AYDIN,2/17/2021
cstmr0460,Male,27,Kocaeli,Marmara,VIP,2022.06.28,CSTMR0460,Early Adults,MARMARA,MALE,KOCAELI,6/28/2022
cstmr0461,Male,18,Istanbul,Marmara,Standard,9-Jan-21,CSTMR0461,Young Adults,MARMARA,MALE,ISTANBUL,1/9/2021
CSTMR0462,Female,40,Kocaeli,Marmara,Standard,17-Nov-20,CSTMR0462,Middle Adults,MARMARA,FEMALE,KOCAELI,11/17/2020
CSTMR0463,FEMALE,26,Istanbul,Marmara,Standard,22-Jun-22,CSTMR0463,Early Adults,MARMARA,FEMALE,ISTANBUL,6/22/2022
CSTMR0464,Male,28,Istanbul,Marmara,Premium,1/2/2022,CSTMR0464,Early Adults,MARMARA,MALE,ISTANBUL,1/2/2022
cstmr0465,Female,20,Istanbul,Marmara,Premium,12-Dec-22,CSTMR0465,Young Adults,MARMARA,FEMALE,ISTANBUL,12/12/2022
cstmr0466,Male,41,ISTANBUL,Marmara,Standard,7/1/2020,CSTMR0466,Middle Adults,MARMARA,MALE,ISTANBUL,7/1/2020
CSTMR0467,Male,59,Istanbul,Marmara,Standard,8/6/2020,CSTMR0467,Late Adults,MARMARA,MALE,ISTANBUL,8/6/2020
CSTMR0468,Male,52,Istanbul,Marmara,Standard,22-Feb-20,CSTMR0468,Late Adults,MARMARA,MALE,ISTANBUL,2/22/2020
CSTMR0469,Male,24,Ankara,Central Anatolia,Standard,2022.11.01,CSTMR0469,Young Adults,CENTRAL ANATOLIA,MALE,ANKARA,11/1/2022
CSTMR0470,Male,38,Istanbul,Marmara,Standard,12/19/2020,CSTMR0470,Middle Adults,MARMARA,MALE,ISTANBUL,12/19/2020
cstmr0471,Male,27,Istanbul,Marmara,Standard,23-Mar-23,CSTMR0471,Early Adults,MARMARA,MALE,ISTANBUL,3/23/2023
CSTMR0472,Male,35,Eskisehir,Central Anatolia,Standard,1/16/2023,CSTMR0472,Early Adults,CENTRAL ANATOLIA,MALE,ESKISEHIR,1/16/2023
CSTMR0473,Female,47,Istanbul,Marmara,Standard,2021.09.24,CSTMR0473,Late Adults,MARMARA,FEMALE,ISTANBUL,9/24/2021
CSTMR0474,Male,27,Ankara,Central Anatolia,VIP,3/3/2021,CSTMR0474,Early Adults,CENTRAL ANATOLIA,MALE,ANKARA,3/3/2021
CSTMR0475,Female,36,Bursa,Marmara,Premium,21/11/2021,CSTMR0475,Middle Adults,MARMARA,FEMALE,BURSA,11/21/2021
cstmr0476,Male,45,Kocaeli,Marmara,Premium,7/17/2022,CSTMR0476,Middle Adults,MARMARA,MALE,KOCAELI,7/17/2022
cstmr0477,Male,27,Istanbul,Marmara,VIP,22-Aug-20,CSTMR0477,Early Adults,MARMARA,MALE,ISTANBUL,8/22/2020
CSTMR0478,Male,42,Ankara,Central Anatolia,Standard,6-Mar-21,CSTMR0478,Middle Adults,CENTRAL ANATOLIA,MALE,ANKARA,3/6/2021
CSTMR0479,Female,64,Trabzon,Black Sea,VIP,1-Jul-22,CSTMR0479,Older Adults,BLACK SEA,FEMALE,TRABZON,7/1/2022
CSTMR0480,Female,33,KOCAELI,Marmara,Standard,14-Aug-20,CSTMR0480,Early Adults,MARMARA,FEMALE,KOCAELI,8/14/2020
CSTMR0481,Male,32,Ankara,Central Anatolia,Standard,31/01/2020,CSTMR0481,Early Adults,CENTRAL ANATOLIA,MALE,ANKARA,1/31/2020
cstmr0482,Male,55,ANKARA,Central Anatolia,Premium,9/8/2022,CSTMR0482,Late Adults,CENTRAL ANATOLIA,MALE,ANKARA,9/8/2022
CSTMR0483,Female,46,Istanbul,Marmara,Premium,23-Oct-22,CSTMR0483,Late Adults,MARMARA,FEMALE,ISTANBUL,10/23/2022
CSTMR0484,Female,36,Bursa,Marmara,Standard,5/2/2021,CSTMR0484,Middle Adults,MARMARA,FEMALE,BURSA,5/2/2021
CSTMR0485,Female,50,Ankara,Central Anatolia,Premium,7/18/2021,CSTMR0485,Late Adults,CENTRAL ANATOLIA,FEMALE,ANKARA,7/18/2021
cstmr0486,Female,44,Istanbul,Marmara,Standard,1/30/2023,CSTMR0486,Middle Adults,MARMARA,FEMALE,ISTANBUL,1/30/2023
cstmr0487,Female,35,Kocaeli,Marmara,VIP,20/04/2020,CSTMR0487,Early Adults,MARMARA,FEMALE,KOCAELI,4/20/2020
CSTMR0488,Female,26,Istanbul,Marmara,VIP,24-Jun-21,CSTMR0488,Early Adults,MARMARA,FEMALE,ISTANBUL,6/24/2021
cstmr0489,Female,62,Istanbul,Marmara,Standard,3/25/2023,CSTMR0489,Older Adults,MARMARA,FEMALE,ISTANBUL,3/25/2023
cstmr0490,Male,40,Istanbul,Marmara,Standard,6/23/2020,CSTMR0490,Middle Adults,MARMARA,MALE,ISTANBUL,6/23/2020
cstmr0491,Male,49,Kocaeli,Marmara,Standard,25/01/2022,CSTMR0491,Late Adults,MARMARA,MALE,KOCAELI,1/25/2022
CSTMR0492,Male,29,Izmir,Aegean,VIP,7/1/2021,CSTMR0492,Early Adults,AEGEAN,MALE,IZMIR,7/1/2021
CSTMR0493,Female,40,Ankara,Central Anatolia,Standard,4-Dec-22,CSTMR0493,Middle Adults,CENTRAL ANATOLIA,FEMALE,ANKARA,12/4/2022
CSTMR0494,Male,40,Istanbul,Marmara,Premium,3-May-21,CSTMR0494,Middle Adults,MARMARA,MALE,ISTANBUL,5/3/2021
CSTMR0495,Male,29,Izmir,Aegean,VIP,30/05/2021,CSTMR0495,Early Adults,AEGEAN,MALE,IZMIR,5/30/2021
CSTMR0496,Male,37,Ankara,Central Anatolia,Premium,30-Aug-21,CSTMR0496,Middle Adults,CENTRAL ANATOLIA,MALE,ANKARA,8/30/2021
CSTMR0497,Female,55,Istanbul,Marmara,Standard,2023.01.18,CSTMR0497,Late Adults,MARMARA,FEMALE,ISTANBUL,1/18/2023
cstmr0498,Male,41,Izmir,Aegean,Standard,21-May-21,CSTMR0498,Middle Adults,AEGEAN,MALE,IZMIR,5/21/2021
CSTMR0499,Male,43,Bursa,marmara,VIP,5/5/2021,CSTMR0499,Middle Adults,MARMARA,MALE,BURSA,5/5/2021
CSTMR0500,Female,51,Istanbul,Marmara,Premium,2021.07.12,CSTMR0500,Late Adults,MARMARA,FEMALE,ISTANBUL,7/12/2021
CSTMR0501,Female,43,Kocaeli,Marmara,Standard,12/26/2020,CSTMR0501,Middle Adults,MARMARA,FEMALE,KOCAELI,12/26/2020
CSTMR0502,Female,40,Antalya,Mediterranean,VIP,1/15/2020,CSTMR0502,Middle Adults,MEDITERRANEAN,FEMALE,ANTALYA,1/15/2020
CSTMR0503,Female,39,Antalya,Mediterranean,Standard,21-Mar-21,CSTMR0503,Middle Adults,MEDITERRANEAN,FEMALE,ANTALYA,3/21/2021
cstmr0504,Female,42,Bursa,Marmara,Standard,3-Jan-20,CSTMR0504,Middle Adults,MARMARA,FEMALE,BURSA,1/3/2020
cstmr0505,Male,43,Istanbul,Marmara,Standard,9/28/2020,CSTMR0505,Middle Adults,MARMARA,MALE,ISTANBUL,9/28/2020
CSTMR0506,Male,42,Bursa,Marmara,Standard,18-Jan-23,CSTMR0506,Middle Adults,MARMARA,MALE,BURSA,1/18/2023
CSTMR0507,Male,47,Istanbul,Marmara,VIP,2022.05.19,CSTMR0507,Late Adults,MARMARA,MALE,ISTANBUL,5/19/2022
cstmr0508,Male,37,Istanbul,Marmara,Standard,6/1/2022,CSTMR0508,Middle Adults,MARMARA,MALE,ISTANBUL,6/1/2022
CSTMR0509,MALE,27,Antalya,Mediterranean,Standard,7/18/2022,CSTMR0509,Early Adults,MEDITERRANEAN,MALE,ANTALYA,7/18/2022
CSTMR0510,Female,56,Kocaeli,Marmara,Standard,2021.05.09,CSTMR0510,Late Adults,MARMARA,FEMALE,KOCAELI,5/9/2021
CSTMR0511,Female,44,Izmir,Aegean,Standard,24-02-2021,CSTMR0511,Middle Adults,AEGEAN,FEMALE,IZMIR,2/24/2021
CSTMR0512,Female,43,Antalya,Mediterranean,Premium,6/19/2020,CSTMR0512,Middle Adults,MEDITERRANEAN,FEMALE,ANTALYA,6/19/2020
CSTMR0513,Female,38,Ankara,Central Anatolia,Standard,2/28/2022,CSTMR0513,Middle Adults,CENTRAL ANATOLIA,FEMALE,ANKARA,2/28/2022
cstmr0514,Female,22,Kocaeli,Marmara,Standard,11/4/2023,CSTMR0514,Young Adults,MARMARA,FEMALE,KOCAELI,11/4/2023
CSTMR0515,Male,46,Trabzon,black sea,Standard,23-Aug-21,CSTMR0515,Late Adults,BLACK SEA,MALE,TRABZON,8/23/2021
CSTMR0516,FEMALE,35,Bursa,Marmara,Standard,20/09/2021,CSTMR0516,Early Adults,MARMARA,FEMALE,BURSA,9/20/2021
CSTMR0517,Female,18,Izmir,Aegean,Standard,15-11-2021,CSTMR0517,Young Adults,AEGEAN,FEMALE,IZMIR,11/15/2021
CSTMR0518,Male,32,BURSA,Marmara,VIP,11/19/2020,CSTMR0518,Early Adults,MARMARA,MALE,BURSA,11/19/2020
CSTMR0519,Male,28,Antalya,Mediterranean,Standard,12/19/2020,CSTMR0519,Early Adults,MEDITERRANEAN,MALE,ANTALYA,12/19/2020
CSTMR0520,Male,46,Bursa,Marmara,Standard,12/10/2021,CSTMR0520,Late Adults,MARMARA,MALE,BURSA,12/10/2021
cstmr0521,Male,49,ISTANBUL,Marmara,VIP,7/17/2020,CSTMR0521,Late Adults,MARMARA,MALE,ISTANBUL,7/17/2020
cstmr0522,Male,32,Eskisehir,Central Anatolia,Premium,2/8/2021,CSTMR0522,Early Adults,CENTRAL ANATOLIA,MALE,ESKISEHIR,2/8/2021
CSTMR0523,Female,39,Istanbul,Marmara,Standard,6-Jul-21,CSTMR0523,Middle Adults,MARMARA,FEMALE,ISTANBUL,7/6/2021
CSTMR0524,Female,49,Istanbul,Marmara,VIP,19-Apr-21,CSTMR0524,Late Adults,MARMARA,FEMALE,ISTANBUL,4/19/2021
cstmr0525,Female,18,Ankara,Central Anatolia,Premium,9/2/2020,CSTMR0525,Young Adults,CENTRAL ANATOLIA,FEMALE,ANKARA,9/2/2020
cstmr0526,MALE,40,Ankara,Central Anatolia,Standard,19-Jun-21,CSTMR0526,Middle Adults,CENTRAL ANATOLIA,MALE,ANKARA,6/19/2021
cstmr0527,Male,39,ISTANBUL,Marmara,Standard,5/10/2020,CSTMR0527,Middle Adults,MARMARA,MALE,ISTANBUL,5/10/2020
CSTMR0528,Female,50,Kocaeli,Marmara,Standard,11-Nov-21,CSTMR0528,Late Adults,MARMARA,FEMALE,KOCAELI,11/11/2021
cstmr0529,Female,29,Adana,mediterranean,Standard,1/25/2021,CSTMR0529,Early Adults,MEDITERRANEAN,FEMALE,ADANA,1/25/2021
CSTMR0530,Female,38,Bursa,Marmara,Premium,1/18/2021,CSTMR0530,Middle Adults,MARMARA,FEMALE,BURSA,1/18/2021
CSTMR0531,Male,52,Ankara,central anatolia,Premium,1/11/2020,CSTMR0531,Late Adults,CENTRAL ANATOLIA,MALE,ANKARA,1/11/2020
CSTMR0532,Female,47,Istanbul,Marmara,Standard,24-07-2020,CSTMR0532,Late Adults,MARMARA,FEMALE,ISTANBUL,7/24/2020
CSTMR0533,Female,46,Kocaeli,Marmara,Standard,22-Jan-22,CSTMR0533,Late Adults,MARMARA,FEMALE,KOCAELI,1/22/2022
CSTMR0534,Female,28,Ankara,central anatolia,Premium,2/1/2020,CSTMR0534,Early Adults,CENTRAL ANATOLIA,FEMALE,ANKARA,2/1/2020
CSTMR0535,Female,44,Istanbul,Marmara,VIP,19-May-21,CSTMR0535,Middle Adults,MARMARA,FEMALE,ISTANBUL,5/19/2021
CSTMR0536,Male,39,Izmir,Aegean,Premium,5-Jul-22,CSTMR0536,Middle Adults,AEGEAN,MALE,IZMIR,7/5/2022
CSTMR0537,Male,27,ADANA,Mediterranean,Premium,13/06/2022,CSTMR0537,Early Adults,MEDITERRANEAN,MALE,ADANA,6/13/2022
cstmr0538,Female,44,Aydin,Aegean,Standard,10/21/2022,CSTMR0538,Middle Adults,AEGEAN,FEMALE,AYDIN,10/21/2022
cstmr0539,Female,32,Istanbul,Marmara,Standard,11-Nov-21,CSTMR0539,Early Adults,MARMARA,FEMALE,ISTANBUL,11/11/2021
CSTMR0540,Male,49,ISTANBUL,Marmara,Premium,1-Sep-20,CSTMR0540,Late Adults,MARMARA,MALE,ISTANBUL,9/1/2020
CSTMR0541,Female,43,Antalya,Mediterranean,Standard,2020.03.05,CSTMR0541,Middle Adults,MEDITERRANEAN,FEMALE,ANTALYA,3/5/2020
CSTMR0542,Male,58,Kocaeli,Marmara,Standard,5/13/2022,CSTMR0542,Late Adults,MARMARA,MALE,KOCAELI,5/13/2022
cstmr0543,Male,37,Istanbul,Marmara,Standard,13-07-2022,CSTMR0543,Middle Adults,MARMARA,MALE,ISTANBUL,7/13/2022
cstmr0544,FEMALE,43,Antalya,Mediterranean,Standard,4/12/2020,CSTMR0544,Middle Adults,MEDITERRANEAN,FEMALE,ANTALYA,4/12/2020
CSTMR0545,Female,25,Antalya,Mediterranean,Standard,2021.10.20,CSTMR0545,Young Adults,MEDITERRANEAN,FEMALE,ANTALYA,10/20/2021
cstmr0546,Female,37,Ankara,Central Anatolia,Standard,2023.01.23,CSTMR0546,Middle Adults,CENTRAL ANATOLIA,FEMALE,ANKARA,1/23/2023
cstmr0547,FEMALE,42,Ankara,Central Anatolia,VIP,2/6/2021,CSTMR0547,Middle Adults,CENTRAL ANATOLIA,FEMALE,ANKARA,2/6/2021
cstmr0548,Male,47,Ankara,Central Anatolia,Standard,2022.10.11,CSTMR0548,Late Adults,CENTRAL ANATOLIA,MALE,ANKARA,10/11/2022
CSTMR0549,Female,33,Kocaeli,Marmara,Standard,2023.02.23,CSTMR0549,Early Adults,MARMARA,FEMALE,KOCAELI,2/23/2023
cstmr0550,FEMALE,39,Bursa,Marmara,Premium,20-06-2022,CSTMR0550,Middle Adults,MARMARA,FEMALE,BURSA,6/20/2022
CSTMR0551,Female,29,Ankara,Central Anatolia,Premium,2/19/2020,CSTMR0551,Early Adults,CENTRAL ANATOLIA,FEMALE,ANKARA,2/19/2020
cstmr0552,Female,36,Istanbul,Marmara,VIP,12-Jul-21,CSTMR0552,Middle Adults,MARMARA,FEMALE,ISTANBUL,7/12/2021
CSTMR0553,Female,46,Istanbul,Marmara,Premium,8/2/2020,CSTMR0553,Late Adults,MARMARA,FEMALE,ISTANBUL,8/2/2020
CSTMR0554,FEMALE,48,Istanbul,Marmara,VIP,18-Nov-22,CSTMR0554,Late Adults,MARMARA,FEMALE,ISTANBUL,11/18/2022
cstmr0555,Male,42,Istanbul,Marmara,Premium,2021.11.11,CSTMR0555,Middle Adults,MARMARA,MALE,ISTANBUL,11/11/2021
CSTMR0556,Male,37,Bursa,Marmara,Standard,2022.10.15,CSTMR0556,Middle Adults,MARMARA,MALE,BURSA,10/15/2022
cstmr0557,Other,46,Kocaeli,Marmara,Premium,6/14/2020,CSTMR0557,Late Adults,MARMARA,OTHER,KOCAELI,6/14/2020
CSTMR0558,Male,54,Istanbul,Marmara,Standard,30-Oct-21,CSTMR0558,Late Adults,MARMARA,MALE,ISTANBUL,10/30/2021
CSTMR0559,Male,59,Bursa,Marmara,Premium,1-Jan-21,CSTMR0559,Late Adults,MARMARA,MALE,BURSA,1/1/2021
CSTMR0560,Female,30,Aydin,Aegean,Premium,3-Mar-23,CSTMR0560,Early Adults,AEGEAN,FEMALE,AYDIN,3/3/2023
cstmr0561,Female,47,Istanbul,Marmara,Standard,9/4/2020,CSTMR0561,Late Adults,MARMARA,FEMALE,ISTANBUL,9/4/2020
CSTMR0562,Female,56,Istanbul,Marmara,Standard,2021.08.17,CSTMR0562,Late Adults,MARMARA,FEMALE,ISTANBUL,8/17/2021
CSTMR0563,Female,35,Izmir,Aegean,Standard,9/1/2021,CSTMR0563,Early Adults,AEGEAN,FEMALE,IZMIR,9/1/2021
cstmr0564,Male,41,Izmir,Aegean,Standard,2020.10.27,CSTMR0564,Middle Adults,AEGEAN,MALE,IZMIR,10/27/2020
cstmr0565,Female,44,Bursa,Marmara,Premium,2/15/2020,CSTMR0565,Middle Adults,MARMARA,FEMALE,BURSA,2/15/2020
CSTMR0566,Male,37,Adana,Mediterranean,Premium,18-Oct-21,CSTMR0566,Middle Adults,MEDITERRANEAN,MALE,ADANA,10/18/2021
CSTMR0567,Female,46,Istanbul,Marmara,Standard,1/1/2021,CSTMR0567,Late Adults,MARMARA,FEMALE,ISTANBUL,1/1/2021
CSTMR0568,Male,34,Aydin,Aegean,Premium,2022.07.03,CSTMR0568,Early Adults,AEGEAN,MALE,AYDIN,7/3/2022
cstmr0569,Female,22,Aydin,Aegean,Premium,2/8/2020,CSTMR0569,Young Adults,AEGEAN,FEMALE,AYDIN,2/8/2020
CSTMR0570,Female,46,Aydin,Aegean,Standard,6/12/2022,CSTMR0570,Late Adults,AEGEAN,FEMALE,AYDIN,6/12/2022
CSTMR0571,Male,35,Bursa,Marmara,Standard,30-03-2023,CSTMR0571,Early Adults,MARMARA,MALE,BURSA,3/30/2023
cstmr0572,Male,46,ANTALYA,Mediterranean,VIP,2021.09.30,CSTMR0572,Late Adults,MEDITERRANEAN,MALE,ANTALYA,9/30/2021
CSTMR0573,Female,21,Izmir,Aegean,VIP,2022.04.12,CSTMR0573,Young Adults,AEGEAN,FEMALE,IZMIR,4/12/2022
cstmr0574,Female,40,Istanbul,marmara,VIP,8/5/2021,CSTMR0574,Middle Adults,MARMARA,FEMALE,ISTANBUL,8/5/2021
CSTMR0575,Male,50,Istanbul,Marmara,Premium,3/6/2022,CSTMR0575,Late Adults,MARMARA,MALE,ISTANBUL,3/6/2022
CSTMR0576,Female,66,ISTANBUL,Marmara,Premium,2/5/2022,CSTMR0576,Older Adults,MARMARA,FEMALE,ISTANBUL,2/5/2022
CSTMR0577,Female,50,Kocaeli,Marmara,Standard,1/4/2020,CSTMR0577,Late Adults,MARMARA,FEMALE,KOCAELI,1/4/2020
CSTMR0578,Male,43,ANKARA,Central Anatolia,Standard,2/10/2022,CSTMR0578,Middle Adults,CENTRAL ANATOLIA,MALE,ANKARA,2/10/2022
cstmr0579,MALE,32,Istanbul,marmara,Standard,26-02-2023,CSTMR0579,Early Adults,MARMARA,MALE,ISTANBUL,2/26/2023
cstmr0580,Female,37,Izmir,Aegean,Standard,27-11-2022,CSTMR0580,Middle Adults,AEGEAN,FEMALE,IZMIR,11/27/2022
CSTMR0581,Male,48,Ankara,Central Anatolia,Standard,3/13/2022,CSTMR0581,Late Adults,CENTRAL ANATOLIA,MALE,ANKARA,3/13/2022
cstmr0582,Male,49,Antalya,Mediterranean,Standard,10/9/2020,CSTMR0582,Late Adults,MEDITERRANEAN,MALE,ANTALYA,10/9/2020
CSTMR0583,Male,21,Ankara,Central Anatolia,Standard,1-Jun-20,CSTMR0583,Young Adults,CENTRAL ANATOLIA,MALE,ANKARA,6/1/2020
CSTMR0584,Female,22,Ankara,Central Anatolia,Standard,13-Sep-21,CSTMR0584,Young Adults,CENTRAL ANATOLIA,FEMALE,ANKARA,9/13/2021
CSTMR0585,Female,35,Izmir,Aegean,Standard,6/30/2021,CSTMR0585,Early Adults,AEGEAN,FEMALE,IZMIR,6/30/2021
CSTMR0586,Male,27,Ankara,Central Anatolia,Premium,3/27/2020,CSTMR0586,Early Adults,CENTRAL ANATOLIA,MALE,ANKARA,3/27/2020
cstmr0587,Male,33,Izmir,aegean,Standard,14/10/2021,CSTMR0587,Early Adults,AEGEAN,MALE,IZMIR,10/14/2021
CSTMR0588,Female,57,Kocaeli,Marmara,Standard,12/4/2022,CSTMR0588,Late Adults,MARMARA,FEMALE,KOCAELI,12/4/2022
cstmr0589,Male,49,KOCAELI,Marmara,Standard,23/10/2021,CSTMR0589,Late Adults,MARMARA,MALE,KOCAELI,10/23/2021
CSTMR0590,MALE,49,Bursa,Marmara,Standard,19-Feb-21,CSTMR0590,Late Adults,MARMARA,MALE,BURSA,2/19/2021
CSTMR0591,Female,28,Istanbul,Marmara,Standard,10/31/2022,CSTMR0591,Early Adults,MARMARA,FEMALE,ISTANBUL,10/31/2022
CSTMR0592,Female,34,Bursa,Marmara,Premium,5/26/2020,CSTMR0592,Early Adults,MARMARA,FEMALE,BURSA,5/26/2020
cstmr0593,Male,41,Bursa,Marmara,Premium,15-08-2022,CSTMR0593,Middle Adults,MARMARA,MALE,BURSA,8/15/2022
CSTMR0594,Female,38,Bursa,Marmara,Standard,2022.09.28,CSTMR0594,Middle Adults,MARMARA,FEMALE,BURSA,9/28/2022
cstmr0595,Female,50,Izmir,Aegean,Premium,26-Aug-20,CSTMR0595,Late Adults,AEGEAN,FEMALE,IZMIR,8/26/2020
CSTMR0596,Female,35,Istanbul,Marmara,VIP,2022.07.13,CSTMR0596,Early Adults,MARMARA,FEMALE,ISTANBUL,7/13/2022
cstmr0597,MALE,25,ANKARA,Central Anatolia,VIP,10/27/2022,CSTMR0597,Young Adults,CENTRAL ANATOLIA,MALE,ANKARA,10/27/2022
cstmr0598,Male,38,Ankara,Central Anatolia,Premium,6/12/2021,CSTMR0598,Middle Adults,CENTRAL ANATOLIA,MALE,ANKARA,6/12/2021
cstmr0599,Female,49,Istanbul,Marmara,Standard,4/3/2022,CSTMR0599,Late Adults,MARMARA,FEMALE,ISTANBUL,4/3/2022
cstmr0600,Male,35,Aydin,Aegean,Standard,9/23/2021,CSTMR0600,Early Adults,AEGEAN,MALE,AYDIN,9/23/2021
cstmr0601,Male,34,Istanbul,marmara,Standard,21/09/2021,CSTMR0601,Early Adults,MARMARA,MALE,ISTANBUL,9/21/2021
CSTMR0602,Female,42,Istanbul,Marmara,Standard,19-Aug-22,CSTMR0602,Middle Adults,MARMARA,FEMALE,ISTANBUL,8/19/2022
CSTMR0603,Male,37,Izmir,Aegean,Standard,19/10/2021,CSTMR0603,Middle Adults,AEGEAN,MALE,IZMIR,10/19/2021
CSTMR0604,Female,35,Istanbul,Marmara,Standard,6/17/2021,CSTMR0604,Early Adults,MARMARA,FEMALE,ISTANBUL,6/17/2021
cstmr0605,Female,45,Kocaeli,Marmara,Standard,8-Dec-22,CSTMR0605,Middle Adults,MARMARA,FEMALE,KOCAELI,12/8/2022
CSTMR0606,Female,43,Ankara,Central Anatolia,VIP,11/30/2020,CSTMR0606,Middle Adults,CENTRAL ANATOLIA,FEMALE,ANKARA,11/30/2020
CSTMR0607,Female,37,Istanbul,marmara,Standard,24/07/2020,CSTMR0607,Middle Adults,MARMARA,FEMALE,ISTANBUL,7/24/2020
CSTMR0608,Male,31,Bursa,Marmara,Premium,2022.04.22,CSTMR0608,Early Adults,MARMARA,MALE,BURSA,4/22/2022
CSTMR0609,Female,35,Istanbul,Marmara,Standard,2/21/2023,CSTMR0609,Early Adults,MARMARA,FEMALE,ISTANBUL,2/21/2023
CSTMR0610,Female,63,Istanbul,Marmara,Standard,3/5/2023,CSTMR0610,Older Adults,MARMARA,FEMALE,ISTANBUL,3/5/2023
CSTMR0611,Female,18,Izmir,Aegean,Premium,2021.04.29,CSTMR0611,Young Adults,AEGEAN,FEMALE,IZMIR,4/29/2021
cstmr0612,Female,41,Bursa,Marmara,Premium,1/20/2023,CSTMR0612,Middle Adults,MARMARA,FEMALE,BURSA,1/20/2023
cstmr0613,Female,42,Ankara,Central Anatolia,Premium,17-Jun-22,CSTMR0613,Middle Adults,CENTRAL ANATOLIA,FEMALE,ANKARA,6/17/2022
CSTMR0614,Female,40,Ankara,Central Anatolia,Standard,2022.07.26,CSTMR0614,Middle Adults,CENTRAL ANATOLIA,FEMALE,ANKARA,7/26/2022
CSTMR0615,Male,28,Izmir,Aegean,Premium,11/29/2022,CSTMR0615,Early Adults,AEGEAN,MALE,IZMIR,11/29/2022
cstmr0616,MALE,56,Ankara,central anatolia,Standard,10/11/2021,CSTMR0616,Late Adults,CENTRAL ANATOLIA,MALE,ANKARA,10/11/2021
CSTMR0617,Female,40,Bursa,Marmara,VIP,7/5/2022,CSTMR0617,Middle Adults,MARMARA,FEMALE,BURSA,7/5/2022
cstmr0618,Male,32,Bursa,Marmara,Standard,3/2/2020,CSTMR0618,Early Adults,MARMARA,MALE,BURSA,3/2/2020
cstmr0619,Male,40,Istanbul,Marmara,Standard,2021.11.15,CSTMR0619,Middle Adults,MARMARA,MALE,ISTANBUL,11/15/2021
CSTMR0620,Male,44,Istanbul,Marmara,Standard,11/7/2022,CSTMR0620,Middle Adults,MARMARA,MALE,ISTANBUL,11/7/2022
CSTMR0621,Female,50,Ankara,Central Anatolia,Standard,6/5/2022,CSTMR0621,Late Adults,CENTRAL ANATOLIA,FEMALE,ANKARA,6/5/2022
cstmr0622,FEMALE,44,IZMIR,Aegean,Standard,22-Jul-20,CSTMR0622,Middle Adults,AEGEAN,FEMALE,IZMIR,7/22/2020
cstmr0623,Female,18,Bursa,Marmara,Standard,30/08/2021,CSTMR0623,Young Adults,MARMARA,FEMALE,BURSA,8/30/2021
cstmr0624,Male,34,Istanbul,marmara,Standard,11/20/2021,CSTMR0624,Early Adults,MARMARA,MALE,ISTANBUL,11/20/2021
CSTMR0625,Other,38,AYDIN,Aegean,Premium,2021.03.30,CSTMR0625,Middle Adults,AEGEAN,OTHER,AYDIN,3/30/2021
cstmr0626,Male,20,Ankara,Central Anatolia,Premium,26/11/2020,CSTMR0626,Young Adults,CENTRAL ANATOLIA,MALE,ANKARA,11/26/2020
cstmr0627,Female,45,Istanbul,Marmara,Standard,5/8/2022,CSTMR0627,Middle Adults,MARMARA,FEMALE,ISTANBUL,5/8/2022
CSTMR0628,Female,50,Bursa,Marmara,Standard,13-Mar-22,CSTMR0628,Late Adults,MARMARA,FEMALE,BURSA,3/13/2022
cstmr0629,Female,42,Istanbul,Marmara,Standard,2021.05.15,CSTMR0629,Middle Adults,MARMARA,FEMALE,ISTANBUL,5/15/2021
CSTMR0630,Male,55,Ankara,Central Anatolia,Standard,23-04-2020,CSTMR0630,Late Adults,CENTRAL ANATOLIA,MALE,ANKARA,4/23/2020
CSTMR0631,Male,38,Istanbul,Marmara,Premium,29/05/2021,CSTMR0631,Middle Adults,MARMARA,MALE,ISTANBUL,5/29/2021
CSTMR0632,Female,24,Izmir,Aegean,Premium,20-Jun-21,CSTMR0632,Young Adults,AEGEAN,FEMALE,IZMIR,6/20/2021
cstmr0633,Male,48,Istanbul,Marmara,VIP,7-Dec-22,CSTMR0633,Late Adults,MARMARA,MALE,ISTANBUL,12/7/2022
CSTMR0634,Male,52,Antalya,Mediterranean,Premium,25-Nov-21,CSTMR0634,Late Adults,MEDITERRANEAN,MALE,ANTALYA,11/25/2021
CSTMR0635,Female,18,Kocaeli,Marmara,VIP,2/10/2023,CSTMR0635,Young Adults,MARMARA,FEMALE,KOCAELI,2/10/2023
CSTMR0636,Female,21,Kocaeli,Marmara,Premium,14-Oct-20,CSTMR0636,Young Adults,MARMARA,FEMALE,KOCAELI,10/14/2020
cstmr0637,Male,25,ANTALYA,Mediterranean,Standard,10/3/2020,CSTMR0637,Young Adults,MEDITERRANEAN,MALE,ANTALYA,10/3/2020
CSTMR0638,Male,55,Izmir,aegean,Standard,6/5/2022,CSTMR0638,Late Adults,AEGEAN,MALE,IZMIR,6/5/2022
CSTMR0639,Male,42,Izmir,Aegean,Standard,7/9/2021,CSTMR0639,Middle Adults,AEGEAN,MALE,IZMIR,7/9/2021
CSTMR0640,MALE,25,Izmir,Aegean,Standard,4/2/2020,CSTMR0640,Young Adults,AEGEAN,MALE,IZMIR,4/2/2020
CSTMR0641,OTHER,35,Bursa,Marmara,Standard,15-Jun-21,CSTMR0641,Early Adults,MARMARA,OTHER,BURSA,6/15/2021
CSTMR0642,Male,22,Kocaeli,Marmara,Standard,22-01-2023,CSTMR0642,Young Adults,MARMARA,MALE,KOCAELI,1/22/2023
CSTMR0643,Female,43,Istanbul,marmara,Standard,5/25/2022,CSTMR0643,Middle Adults,MARMARA,FEMALE,ISTANBUL,5/25/2022
cstmr0644,Female,50,Istanbul,Marmara,VIP,2020.10.22,CSTMR0644,Late Adults,MARMARA,FEMALE,ISTANBUL,10/22/2020
CSTMR0645,Male,21,Izmir,Aegean,VIP,2-Jun-21,CSTMR0645,Young Adults,AEGEAN,MALE,IZMIR,6/2/2021
CSTMR0646,Male,45,Izmir,Aegean,Standard,3/6/2020,CSTMR0646,Middle Adults,AEGEAN,MALE,IZMIR,3/6/2020
CSTMR0647,MALE,41,Bursa,Marmara,Standard,8/29/2021,CSTMR0647,Middle Adults,MARMARA,MALE,BURSA,8/29/2021
cstmr0648,Male,38,Istanbul,Marmara,Premium,2022.08.02,CSTMR0648,Middle Adults,MARMARA,MALE,ISTANBUL,8/2/2022
CSTMR0649,Female,43,Ankara,Central Anatolia,Standard,30-Dec-22,CSTMR0649,Middle Adults,CENTRAL ANATOLIA,FEMALE,ANKARA,12/30/2022
cstmr0650,Female,18,Bursa,marmara,Standard,2021.12.28,CSTMR0650,Young Adults,MARMARA,FEMALE,BURSA,12/28/2021
CSTMR0651,MALE,18,Ankara,Central Anatolia,Standard,4/19/2020,CSTMR0651,Young Adults,CENTRAL ANATOLIA,MALE,ANKARA,4/19/2020
cstmr0652,Female,32,Istanbul,Marmara,Standard,2021.10.11,CSTMR0652,Early Adults,MARMARA,FEMALE,ISTANBUL,10/11/2021
CSTMR0653,Male,32,ISTANBUL,marmara,Premium,14-Jan-23,CSTMR0653,Early Adults,MARMARA,MALE,ISTANBUL,1/14/2023
CSTMR0654,Male,40,Istanbul,Marmara,Standard,28-02-2022,CSTMR0654,Middle Adults,MARMARA,MALE,ISTANBUL,2/28/2022
CSTMR0655,Male,54,Istanbul,Marmara,Standard,4/30/2021,CSTMR0655,Late Adults,MARMARA,MALE,ISTANBUL,4/30/2021
CSTMR0656,Female,41,Istanbul,Marmara,Premium,2/9/2023,CSTMR0656,Middle Adults,MARMARA,FEMALE,ISTANBUL,2/9/2023
CSTMR0657,Female,41,Bursa,Marmara,Standard,4/15/2020,CSTMR0657,Middle Adults,MARMARA,FEMALE,BURSA,4/15/2020
cstmr0658,Male,37,Istanbul,Marmara,Premium,2023.01.17,CSTMR0658,Middle Adults,MARMARA,MALE,ISTANBUL,1/17/2023
CSTMR0659,FEMALE,43,Istanbul,marmara,Standard,10/4/2022,CSTMR0659,Middle Adults,MARMARA,FEMALE,ISTANBUL,10/4/2022
cstmr0660,Female,42,Ankara,Central Anatolia,Standard,9-Feb-20,CSTMR0660,Middle Adults,CENTRAL ANATOLIA,FEMALE,ANKARA,2/9/2020
cstmr0661,Male,58,Kocaeli,Marmara,Standard,2022.11.27,CSTMR0661,Late Adults,MARMARA,MALE,KOCAELI,11/27/2022
CSTMR0662,Female,37,Ankara,Central Anatolia,Premium,11/7/2022,CSTMR0662,Middle Adults,CENTRAL ANATOLIA,FEMALE,ANKARA,11/7/2022
CSTMR0663,Male,43,Eskisehir,Central Anatolia,Standard,2022.05.26,CSTMR0663,Middle Adults,CENTRAL ANATOLIA,MALE,ESKISEHIR,5/26/2022
CSTMR0664,Male,18,IZMIR,Aegean,Premium,13-Oct-22,CSTMR0664,Young Adults,AEGEAN,MALE,IZMIR,10/13/2022
CSTMR0665,Male,42,Antalya,Mediterranean,Standard,24-04-2022,CSTMR0665,Middle Adults,MEDITERRANEAN,MALE,ANTALYA,4/24/2022
cstmr0666,Female,37,Izmir,Aegean,Premium,7/8/2020,CSTMR0666,Middle Adults,AEGEAN,FEMALE,IZMIR,7/8/2020
CSTMR0667,Male,18,Eskisehir,Central Anatolia,VIP,30/08/2021,CSTMR0667,Young Adults,CENTRAL ANATOLIA,MALE,ESKISEHIR,8/30/2021
CSTMR0668,Male,34,Izmir,Aegean,Standard,7/3/2020,CSTMR0668,Early Adults,AEGEAN,MALE,IZMIR,7/3/2020
CSTMR0669,Male,52,Izmir,aegean,Standard,3/11/2020,CSTMR0669,Late Adults,AEGEAN,MALE,IZMIR,3/11/2020
cstmr0670,Male,27,Istanbul,Marmara,Standard,1/31/2022,CSTMR0670,Early Adults,MARMARA,MALE,ISTANBUL,1/31/2022
CSTMR0671,Female,46,Izmir,Aegean,Standard,2-Oct-20,CSTMR0671,Late Adults,AEGEAN,FEMALE,IZMIR,10/2/2020
CSTMR0672,Female,54,Istanbul,Marmara,Standard,29-Jun-22,CSTMR0672,Late Adults,MARMARA,FEMALE,ISTANBUL,6/29/2022
CSTMR0673,Male,39,Antalya,Mediterranean,Standard,2/8/2023,CSTMR0673,Middle Adults,MEDITERRANEAN,MALE,ANTALYA,2/8/2023
CSTMR0674,Male,44,Bursa,Marmara,Standard,5/6/2022,CSTMR0674,Middle Adults,MARMARA,MALE,BURSA,5/6/2022
CSTMR0675,Male,31,ANKARA,Central Anatolia,Premium,19-02-2022,CSTMR0675,Early Adults,CENTRAL ANATOLIA,MALE,ANKARA,2/19/2022
CSTMR0676,Male,54,Istanbul,Marmara,Premium,4/28/2022,CSTMR0676,Late Adults,MARMARA,MALE,ISTANBUL,4/28/2022
CSTMR0677,Male,38,Kocaeli,Marmara,Standard,4/15/2021,CSTMR0677,Middle Adults,MARMARA,MALE,KOCAELI,4/15/2021
cstmr0678,Male,48,Ankara,Central Anatolia,Standard,10-Oct-21,CSTMR0678,Late Adults,CENTRAL ANATOLIA,MALE,ANKARA,10/10/2021
cstmr0679,MALE,37,Istanbul,Marmara,Standard,5/19/2020,CSTMR0679,Middle Adults,MARMARA,MALE,ISTANBUL,5/19/2020
cstmr0680,Male,32,Izmir,Aegean,Premium,3/12/2020,CSTMR0680,Early Adults,AEGEAN,MALE,IZMIR,3/12/2020
cstmr0681,Female,22,Istanbul,Marmara,Premium,9/6/2021,CSTMR0681,Young Adults,MARMARA,FEMALE,ISTANBUL,9/6/2021
cstmr0682,Male,43,Istanbul,Marmara,Premium,2/1/2022,CSTMR0682,Middle Adults,MARMARA,MALE,ISTANBUL,2/1/2022
CSTMR0683,MALE,35,Istanbul,Marmara,Standard,7/5/2021,CSTMR0683,Early Adults,MARMARA,MALE,ISTANBUL,7/5/2021
CSTMR0684,FEMALE,45,Ankara,Central Anatolia,Standard,14/08/2020,CSTMR0684,Middle Adults,CENTRAL ANATOLIA,FEMALE,ANKARA,8/14/2020
CSTMR0685,Female,23,Istanbul,Marmara,Premium,20-May-22,CSTMR0685,Young Adults,MARMARA,FEMALE,ISTANBUL,5/20/2022
cstmr0686,Male,25,Izmir,Aegean,VIP,11/17/2022,CSTMR0686,Young Adults,AEGEAN,MALE,IZMIR,11/17/2022
cstmr0687,Female,41,Istanbul,Marmara,Premium,2/27/2020,CSTMR0687,Middle Adults,MARMARA,FEMALE,ISTANBUL,2/27/2020
CSTMR0688,OTHER,44,Kocaeli,marmara,Standard,30-11-2021,CSTMR0688,Middle Adults,MARMARA,OTHER,KOCAELI,11/30/2021
cstmr0689,Female,30,Bursa,Marmara,VIP,6/15/2022,CSTMR0689,Early Adults,MARMARA,FEMALE,BURSA,6/15/2022
cstmr0690,Female,35,Kocaeli,Marmara,Standard,4/4/2021,CSTMR0690,Early Adults,MARMARA,FEMALE,KOCAELI,4/4/2021
CSTMR0691,Male,24,Antalya,Mediterranean,Standard,6/20/2021,CSTMR0691,Young Adults,MEDITERRANEAN,MALE,ANTALYA,6/20/2021
CSTMR0692,Male,41,Istanbul,marmara,Premium,9/21/2021,CSTMR0692,Middle Adults,MARMARA,MALE,ISTANBUL,9/21/2021
CSTMR0693,Female,43,Eskisehir,central anatolia,VIP,10/25/2022,CSTMR0693,Middle Adults,CENTRAL ANATOLIA,FEMALE,ESKISEHIR,10/25/2022
cstmr0694,Female,56,Ankara,Central Anatolia,Premium,1/4/2023,CSTMR0694,Late Adults,CENTRAL ANATOLIA,FEMALE,ANKARA,1/4/2023
CSTMR0695,Male,18,Eskisehir,Central Anatolia,Standard,1-May-22,CSTMR0695,Young Adults,CENTRAL ANATOLIA,MALE,ESKISEHIR,5/1/2022
cstmr0696,Female,19,Istanbul,Marmara,Standard,1/2/2021,CSTMR0696,Young Adults,MARMARA,FEMALE,ISTANBUL,1/2/2021
CSTMR0697,Female,31,Bursa,Marmara,Premium,9/19/2021,CSTMR0697,Early Adults,MARMARA,FEMALE,BURSA,9/19/2021
CSTMR0698,Male,25,Kocaeli,Marmara,VIP,10/20/2020,CSTMR0698,Young Adults,MARMARA,MALE,KOCAELI,10/20/2020
CSTMR0699,Female,42,IZMIR,Aegean,Standard,2022.09.10,CSTMR0699,Middle Adults,AEGEAN,FEMALE,IZMIR,9/10/2022
cstmr0700,Female,30,Eskisehir,Central Anatolia,Standard,2/9/2023,CSTMR0700,Early Adults,CENTRAL ANATOLIA,FEMALE,ESKISEHIR,2/9/2023
cstmr0701,Male,27,ANKARA,Central Anatolia,Premium,21-May-22,CSTMR0701,Early Adults,CENTRAL ANATOLIA,MALE,ANKARA,5/21/2022
CSTMR0702,Male,40,Bursa,marmara,Standard,2020.12.10,CSTMR0702,Middle Adults,MARMARA,MALE,BURSA,12/10/2020
CSTMR0703,Female,47,Istanbul,Marmara,Standard,11/6/2020,CSTMR0703,Late Adults,MARMARA,FEMALE,ISTANBUL,11/6/2020
CSTMR0704,Male,29,Izmir,Aegean,Premium,7/8/2021,CSTMR0704,Early Adults,AEGEAN,MALE,IZMIR,7/8/2021
cstmr0705,Female,48,Ankara,Central Anatolia,Standard,4/17/2020,CSTMR0705,Late Adults,CENTRAL ANATOLIA,FEMALE,ANKARA,4/17/2020
cstmr0706,Male,56,Izmir,Aegean,Premium,8/17/2022,CSTMR0706,Late Adults,AEGEAN,MALE,IZMIR,8/17/2022
cstmr0707,Female,37,Istanbul,marmara,Premium,26-Jun-21,CSTMR0707,Middle Adults,MARMARA,FEMALE,ISTANBUL,6/26/2021
cstmr0708,Other,43,Bursa,Marmara,Standard,5-Jul-21,CSTMR0708,Middle Adults,MARMARA,OTHER,BURSA,7/5/2021
CSTMR0709,Female,42,Eskisehir,Central Anatolia,Standard,1/22/2020,CSTMR0709,Middle Adults,CENTRAL ANATOLIA,FEMALE,ESKISEHIR,1/22/2020
CSTMR0710,Male,28,Bursa,Marmara,Standard,6/12/2021,CSTMR0710,Early Adults,MARMARA,MALE,BURSA,6/12/2021
cstmr0711,Female,32,Eskisehir,Central Anatolia,Standard,6/11/2020,CSTMR0711,Early Adults,CENTRAL ANATOLIA,FEMALE,ESKISEHIR,6/11/2020
CSTMR0712,Female,50,Ankara,Central Anatolia,Standard,9/25/2020,CSTMR0712,Late Adults,CENTRAL ANATOLIA,FEMALE,ANKARA,9/25/2020
cstmr0713,Male,40,Kocaeli,marmara,Standard,1/26/2020,CSTMR0713,Middle Adults,MARMARA,MALE,KOCAELI,1/26/2020
CSTMR0714,Male,43,Istanbul,Marmara,VIP,2021.07.24,CSTMR0714,Middle Adults,MARMARA,MALE,ISTANBUL,7/24/2021
cstmr0715,Female,58,Istanbul,Marmara,Standard,18-Jan-21,CSTMR0715,Late Adults,MARMARA,FEMALE,ISTANBUL,1/18/2021
CSTMR0716,Male,43,Ankara,Central Anatolia,Standard,20/01/2022,CSTMR0716,Middle Adults,CENTRAL ANATOLIA,MALE,ANKARA,1/20/2022
cstmr0717,FEMALE,46,Bursa,Marmara,Standard,7/3/2021,CSTMR0717,Late Adults,MARMARA,FEMALE,BURSA,7/3/2021
cstmr0718,Other,18,Bursa,Marmara,Standard,28-Dec-20,CSTMR0718,Young Adults,MARMARA,OTHER,BURSA,12/28/2020
CSTMR0719,Female,40,Kocaeli,Marmara,Standard,29-May-22,CSTMR0719,Middle Adults,MARMARA,FEMALE,KOCAELI,5/29/2022
CSTMR0720,Male,57,Izmir,Aegean,Standard,1-Jan-22,CSTMR0720,Late Adults,AEGEAN,MALE,IZMIR,1/1/2022
CSTMR0721,Female,39,Aydin,Aegean,Standard,2/9/2022,CSTMR0721,Middle Adults,AEGEAN,FEMALE,AYDIN,2/9/2022
CSTMR0722,Female,19,Aydin,Aegean,Premium,19-Jul-20,CSTMR0722,Young Adults,AEGEAN,FEMALE,AYDIN,7/19/2020
CSTMR0723,Male,37,Bursa,Marmara,Standard,22-Feb-23,CSTMR0723,Middle Adults,MARMARA,MALE,BURSA,2/22/2023
CSTMR0724,Female,30,Ankara,Central Anatolia,Premium,10/19/2021,CSTMR0724,Early Adults,CENTRAL ANATOLIA,FEMALE,ANKARA,10/19/2021
cstmr0725,Male,24,Eskisehir,Central Anatolia,Standard,24/10/2021,CSTMR0725,Young Adults,CENTRAL ANATOLIA,MALE,ESKISEHIR,10/24/2021
CSTMR0726,Female,18,Ankara,Central Anatolia,Premium,8-May-21,CSTMR0726,Young Adults,CENTRAL ANATOLIA,FEMALE,ANKARA,5/8/2021
cstmr0727,FEMALE,18,Istanbul,Marmara,VIP,8/30/2021,CSTMR0727,Young Adults,MARMARA,FEMALE,ISTANBUL,8/30/2021
CSTMR0728,Female,38,Istanbul,Marmara,Standard,10/1/2021,CSTMR0728,Middle Adults,MARMARA,FEMALE,ISTANBUL,10/1/2021
CSTMR0729,Male,36,Aydin,Aegean,Premium,19-Feb-21,CSTMR0729,Middle Adults,AEGEAN,MALE,AYDIN,2/19/2021
CSTMR0730,Male,43,Antalya,Mediterranean,Standard,29/05/2020,CSTMR0730,Middle Adults,MEDITERRANEAN,MALE,ANTALYA,5/29/2020
CSTMR0731,Female,57,IZMIR,Aegean,Standard,22-04-2020,CSTMR0731,Late Adults,AEGEAN,FEMALE,IZMIR,4/22/2020
cstmr0732,Female,50,Istanbul,Marmara,Standard,5/4/2020,CSTMR0732,Late Adults,MARMARA,FEMALE,ISTANBUL,5/4/2020
CSTMR0733,Female,18,Istanbul,Marmara,Premium,1/2/2021,CSTMR0733,Young Adults,MARMARA,FEMALE,ISTANBUL,1/2/2021
CSTMR0734,Female,53,Aydin,Aegean,Standard,2021.08.28,CSTMR0734,Late Adults,AEGEAN,FEMALE,AYDIN,8/28/2021
CSTMR0735,Female,50,Istanbul,Marmara,Premium,4/8/2020,CSTMR0735,Late Adults,MARMARA,FEMALE,ISTANBUL,4/8/2020
CSTMR0736,Female,57,Antalya,Mediterranean,Standard,21-Jun-22,CSTMR0736,Late Adults,MEDITERRANEAN,FEMALE,ANTALYA,6/21/2022
CSTMR0737,Female,30,Istanbul,Marmara,Premium,28-Aug-20,CSTMR0737,Early Adults,MARMARA,FEMALE,ISTANBUL,8/28/2020
CSTMR0738,FEMALE,36,Aydin,Aegean,Premium,17-10-2021,CSTMR0738,Middle Adults,AEGEAN,FEMALE,AYDIN,10/17/2021
CSTMR0739,Female,36,Izmir,Aegean,Standard,25-09-2022,CSTMR0739,Middle Adults,AEGEAN,FEMALE,IZMIR,9/25/2022
CSTMR0740,Female,37,Kocaeli,Marmara,VIP,8/13/2021,CSTMR0740,Middle Adults,MARMARA,FEMALE,KOCAELI,8/13/2021
CSTMR0741,Female,48,Istanbul,Marmara,Standard,12-Jan-20,CSTMR0741,Late Adults,MARMARA,FEMALE,ISTANBUL,1/12/2020
CSTMR0742,Female,18,Istanbul,Marmara,Premium,9/4/2021,CSTMR0742,Young Adults,MARMARA,FEMALE,ISTANBUL,9/4/2021
CSTMR0743,Female,18,Ankara,Central Anatolia,Standard,2022.07.14,CSTMR0743,Young Adults,CENTRAL ANATOLIA,FEMALE,ANKARA,7/14/2022
CSTMR0744,Male,30,Izmir,Aegean,Premium,21-02-2023,CSTMR0744,Early Adults,AEGEAN,MALE,IZMIR,2/21/2023
cstmr0745,Male,61,Izmir,Aegean,Premium,4/5/2021,CSTMR0745,Older Adults,AEGEAN,MALE,IZMIR,4/5/2021
CSTMR0746,Male,36,Ankara,central anatolia,Premium,10/8/2022,CSTMR0746,Middle Adults,CENTRAL ANATOLIA,MALE,ANKARA,10/8/2022
CSTMR0747,Female,25,Istanbul,Marmara,Standard,15-Mar-23,CSTMR0747,Young Adults,MARMARA,FEMALE,ISTANBUL,3/15/2023
cstmr0748,Male,18,Bursa,Marmara,Standard,4/15/2021,CSTMR0748,Young Adults,MARMARA,MALE,BURSA,4/15/2021
cstmr0749,FEMALE,22,Istanbul,Marmara,Standard,7/10/2022,CSTMR0749,Young Adults,MARMARA,FEMALE,ISTANBUL,7/10/2022
CSTMR0750,Female,24,Izmir,Aegean,Standard,16-03-2021,CSTMR0750,Young Adults,AEGEAN,FEMALE,IZMIR,3/16/2021
CSTMR0751,Other,43,ISTANBUL,Marmara,Standard,9/15/2022,CSTMR0751,Middle Adults,MARMARA,OTHER,ISTANBUL,9/15/2022
cstmr0752,Female,62,Bursa,Marmara,Standard,5/14/2020,CSTMR0752,Older Adults,MARMARA,FEMALE,BURSA,5/14/2020
CSTMR0753,Female,52,Kocaeli,marmara,Standard,2/18/2021,CSTMR0753,Late Adults,MARMARA,FEMALE,KOCAELI,2/18/2021
CSTMR0754,Female,29,IZMIR,Aegean,Standard,3/7/2023,CSTMR0754,Early Adults,AEGEAN,FEMALE,IZMIR,3/7/2023
CSTMR0755,Female,51,Istanbul,Marmara,Standard,9/1/2020,CSTMR0755,Late Adults,MARMARA,FEMALE,ISTANBUL,9/1/2020
CSTMR0756,Male,40,ISTANBUL,marmara,Standard,6/12/2020,CSTMR0756,Middle Adults,MARMARA,MALE,ISTANBUL,6/12/2020
CSTMR0757,Female,26,Ankara,Central Anatolia,Standard,2/5/2023,CSTMR0757,Early Adults,CENTRAL ANATOLIA,FEMALE,ANKARA,2/5/2023
CSTMR0758,FEMALE,29,Istanbul,Marmara,Standard,7-May-21,CSTMR0758,Early Adults,MARMARA,FEMALE,ISTANBUL,5/7/2021
cstmr0759,Male,46,Istanbul,Marmara,Standard,10/12/2022,CSTMR0759,Late Adults,MARMARA,MALE,ISTANBUL,10/12/2022
CSTMR0760,Male,37,ISTANBUL,Marmara,Standard,3/7/2020,CSTMR0760,Middle Adults,MARMARA,MALE,ISTANBUL,3/7/2020
CSTMR0761,Female,27,Kocaeli,Marmara,Standard,12/1/2020,CSTMR0761,Early Adults,MARMARA,FEMALE,KOCAELI,12/1/2020
CSTMR0762,Female,52,Istanbul,marmara,Standard,5/19/2021,CSTMR0762,Late Adults,MARMARA,FEMALE,ISTANBUL,5/19/2021
CSTMR0763,Male,25,Kocaeli,marmara,Premium,11/7/2022,CSTMR0763,Young Adults,MARMARA,MALE,KOCAELI,11/7/2022
CSTMR0764,Male,60,BURSA,marmara,Standard,2021.06.10,CSTMR0764,Late Adults,MARMARA,MALE,BURSA,6/10/2021
CSTMR0765,Male,38,Istanbul,Marmara,Standard,25-04-2022,CSTMR0765,Middle Adults,MARMARA,MALE,ISTANBUL,4/25/2022
cstmr0766,Female,72,Ankara,Central Anatolia,Standard,9-Nov-20,CSTMR0766,Older Adults,CENTRAL ANATOLIA,FEMALE,ANKARA,11/9/2020
CSTMR0767,Other,26,Kocaeli,Marmara,Premium,27-Apr-22,CSTMR0767,Early Adults,MARMARA,OTHER,KOCAELI,4/27/2022
CSTMR0768,Male,50,Istanbul,Marmara,VIP,29-07-2022,CSTMR0768,Late Adults,MARMARA,MALE,ISTANBUL,7/29/2022
CSTMR0769,Female,27,Izmir,Aegean,Standard,2023.02.01,CSTMR0769,Early Adults,AEGEAN,FEMALE,IZMIR,2/1/2023
cstmr0770,Female,29,Istanbul,Marmara,Premium,30/01/2021,CSTMR0770,Early Adults,MARMARA,FEMALE,ISTANBUL,1/30/2021
CSTMR0771,Female,18,Istanbul,Marmara,Standard,11/11/2021,CSTMR0771,Young Adults,MARMARA,FEMALE,ISTANBUL,11/11/2021
CSTMR0772,Male,46,Istanbul,Marmara,Standard,6-Jan-21,CSTMR0772,Late Adults,MARMARA,MALE,ISTANBUL,1/6/2021
CSTMR0773,Male,45,Istanbul,Marmara,Standard,2022.02.23,CSTMR0773,Middle Adults,MARMARA,MALE,ISTANBUL,2/23/2022
cstmr0774,Male,34,Istanbul,Marmara,VIP,2022.03.10,CSTMR0774,Early Adults,MARMARA,MALE,ISTANBUL,3/10/2022
CSTMR0775,Female,45,Istanbul,Marmara,Standard,4/16/2022,CSTMR0775,Middle Adults,MARMARA,FEMALE,ISTANBUL,4/16/2022
CSTMR0776,Female,71,Istanbul,Marmara,Standard,28/07/2022,CSTMR0776,Older Adults,MARMARA,FEMALE,ISTANBUL,7/28/2022
CSTMR0777,Other,37,Kocaeli,Marmara,Standard,11-Jun-21,CSTMR0777,Middle Adults,MARMARA,OTHER,KOCAELI,6/11/2021
cstmr0778,Female,41,Ankara,Central Anatolia,Standard,2/27/2020,CSTMR0778,Middle Adults,CENTRAL ANATOLIA,FEMALE,ANKARA,2/27/2020
CSTMR0779,Female,51,IZMIR,Aegean,Premium,2/9/2023,CSTMR0779,Late Adults,AEGEAN,FEMALE,IZMIR,2/9/2023
CSTMR0780,Male,37,Istanbul,Marmara,Premium,30-Jul-20,CSTMR0780,Middle Adults,MARMARA,MALE,ISTANBUL,7/30/2020
cstmr0781,Male,37,Aydin,Aegean,Premium,15-Nov-21,CSTMR0781,Middle Adults,AEGEAN,MALE,AYDIN,11/15/2021
CSTMR0782,Male,51,Ankara,Central Anatolia,Premium,21-Feb-20,CSTMR0782,Late Adults,CENTRAL ANATOLIA,MALE,ANKARA,2/21/2020
cstmr0783,Female,29,Izmir,Aegean,Standard,7-May-22,CSTMR0783,Early Adults,AEGEAN,FEMALE,IZMIR,5/7/2022
cstmr0784,Male,29,Izmir,Aegean,Premium,12-Jul-22,CSTMR0784,Early Adults,AEGEAN,MALE,IZMIR,7/12/2022
CSTMR0785,Male,28,ISTANBUL,Marmara,Standard,1/12/2022,CSTMR0785,Early Adults,MARMARA,MALE,ISTANBUL,1/12/2022
CSTMR0786,Female,37,Kocaeli,Marmara,Standard,2022.06.20,CSTMR0786,Middle Adults,MARMARA,FEMALE,KOCAELI,6/20/2022
cstmr0787,Male,48,Ankara,Central Anatolia,Standard,21-Feb-20,CSTMR0787,Late Adults,CENTRAL ANATOLIA,MALE,ANKARA,2/21/2020
cstmr0788,Female,40,Izmir,Aegean,VIP,13/10/2021,CSTMR0788,Middle Adults,AEGEAN,FEMALE,IZMIR,10/13/2021
CSTMR0789,MALE,25,Izmir,Aegean,Premium,1/3/2023,CSTMR0789,Young Adults,AEGEAN,MALE,IZMIR,1/3/2023
CSTMR0790,Female,52,Istanbul,Marmara,Standard,4/3/2021,CSTMR0790,Late Adults,MARMARA,FEMALE,ISTANBUL,4/3/2021
CSTMR0791,Male,36,ISTANBUL,marmara,Standard,14-05-2022,CSTMR0791,Middle Adults,MARMARA,MALE,ISTANBUL,5/14/2022
CSTMR0792,Female,42,Izmir,Aegean,Standard,2020.09.29,CSTMR0792,Middle Adults,AEGEAN,FEMALE,IZMIR,9/29/2020
cstmr0793,Male,41,Istanbul,Marmara,Standard,21/05/2021,CSTMR0793,Middle Adults,MARMARA,MALE,ISTANBUL,5/21/2021
CSTMR0794,Female,37,Izmir,Aegean,Standard,2/25/2021,CSTMR0794,Middle Adults,AEGEAN,FEMALE,IZMIR,2/25/2021
cstmr0795,FEMALE,30,Istanbul,Marmara,Premium,11/25/2020,CSTMR0795,Early Adults,MARMARA,FEMALE,ISTANBUL,11/25/2020
cstmr0796,Male,42,Izmir,Aegean,Standard,11-Jan-22,CSTMR0796,Middle Adults,AEGEAN,MALE,IZMIR,1/11/2022
CSTMR0797,Female,43,Istanbul,Marmara,Standard,5-Oct-21,CSTMR0797,Middle Adults,MARMARA,FEMALE,ISTANBUL,10/5/2021
CSTMR0798,Female,26,Izmir,aegean,Standard,22/04/2021,CSTMR0798,Early Adults,AEGEAN,FEMALE,IZMIR,4/22/2021
CSTMR0799,Female,34,Istanbul,Marmara,Standard,25-Jan-22,CSTMR0799,Early Adults,MARMARA,FEMALE,ISTANBUL,1/25/2022
cstmr0800,Female,31,Eskisehir,Central Anatolia,Standard,25-03-2023,CSTMR0800,Early Adults,CENTRAL ANATOLIA,FEMALE,ESKISEHIR,3/25/2023
cstmr0801,Female,35,Izmir,aegean,Standard,2020.10.30,CSTMR0801,Early Adults,AEGEAN,FEMALE,IZMIR,10/30/2020
cstmr0802,Female,24,Kocaeli,Marmara,Standard,25-06-2021,CSTMR0802,Young Adults,MARMARA,FEMALE,KOCAELI,6/25/2021
cstmr0803,Female,51,Ankara,central anatolia,Premium,23-Nov-21,CSTMR0803,Late Adults,CENTRAL ANATOLIA,FEMALE,ANKARA,11/23/2021
CSTMR0804,Female,43,Istanbul,Marmara,Standard,8/21/2021,CSTMR0804,Middle Adults,MARMARA,FEMALE,ISTANBUL,8/21/2021
CSTMR0805,Other,53,Bursa,Marmara,Standard,8/29/2021,CSTMR0805,Late Adults,MARMARA,OTHER,BURSA,8/29/2021
CSTMR0806,Female,43,Eskisehir,Central Anatolia,VIP,11-May-22,CSTMR0806,Middle Adults,CENTRAL ANATOLIA,FEMALE,ESKISEHIR,5/11/2022
CSTMR0807,Female,29,Bursa,Marmara,Standard,6/20/2020,CSTMR0807,Early Adults,MARMARA,FEMALE,BURSA,6/20/2020
cstmr0808,Female,33,ESKISEHIR,Central Anatolia,Standard,25-02-2021,CSTMR0808,Early Adults,CENTRAL ANATOLIA,FEMALE,ESKISEHIR,2/25/2021
CSTMR0809,Female,41,Bursa,Marmara,Standard,8/27/2021,CSTMR0809,Middle Adults,MARMARA,FEMALE,BURSA,8/27/2021
CSTMR0810,Female,52,Antalya,mediterranean,Standard,2022.11.14,CSTMR0810,Late Adults,MEDITERRANEAN,FEMALE,ANTALYA,11/14/2022
CSTMR0811,Female,44,Istanbul,Marmara,Premium,11-Aug-20,CSTMR0811,Middle Adults,MARMARA,FEMALE,ISTANBUL,8/11/2020
CSTMR0812,Male,33,Izmir,Aegean,Premium,3/4/2021,CSTMR0812,Early Adults,AEGEAN,MALE,IZMIR,3/4/2021
CSTMR0813,Female,29,Ankara,Central Anatolia,Standard,6/8/2022,CSTMR0813,Early Adults,CENTRAL ANATOLIA,FEMALE,ANKARA,6/8/2022
CSTMR0814,Female,48,Istanbul,marmara,Standard,16-02-2022,CSTMR0814,Late Adults,MARMARA,FEMALE,ISTANBUL,2/16/2022
CSTMR0815,Male,36,Kocaeli,Marmara,Standard,16-03-2023,CSTMR0815,Middle Adults,MARMARA,MALE,KOCAELI,3/16/2023
CSTMR0816,Male,31,ISTANBUL,Marmara,Standard,6/23/2020,CSTMR0816,Early Adults,MARMARA,MALE,ISTANBUL,6/23/2020
CSTMR0817,Male,39,Izmir,aegean,VIP,9/1/2020,CSTMR0817,Middle Adults,AEGEAN,MALE,IZMIR,9/1/2020
CSTMR0818,Male,29,ISTANBUL,Marmara,Premium,15-Jan-20,CSTMR0818,Early Adults,MARMARA,MALE,ISTANBUL,1/15/2020
CSTMR0819,Male,38,Bursa,Marmara,Premium,2020.09.22,CSTMR0819,Middle Adults,MARMARA,MALE,BURSA,9/22/2020
CSTMR0820,Female,49,Istanbul,Marmara,Standard,11/1/2020,CSTMR0820,Late Adults,MARMARA,FEMALE,ISTANBUL,11/1/2020
CSTMR0821,Female,38,Istanbul,Marmara,Premium,7/6/2022,CSTMR0821,Middle Adults,MARMARA,FEMALE,ISTANBUL,7/6/2022
CSTMR0822,FEMALE,25,Aydin,Aegean,Standard,14-11-2022,CSTMR0822,Young Adults,AEGEAN,FEMALE,AYDIN,11/14/2022
cstmr0823,Male,28,Istanbul,Marmara,Standard,1/20/2023,CSTMR0823,Early Adults,MARMARA,MALE,ISTANBUL,1/20/2023
CSTMR0824,Male,39,Kocaeli,Marmara,Standard,8/19/2020,CSTMR0824,Middle Adults,MARMARA,MALE,KOCAELI,8/19/2020
CSTMR0825,Female,44,Istanbul,Marmara,Standard,4/3/2021,CSTMR0825,Middle Adults,MARMARA,FEMALE,ISTANBUL,4/3/2021
CSTMR0826,Female,38,ISTANBUL,Marmara,Standard,1/1/2021,CSTMR0826,Middle Adults,MARMARA,FEMALE,ISTANBUL,1/1/2021
CSTMR0827,Female,34,Ankara,Central Anatolia,Standard,30-Aug-22,CSTMR0827,Early Adults,CENTRAL ANATOLIA,FEMALE,ANKARA,8/30/2022
CSTMR0828,Female,28,Ankara,Central Anatolia,Premium,4/2/2020,CSTMR0828,Early Adults,CENTRAL ANATOLIA,FEMALE,ANKARA,4/2/2020
CSTMR0829,Female,65,Aydin,Aegean,Premium,26-Dec-21,CSTMR0829,Older Adults,AEGEAN,FEMALE,AYDIN,12/26/2021
CSTMR0830,Female,35,Istanbul,Marmara,Premium,2021.03.14,CSTMR0830,Early Adults,MARMARA,FEMALE,ISTANBUL,3/14/2021
CSTMR0831,Female,42,Istanbul,Marmara,Premium,23-Feb-23,CSTMR0831,Middle Adults,MARMARA,FEMALE,ISTANBUL,2/23/2023
cstmr0832,Male,18,Istanbul,marmara,Standard,4/6/2023,CSTMR0832,Young Adults,MARMARA,MALE,ISTANBUL,4/6/2023
CSTMR0833,Female,39,Istanbul,Marmara,Standard,22-Feb-21,CSTMR0833,Middle Adults,MARMARA,FEMALE,ISTANBUL,2/22/2021
cstmr0834,Male,38,Istanbul,marmara,VIP,2020.08.01,CSTMR0834,Middle Adults,MARMARA,MALE,ISTANBUL,8/1/2020
CSTMR0835,Male,54,Kocaeli,Marmara,VIP,2022.07.07,CSTMR0835,Late Adults,MARMARA,MALE,KOCAELI,7/7/2022
cstmr0836,Female,23,Istanbul,Marmara,Standard,8-Nov-20,CSTMR0836,Young Adults,MARMARA,FEMALE,ISTANBUL,11/8/2020
CSTMR0837,Male,31,Kocaeli,Marmara,Standard,12/5/2020,CSTMR0837,Early Adults,MARMARA,MALE,KOCAELI,12/5/2020
cstmr0838,Male,46,Ankara,Central Anatolia,Premium,6/16/2021,CSTMR0838,Late Adults,CENTRAL ANATOLIA,MALE,ANKARA,6/16/2021
CSTMR0839,Female,24,Istanbul,Marmara,Premium,9/20/2021,CSTMR0839,Young Adults,MARMARA,FEMALE,ISTANBUL,9/20/2021
CSTMR0840,Female,37,Istanbul,Marmara,Standard,2/27/2020,CSTMR0840,Middle Adults,MARMARA,FEMALE,ISTANBUL,2/27/2020
CSTMR0841,Male,49,Istanbul,Marmara,Standard,13-Apr-22,CSTMR0841,Late Adults,MARMARA,MALE,ISTANBUL,4/13/2022
CSTMR0842,Male,27,Kocaeli,Marmara,Standard,25-05-2020,CSTMR0842,Early Adults,MARMARA,MALE,KOCAELI,5/25/2020
cstmr0843,Female,33,Izmir,Aegean,Premium,1-Jun-20,CSTMR0843,Early Adults,AEGEAN,FEMALE,IZMIR,6/1/2020
cstmr0844,Female,31,Izmir,Aegean,Premium,10-Dec-20,CSTMR0844,Early Adults,AEGEAN,FEMALE,IZMIR,12/10/2020
CSTMR0845,Male,43,Istanbul,Marmara,Standard,20-Apr-22,CSTMR0845,Middle Adults,MARMARA,MALE,ISTANBUL,4/20/2022
CSTMR0846,Female,52,Istanbul,Marmara,Standard,5/21/2022,CSTMR0846,Late Adults,MARMARA,FEMALE,ISTANBUL,5/21/2022
cstmr0847,FEMALE,63,Bursa,Marmara,Standard,22-05-2022,CSTMR0847,Older Adults,MARMARA,FEMALE,BURSA,5/22/2022
cstmr0848,Male,53,Istanbul,marmara,Standard,25/06/2021,CSTMR0848,Late Adults,MARMARA,MALE,ISTANBUL,6/25/2021
CSTMR0849,Male,18,Ankara,Central Anatolia,VIP,9/12/2021,CSTMR0849,Young Adults,CENTRAL ANATOLIA,MALE,ANKARA,9/12/2021
cstmr0850,Female,55,Istanbul,Marmara,Standard,2022.12.28,CSTMR0850,Late Adults,MARMARA,FEMALE,ISTANBUL,12/28/2022
CSTMR0851,Male,53,Antalya,Mediterranean,Standard,26-Jul-22,CSTMR0851,Late Adults,MEDITERRANEAN,MALE,ANTALYA,7/26/2022
CSTMR0852,Female,51,ISTANBUL,Marmara,Standard,2020.03.07,CSTMR0852,Late Adults,MARMARA,FEMALE,ISTANBUL,3/7/2020
CSTMR0853,Male,34,Istanbul,Marmara,Premium,2/4/2023,CSTMR0853,Early Adults,MARMARA,MALE,ISTANBUL,2/4/2023
cstmr0854,Male,43,Istanbul,Marmara,Standard,13-03-2020,CSTMR0854,Middle Adults,MARMARA,MALE,ISTANBUL,3/13/2020
CSTMR0855,Female,21,Adana,mediterranean,Standard,20-Mar-23,CSTMR0855,Young Adults,MEDITERRANEAN,FEMALE,ADANA,3/20/2023
CSTMR0856,Male,33,ESKISEHIR,Central Anatolia,VIP,4/1/2022,CSTMR0856,Early Adults,CENTRAL ANATOLIA,MALE,ESKISEHIR,4/1/2022
cstmr0857,FEMALE,26,Izmir,Aegean,Premium,2-Nov-22,CSTMR0857,Early Adults,AEGEAN,FEMALE,IZMIR,11/2/2022
cstmr0858,Female,34,Aydin,Aegean,Standard,28-11-2021,CSTMR0858,Early Adults,AEGEAN,FEMALE,AYDIN,11/28/2021
CSTMR0859,Female,50,Bursa,Marmara,Standard,8/13/2022,CSTMR0859,Late Adults,MARMARA,FEMALE,BURSA,8/13/2022
CSTMR0860,Male,20,Ankara,Central Anatolia,Premium,3-Aug-20,CSTMR0860,Young Adults,CENTRAL ANATOLIA,MALE,ANKARA,8/3/2020
cstmr0861,MALE,51,Istanbul,Marmara,Standard,2022.05.19,CSTMR0861,Late Adults,MARMARA,MALE,ISTANBUL,5/19/2022
cstmr0862,Male,29,Ankara,Central Anatolia,Standard,3/13/2023,CSTMR0862,Early Adults,CENTRAL ANATOLIA,MALE,ANKARA,3/13/2023
cstmr0863,Male,28,Ankara,Central Anatolia,Premium,6/21/2020,CSTMR0863,Early Adults,CENTRAL ANATOLIA,MALE,ANKARA,6/21/2020
CSTMR0864,MALE,24,Ankara,Central Anatolia,VIP,6/1/2021,CSTMR0864,Young Adults,CENTRAL ANATOLIA,MALE,ANKARA,6/1/2021
CSTMR0865,Female,24,Kocaeli,Marmara,Standard,21/03/2023,CSTMR0865,Young Adults,MARMARA,FEMALE,KOCAELI,3/21/2023
CSTMR0866,Female,52,Istanbul,Marmara,Standard,17-Jun-22,CSTMR0866,Late Adults,MARMARA,FEMALE,ISTANBUL,6/17/2022
cstmr0867,Male,28,Izmir,Aegean,VIP,6/4/2022,CSTMR0867,Early Adults,AEGEAN,MALE,IZMIR,6/4/2022
CSTMR0868,Male,36,Istanbul,Marmara,VIP,18/12/2022,CSTMR0868,Middle Adults,MARMARA,MALE,ISTANBUL,12/18/2022
CSTMR0869,Male,28,Izmir,Aegean,Standard,11/24/2022,CSTMR0869,Early Adults,AEGEAN,MALE,IZMIR,11/24/2022
CSTMR0870,Male,40,Istanbul,Marmara,Standard,9/10/2020,CSTMR0870,Middle Adults,MARMARA,MALE,ISTANBUL,9/10/2020
cstmr0871,Male,44,IZMIR,Aegean,Standard,7/28/2021,CSTMR0871,Middle Adults,AEGEAN,MALE,IZMIR,7/28/2021
CSTMR0872,MALE,49,Izmir,Aegean,VIP,8/11/2020,CSTMR0872,Late Adults,AEGEAN,MALE,IZMIR,8/11/2020
CSTMR0873,Female,28,Aydin,Aegean,Standard,2/18/2021,CSTMR0873,Early Adults,AEGEAN,FEMALE,AYDIN,2/18/2021
cstmr0874,Female,18,Istanbul,Marmara,Standard,12/9/2022,CSTMR0874,Young Adults,MARMARA,FEMALE,ISTANBUL,12/9/2022
cstmr0875,Female,35,Ankara,Central Anatolia,Standard,9/3/2020,CSTMR0875,Early Adults,CENTRAL ANATOLIA,FEMALE,ANKARA,9/3/2020
CSTMR0876,Other,31,Antalya,Mediterranean,Standard,10-Sep-22,CSTMR0876,Early Adults,MEDITERRANEAN,OTHER,ANTALYA,9/10/2022
cstmr0877,Female,40,Istanbul,Marmara,Premium,10/1/2023,CSTMR0877,Middle Adults,MARMARA,FEMALE,ISTANBUL,10/1/2023
cstmr0878,Female,18,Kocaeli,Marmara,Standard,3/2/2022,CSTMR0878,Young Adults,MARMARA,FEMALE,KOCAELI,3/2/2022
cstmr0879,Female,30,Bursa,Marmara,Standard,1/22/2023,CSTMR0879,Early Adults,MARMARA,FEMALE,BURSA,1/22/2023
CSTMR0880,Male,18,Ankara,Central Anatolia,Premium,17/10/2020,CSTMR0880,Young Adults,CENTRAL ANATOLIA,MALE,ANKARA,10/17/2020
CSTMR0881,MALE,27,Istanbul,Marmara,Standard,5/17/2021,CSTMR0881,Early Adults,MARMARA,MALE,ISTANBUL,5/17/2021
CSTMR0882,Other,42,ISTANBUL,marmara,Standard,15-08-2021,CSTMR0882,Middle Adults,MARMARA,OTHER,ISTANBUL,8/15/2021
CSTMR0883,Male,35,Istanbul,Marmara,Standard,12/9/2021,CSTMR0883,Early Adults,MARMARA,MALE,ISTANBUL,12/9/2021
CSTMR0884,Female,45,Izmir,Aegean,Premium,11-Apr-22,CSTMR0884,Middle Adults,AEGEAN,FEMALE,IZMIR,4/11/2022
CSTMR0885,Male,47,Ankara,central anatolia,Standard,11/22/2020,CSTMR0885,Late Adults,CENTRAL ANATOLIA,MALE,ANKARA,11/22/2020
CSTMR0886,Female,48,Istanbul,Marmara,Standard,5/4/2020,CSTMR0886,Late Adults,MARMARA,FEMALE,ISTANBUL,5/4/2020
CSTMR0887,MALE,55,Istanbul,Marmara,Standard,8/15/2020,CSTMR0887,Late Adults,MARMARA,MALE,ISTANBUL,8/15/2020
cstmr0888,Female,47,Istanbul,Marmara,Premium,5/23/2022,CSTMR0888,Late Adults,MARMARA,FEMALE,ISTANBUL,5/23/2022
cstmr0889,Male,36,Aydin,Aegean,Standard,6/19/2020,CSTMR0889,Middle Adults,AEGEAN,MALE,AYDIN,6/19/2020
cstmr0890,Male,28,Ankara,Central Anatolia,Standard,7-Jul-22,CSTMR0890,Early Adults,CENTRAL ANATOLIA,MALE,ANKARA,7/7/2022
CSTMR0891,Other,31,Ankara,central anatolia,Premium,5/25/2020,CSTMR0891,Early Adults,CENTRAL ANATOLIA,OTHER,ANKARA,5/25/2020
CSTMR0892,Male,38,Istanbul,Marmara,Standard,7/11/2020,CSTMR0892,Middle Adults,MARMARA,MALE,ISTANBUL,7/11/2020
cstmr0893,Female,33,Kocaeli,Marmara,Standard,2021.06.04,CSTMR0893,Early Adults,MARMARA,FEMALE,KOCAELI,6/4/2021
cstmr0894,Female,45,Istanbul,Marmara,VIP,2021.11.21,CSTMR0894,Middle Adults,MARMARA,FEMALE,ISTANBUL,11/21/2021
CSTMR0895,Female,21,Bursa,Marmara,Standard,8/8/2022,CSTMR0895,Young Adults,MARMARA,FEMALE,BURSA,8/8/2022
CSTMR0896,Male,39,Bursa,Marmara,Standard,3-Apr-21,CSTMR0896,Middle Adults,MARMARA,MALE,BURSA,4/3/2021
CSTMR0897,Male,29,Antalya,Mediterranean,VIP,21/04/2020,CSTMR0897,Early Adults,MEDITERRANEAN,MALE,ANTALYA,4/21/2020
CSTMR0898,FEMALE,34,Istanbul,Marmara,Premium,4/15/2021,CSTMR0898,Early Adults,MARMARA,FEMALE,ISTANBUL,4/15/2021
cstmr0899,Female,41,Istanbul,Marmara,Premium,2/11/2023,CSTMR0899,Middle Adults,MARMARA,FEMALE,ISTANBUL,2/11/2023
cstmr0900,Male,27,Kocaeli,Marmara,Standard,16/11/2020,CSTMR0900,Early Adults,MARMARA,MALE,KOCAELI,11/16/2020
cstmr0901,Male,35,Ankara,Central Anatolia,Premium,21-06-2021,CSTMR0901,Early Adults,CENTRAL ANATOLIA,MALE,ANKARA,6/21/2021
CSTMR0902,Female,40,Antalya,Mediterranean,Premium,19-06-2020,CSTMR0902,Middle Adults,MEDITERRANEAN,FEMALE,ANTALYA,6/19/2020
cstmr0903,Female,38,Kocaeli,Marmara,Standard,2023.03.31,CSTMR0903,Middle Adults,MARMARA,FEMALE,KOCAELI,3/31/2023
CSTMR0904,Male,40,Kocaeli,Marmara,Premium,22-Nov-20,CSTMR0904,Middle Adults,MARMARA,MALE,KOCAELI,11/22/2020
CSTMR0905,Male,35,Ankara,Central Anatolia,Premium,2023.03.19,CSTMR0905,Early Adults,CENTRAL ANATOLIA,MALE,ANKARA,3/19/2023
CSTMR0906,Female,21,Istanbul,Marmara,Premium,15-May-21,CSTMR0906,Young Adults,MARMARA,FEMALE,ISTANBUL,5/15/2021
cstmr0907,Male,30,Antalya,Mediterranean,VIP,4/5/2021,CSTMR0907,Early Adults,MEDITERRANEAN,MALE,ANTALYA,4/5/2021
CSTMR0908,Male,31,BURSA,Marmara,Premium,1-Sep-22,CSTMR0908,Early Adults,MARMARA,MALE,BURSA,9/1/2022
cstmr0909,OTHER,42,KOCAELI,Marmara,Standard,27-Apr-22,CSTMR0909,Middle Adults,MARMARA,OTHER,KOCAELI,4/27/2022
CSTMR0910,Male,30,Ankara,central anatolia,Premium,3/23/2023,CSTMR0910,Early Adults,CENTRAL ANATOLIA,MALE,ANKARA,3/23/2023
CSTMR0911,Male,28,Kocaeli,Marmara,Premium,5/8/2021,CSTMR0911,Early Adults,MARMARA,MALE,KOCAELI,5/8/2021
CSTMR0912,Female,63,ANKARA,Central Anatolia,Standard,8/9/2021,CSTMR0912,Older Adults,CENTRAL ANATOLIA,FEMALE,ANKARA,8/9/2021
CSTMR0913,Male,21,Istanbul,Marmara,Standard,2020.08.13,CSTMR0913,Young Adults,MARMARA,MALE,ISTANBUL,8/13/2020
cstmr0914,FEMALE,53,Istanbul,Marmara,Standard,1/25/2023,CSTMR0914,Late Adults,MARMARA,FEMALE,ISTANBUL,1/25/2023
cstmr0915,Male,49,Izmir,Aegean,Premium,7/6/2021,CSTMR0915,Late Adults,AEGEAN,MALE,IZMIR,7/6/2021
CSTMR0916,Male,21,Aydin,Aegean,Standard,7/5/2020,CSTMR0916,Young Adults,AEGEAN,MALE,AYDIN,7/5/2020
CSTMR0917,Male,53,Istanbul,Marmara,Premium,22-Mar-21,CSTMR0917,Late Adults,MARMARA,MALE,ISTANBUL,3/22/2021
CSTMR0918,Female,24,Aydin,Aegean,Standard,24-Jun-20,CSTMR0918,Young Adults,AEGEAN,FEMALE,AYDIN,6/24/2020
CSTMR0919,Female,31,Eskisehir,Central Anatolia,Standard,27-Feb-23,CSTMR0919,Early Adults,CENTRAL ANATOLIA,FEMALE,ESKISEHIR,2/27/2023
CSTMR0920,Male,34,Ankara,Central Anatolia,Standard,4/15/2022,CSTMR0920,Early Adults,CENTRAL ANATOLIA,MALE,ANKARA,4/15/2022
CSTMR0921,Female,41,Eskisehir,Central Anatolia,Premium,5/31/2020,CSTMR0921,Middle Adults,CENTRAL ANATOLIA,FEMALE,ESKISEHIR,5/31/2020
CSTMR0922,Male,57,Aydin,Aegean,Standard,4/10/2020,CSTMR0922,Late Adults,AEGEAN,MALE,AYDIN,4/10/2020
CSTMR0923,Male,38,Izmir,Aegean,Standard,12/7/2021,CSTMR0923,Middle Adults,AEGEAN,MALE,IZMIR,12/7/2021
CSTMR0924,Female,35,ISTANBUL,Marmara,Premium,9/14/2022,CSTMR0924,Early Adults,MARMARA,FEMALE,ISTANBUL,9/14/2022
CSTMR0925,MALE,36,Istanbul,Marmara,Premium,4/1/2020,CSTMR0925,Middle Adults,MARMARA,MALE,ISTANBUL,4/1/2020
cstmr0926,Male,47,Istanbul,Marmara,Standard,20-Mar-22,CSTMR0926,Late Adults,MARMARA,MALE,ISTANBUL,3/20/2022
cstmr0927,Male,18,Aydin,Aegean,Standard,8-Dec-22,CSTMR0927,Young Adults,AEGEAN,MALE,AYDIN,12/8/2022
CSTMR0928,MALE,30,Ankara,Central Anatolia,Premium,12/5/2022,CSTMR0928,Early Adults,CENTRAL ANATOLIA,MALE,ANKARA,12/5/2022
cstmr0929,Male,34,Istanbul,Marmara,Standard,2/15/2023,CSTMR0929,Early Adults,MARMARA,MALE,ISTANBUL,2/15/2023
CSTMR0930,Male,51,Ankara,Central Anatolia,Standard,9/5/2022,CSTMR0930,Late Adults,CENTRAL ANATOLIA,MALE,ANKARA,9/5/2022
CSTMR0931,Male,24,Istanbul,Marmara,Standard,17-07-2020,CSTMR0931,Young Adults,MARMARA,MALE,ISTANBUL,7/17/2020
CSTMR0932,OTHER,45,Bursa,Marmara,Premium,8/20/2022,CSTMR0932,Middle Adults,MARMARA,OTHER,BURSA,8/20/2022
cstmr0933,Other,36,Kocaeli,Marmara,Standard,2023.03.09,CSTMR0933,Middle Adults,MARMARA,OTHER,KOCAELI,3/9/2023
cstmr0934,Female,44,Izmir,Aegean,Standard,6/12/2022,CSTMR0934,Middle Adults,AEGEAN,FEMALE,IZMIR,6/12/2022
cstmr0935,Female,47,Ankara,Central Anatolia,Premium,5/9/2020,CSTMR0935,Late Adults,CENTRAL ANATOLIA,FEMALE,ANKARA,5/9/2020
CSTMR0936,MALE,23,Izmir,Aegean,Standard,2020.03.18,CSTMR0936,Young Adults,AEGEAN,MALE,IZMIR,3/18/2020
CSTMR0937,Female,31,Eskisehir,Central Anatolia,Premium,10/4/2020,CSTMR0937,Early Adults,CENTRAL ANATOLIA,FEMALE,ESKISEHIR,10/4/2020
cstmr0938,Female,40,Izmir,Aegean,Standard,10/12/2022,CSTMR0938,Middle Adults,AEGEAN,FEMALE,IZMIR,10/12/2022
CSTMR0939,Male,21,Ankara,Central Anatolia,Premium,22-Dec-20,CSTMR0939,Young Adults,CENTRAL ANATOLIA,MALE,ANKARA,12/22/2020
CSTMR0940,Male,42,Istanbul,Marmara,Premium,7/10/2020,CSTMR0940,Middle Adults,MARMARA,MALE,ISTANBUL,7/10/2020
CSTMR0941,Male,33,Istanbul,Marmara,Premium,12/6/2021,CSTMR0941,Early Adults,MARMARA,MALE,ISTANBUL,12/6/2021
cstmr0942,Male,41,Ankara,Central Anatolia,Premium,25/02/2021,CSTMR0942,Middle Adults,CENTRAL ANATOLIA,MALE,ANKARA,2/25/2021
CSTMR0943,Female,45,Aydin,Aegean,Standard,29-Dec-20,CSTMR0943,Middle Adults,AEGEAN,FEMALE,AYDIN,12/29/2020
CSTMR0944,Female,36,Ankara,Central Anatolia,Standard,8/20/2022,CSTMR0944,Middle Adults,CENTRAL ANATOLIA,FEMALE,ANKARA,8/20/2022
cstmr0945,Male,62,Istanbul,Marmara,Premium,2020.04.15,CSTMR0945,Older Adults,MARMARA,MALE,ISTANBUL,4/15/2020
cstmr0946,Male,53,Izmir,Aegean,Premium,19/01/2020,CSTMR0946,Late Adults,AEGEAN,MALE,IZMIR,1/19/2020
cstmr0947,Female,22,Izmir,Aegean,Standard,13-06-2022,CSTMR0947,Young Adults,AEGEAN,FEMALE,IZMIR,6/13/2022
CSTMR0948,Male,42,Istanbul,Marmara,Standard,27-Sep-21,CSTMR0948,Middle Adults,MARMARA,MALE,ISTANBUL,9/27/2021
CSTMR0949,Male,31,Istanbul,marmara,Premium,4-Apr-21,CSTMR0949,Early Adults,MARMARA,MALE,ISTANBUL,4/4/2021
CSTMR0950,Male,44,Ankara,Central Anatolia,Standard,3-May-22,CSTMR0950,Middle Adults,CENTRAL ANATOLIA,MALE,ANKARA,5/3/2022
cstmr0951,Female,18,AYDIN,Aegean,VIP,26/03/2020,CSTMR0951,Young Adults,AEGEAN,FEMALE,AYDIN,3/26/2020
CSTMR0952,Male,38,Istanbul,Marmara,Standard,12/10/2022,CSTMR0952,Middle Adults,MARMARA,MALE,ISTANBUL,12/10/2022
CSTMR0953,Female,66,ISTANBUL,Marmara,Standard,11-Mar-22,CSTMR0953,Older Adults,MARMARA,FEMALE,ISTANBUL,3/11/2022
cstmr0954,Male,42,Istanbul,Marmara,Standard,12/17/2020,CSTMR0954,Middle Adults,MARMARA,MALE,ISTANBUL,12/17/2020
cstmr0955,FEMALE,46,Bursa,Marmara,Standard,1/25/2020,CSTMR0955,Late Adults,MARMARA,FEMALE,BURSA,1/25/2020
CSTMR0956,Female,31,Istanbul,Marmara,Standard,8-Dec-20,CSTMR0956,Early Adults,MARMARA,FEMALE,ISTANBUL,12/8/2020
cstmr0957,Female,52,Istanbul,Marmara,Premium,17-07-2022,CSTMR0957,Late Adults,MARMARA,FEMALE,ISTANBUL,7/17/2022
cstmr0958,Male,35,Ankara,Central Anatolia,Standard,10/17/2022,CSTMR0958,Early Adults,CENTRAL ANATOLIA,MALE,ANKARA,10/17/2022
CSTMR0959,Female,29,BURSA,Marmara,VIP,24-Jun-22,CSTMR0959,Early Adults,MARMARA,FEMALE,BURSA,6/24/2022
CSTMR0960,Male,34,Ankara,Central Anatolia,Standard,2-Apr-23,CSTMR0960,Early Adults,CENTRAL ANATOLIA,MALE,ANKARA,4/2/2023
CSTMR0961,Male,52,Izmir,Aegean,Premium,11-May-22,CSTMR0961,Late Adults,AEGEAN,MALE,IZMIR,5/11/2022
CSTMR0962,Female,38,Istanbul,Marmara,Standard,4/12/2022,CSTMR0962,Middle Adults,MARMARA,FEMALE,ISTANBUL,4/12/2022
CSTMR0963,Male,23,Istanbul,Marmara,Standard,2020.03.30,CSTMR0963,Young Adults,MARMARA,MALE,ISTANBUL,3/30/2020
CSTMR0964,Female,40,Ankara,Central Anatolia,VIP,6/16/2022,CSTMR0964,Middle Adults,CENTRAL ANATOLIA,FEMALE,ANKARA,6/16/2022
CSTMR0965,Female,54,Istanbul,Marmara,Premium,9/23/2022,CSTMR0965,Late Adults,MARMARA,FEMALE,ISTANBUL,9/23/2022
CSTMR0966,Male,18,Istanbul,Marmara,Premium,20-03-2023,CSTMR0966,Young Adults,MARMARA,MALE,ISTANBUL,3/20/2023
CSTMR0967,Female,49,Izmir,Aegean,Standard,24-Apr-22,CSTMR0967,Late Adults,AEGEAN,FEMALE,IZMIR,4/24/2022
cstmr0968,Male,35,Ankara,Central Anatolia,Premium,29-Jan-22,CSTMR0968,Early Adults,CENTRAL ANATOLIA,MALE,ANKARA,1/29/2022
CSTMR0969,Female,23,Istanbul,Marmara,Standard,10-Dec-21,CSTMR0969,Young Adults,MARMARA,FEMALE,ISTANBUL,12/10/2021
cstmr0970,Other,50,Izmir,Aegean,Standard,24/02/2021,CSTMR0970,Late Adults,AEGEAN,OTHER,IZMIR,2/24/2021
CSTMR0971,Female,33,Ankara,Central Anatolia,Standard,5-Apr-21,CSTMR0971,Early Adults,CENTRAL ANATOLIA,FEMALE,ANKARA,4/5/2021
CSTMR0972,Male,18,Ankara,Central Anatolia,Premium,3/8/2020,CSTMR0972,Young Adults,CENTRAL ANATOLIA,MALE,ANKARA,3/8/2020
CSTMR0973,Female,19,Istanbul,Marmara,Premium,2021.06.07,CSTMR0973,Young Adults,MARMARA,FEMALE,ISTANBUL,6/7/2021
CSTMR0974,Female,27,Izmir,Aegean,VIP,8/4/2020,CSTMR0974,Early Adults,AEGEAN,FEMALE,IZMIR,8/4/2020
CSTMR0975,Male,24,Antalya,Mediterranean,Standard,4/15/2022,CSTMR0975,Young Adults,MEDITERRANEAN,MALE,ANTALYA,4/15/2022
CSTMR0976,Male,55,Izmir,Aegean,Standard,1/29/2023,CSTMR0976,Late Adults,AEGEAN,MALE,IZMIR,1/29/2023
CSTMR0977,Female,45,Istanbul,Marmara,Standard,2020.06.30,CSTMR0977,Middle Adults,MARMARA,FEMALE,ISTANBUL,6/30/2020
CSTMR0978,Male,47,Adana,Mediterranean,VIP,27/04/2022,CSTMR0978,Late Adults,MEDITERRANEAN,MALE,ADANA,4/27/2022
cstmr0979,Male,52,Bursa,Marmara,Premium,26-Jul-21,CSTMR0979,Late Adults,MARMARA,MALE,BURSA,7/26/2021
cstmr0980,Male,32,KOCAELI,Marmara,Standard,13/08/2020,CSTMR0980,Early Adults,MARMARA,MALE,KOCAELI,8/13/2020
CSTMR0981,Male,24,Ankara,Central Anatolia,Standard,12-Nov-21,CSTMR0981,Young Adults,CENTRAL ANATOLIA,MALE,ANKARA,11/12/2021
cstmr0982,Male,63,Istanbul,Marmara,Standard,5-Apr-23,CSTMR0982,Older Adults,MARMARA,MALE,ISTANBUL,4/5/2023
CSTMR0983,Male,59,Istanbul,Marmara,Standard,20-Oct-20,CSTMR0983,Late Adults,MARMARA,MALE,ISTANBUL,10/20/2020
CSTMR0984,Male,47,Istanbul,Marmara,Standard,4/15/2022,CSTMR0984,Late Adults,MARMARA,MALE,ISTANBUL,4/15/2022
CSTMR0985,MALE,50,Istanbul,Marmara,Standard,7/15/2022,CSTMR0985,Late Adults,MARMARA,MALE,ISTANBUL,7/15/2022
CSTMR0986,Male,53,Kocaeli,Marmara,Standard,11/19/2021,CSTMR0986,Late Adults,MARMARA,MALE,KOCAELI,11/19/2021
cstmr0987,Female,42,Bursa,Marmara,Standard,2022.08.17,CSTMR0987,Middle Adults,MARMARA,FEMALE,BURSA,8/17/2022
CSTMR0988,Male,41,ANKARA,Central Anatolia,VIP,5/3/2022,CSTMR0988,Middle Adults,CENTRAL ANATOLIA,MALE,ANKARA,5/3/2022
CSTMR0989,Male,26,Istanbul,Marmara,Standard,8-Dec-21,CSTMR0989,Early Adults,MARMARA,MALE,ISTANBUL,12/8/2021
CSTMR0990,Female,35,ANKARA,Central Anatolia,VIP,2023.01.12,CSTMR0990,Early Adults,CENTRAL ANATOLIA,FEMALE,ANKARA,1/12/2023
CSTMR0991,Male,18,Bursa,Marmara,Premium,11/28/2020,CSTMR0991,Young Adults,MARMARA,MALE,BURSA,11/28/2020
CSTMR0992,Female,39,Istanbul,Marmara,Premium,23/02/2021,CSTMR0992,Middle Adults,MARMARA,FEMALE,ISTANBUL,2/23/2021
cstmr0993,Female,19,Istanbul,Marmara,Premium,8/2/2021,CSTMR0993,Young Adults,MARMARA,FEMALE,ISTANBUL,8/2/2021
cstmr0994,Male,36,Istanbul,Marmara,Standard,18/09/2022,CSTMR0994,Middle Adults,MARMARA,MALE,ISTANBUL,9/18/2022
cstmr0995,Female,36,Aydin,Aegean,Standard,25-Feb-23,CSTMR0995,Middle Adults,AEGEAN,FEMALE,AYDIN,2/25/2023
CSTMR0996,Female,49,Aydin,Aegean,Standard,1/6/2023,CSTMR0996,Late Adults,AEGEAN,FEMALE,AYDIN,1/6/2023
CSTMR0997,Female,36,IZMIR,Aegean,Premium,9-Apr-23,CSTMR0997,Middle Adults,AEGEAN,FEMALE,IZMIR,4/9/2023
CSTMR0998,Male,24,Istanbul,Marmara,Standard,10/12/2022,CSTMR0998,Young Adults,MARMARA,MALE,ISTANBUL,10/12/2022
CSTMR0999,Male,18,Bursa,Marmara,Premium,9/18/2020,CSTMR0999,Young Adults,MARMARA,MALE,BURSA,9/18/2020
cstmr1000,Male,69,Kocaeli,marmara,VIP,4/1/2020,CSTMR1000,Older Adults,MARMARA,MALE,KOCAELI,4/1/2020
