OrderID,CustomerID,OrderDate,OrderTime
ord00001,CSTMR0983,"Apr 10, 2021",12:53:24
ORD00002,cstmr0703,"Apr 21, 2024",22:08:16
ord00003,CSTMR0920,27/10/2022,10:21:26
ORD00004,CSTMR0158,07/11/2025,22:24:27
ord00005,cstmr0834,09-05-21,13:23:16
ORD00006,CSTMR0336,02-01-24,10:02:55
ord00007,CSTMR0166,10 Sep 2025,21:30:09
ORD00008,CSTMR0102,2026.04.14,11:10:46
ORD00009,cstmr0271,07/20/2024,08:15:36
ORD00010,CSTMR0678,2022.02.05,08:56:08
ORD00011,CSTMR0628,2026-03-02,14:46:02
ord00012,cstmr0112,2025-06-07,11:56:54
ORD00013,CSTMR0229,05-06-2025,11:11:28
ord00014,CSTMR0092,"Apr 14, 2022",13:43:33
ORD00015,cstmr0515,2023-07-28,12:42:59
ORD00016,cstmr0864,21/02/2022,12:41:27
ord00017,CSTMR0601,"May 17, 2024",14:09:52
ORD00018,CSTMR0130,"Mar 17, 2023",10:21:35
ord00019,CSTMR0756,03/03/2022,13:11:01
ord00020,CSTMR0819,29-08-2025,21:11:47
ord00021,CSTMR0977,2022.12.11,22:29:18
ORD00022,CSTMR0809,2023.09.11,22:24:01
ORD00023,CSTMR0288,2021.03.10,19:17:36
ORD00024,CSTMR0483,23 Aug 2024,10:52:38
ord00025,cstmr0711,03-08-23,09:10:21
ord00026,CSTMR0471,04/11/2025,13:45:33
ORD00027,CSTMR0222,19/08/2024,19:01:28
ORD00028,CSTMR0235,02-06-2024,19:37:07
ORD00029,CSTMR0180,2024-07-11,16:22:03
ORD00030,CSTMR0741,2026.03.30,16:53:04
ORD00031,cstmr0518,05-10-26,16:51:34
ord00032,CSTMR0219,20-05-2021,20:35:22
ORD00033,cstmr0035,17-05-2025,11:27:56
ORD00034,CSTMR0153,10/09/2024,08:50:05
ORD00035,cstmr0275,2026.02.07,19:21:59
ORD00036,cstmr0125,"Apr 16, 2023",13:50:23
ORD00037,CSTMR0071,2023.05.17,14:23:01
ORD00038,CSTMR0716,01 Sep 2024,15:31:25
ORD00039,CSTMR0897,10/21/2025,13:18:53
ORD00040,CSTMR0191,"Jul 09, 2023",20:32:50
ORD00041,cstmr0969,10-04-23,08:03:35
ORD00042,cstmr0842,2025.01.13,14:45:50
ORD00043,cstmr0156,28-02-2021,08:40:09
ORD00044,CSTMR0110,21/01/2023,17:39:37
ORD00045,cstmr0043,"Jun 03, 2023",10:11:19
ORD00046,CSTMR0338,12/09/2025,20:38:46
ORD00047,cstmr0653,04/09/2024,18:14:42
ord00048,CSTMR0384,2025.12.28,08:48:25
ord00049,CSTMR0812,04-01-25,21:57:25
ORD00050,CSTMR0699,06-26-23,18:42:11
ord00051,cstmr0899,"Dec 08, 2023",14:36:50
ORD00052,cstmr0899,08-10-2024,19:57:24
ord00053,CSTMR0410,07/26/2021,08:36:40
ORD00054,CSTMR0148,12/05/2021,20:29:33
ord00055,CSTMR0555,2025-03-18,12:45:48
ord00056,CSTMR0607,2021.10.25,12:42:35
ord00057,CSTMR0417,2025-12-09,11:48:13
ORD00058,CSTMR0710,"Sep 03, 2022",20:45:32
ord00059,CSTMR0897,2023.04.01,08:32:07
ORD00060,cstmr0840,19-04-2021,12:59:21
ord00061,cstmr0495,10-28-22,13:13:42
ORD00062,CSTMR0201,09-17-24,21:52:58
ord00063,cstmr0163,05 Jan 2024,10:28:29
ORD00064,cstmr0296,27 Jan 2024,09:39:37
ORD00065,cstmr0269,02/14/2023,13:16:49
ORD00066,cstmr0746,24-11-2024,21:43:26
ORD00067,cstmr0623,2025-07-25,21:53:15
ord00068,CSTMR0647,"Feb 03, 2026",10:16:01
ord00069,CSTMR0339,2025-05-08,17:00:50
ord00070,cstmr0673,2023-10-06,12:14:15
ORD00071,CSTMR0293,04/28/2026,21:52:29
ord00072,CSTMR0799,07-19-25,11:48:12
ORD00073,cstmr0588,15-03-2026,17:12:27
ORD00074,cstmr0292,11/02/2025,11:47:50
ORD00075,CSTMR0105,2021.02.26,18:58:25
ORD00076,CSTMR0473,13-04-2023,14:16:46
ord00077,CSTMR0416,02/16/2024,16:31:05
ord00078,cstmr0059,"Dec 04, 2025",11:21:17
ord00079,cstmr0357,04/24/2024,13:51:53
ORD00080,CSTMR0806,05/19/2026,20:30:50
ORD00081,CSTMR0821,2025.06.30,16:51:08
ord00082,CSTMR0689,31-08-2023,17:27:12
ORD00083,CSTMR0767,10 Nov 2024,13:24:39
ord00084,CSTMR0521,04-10-23,11:12:26
ORD00085,cstmr0865,04 Mar 2024,12:37:29
ord00086,CSTMR0757,01/03/2025,14:35:30
ord00087,CSTMR0584,04/25/2026,19:45:52
ORD00088,CSTMR0656,2026-03-01,09:34:18
ORD00089,cstmr0748,12-13-25,17:34:16
ord00090,CSTMR0664,07/24/2024,16:12:26
ord00091,cstmr0447,08-24-25,18:28:18
ord00092,cstmr0536,05/18/2026,20:23:39
ORD00093,CSTMR0794,2025-08-31,19:10:13
ORD00094,cstmr0653,18 Nov 2023,19:29:28
ORD00095,CSTMR0776,"Nov 03, 2025",13:32:33
ord00096,CSTMR0759,22 Apr 2023,20:03:28
ORD00097,CSTMR0121,2025.08.13,12:16:47
ORD00098,CSTMR0822,25/02/2023,11:25:33
ord00099,CSTMR0658,"Apr 04, 2024",13:46:20
ORD00100,CSTMR0154,07-29-23,20:28:26
ORD00101,CSTMR0136,2022-01-14,14:53:25
ord00102,CSTMR0624,22 Sep 2022,10:18:05
ord00103,cstmr0159,2023-08-26,19:36:20
ord00104,CSTMR0233,19/12/2024,19:03:43
ord00105,cstmr0272,03 May 2024,21:02:26
ord00106,CSTMR0688,05-06-2024,15:46:39
ord00107,CSTMR0881,24-11-2023,12:11:24
ORD00108,CSTMR0764,11/15/2024,19:05:33
ord00109,CSTMR0107,"Jun 01, 2025",20:06:50
ord00110,CSTMR0519,2021.02.20,08:37:02
ord00111,CSTMR0844,04/03/2026,19:00:02
ORD00112,CSTMR0552,28-07-2024,09:39:05
ORD00113,CSTMR0787,2024-03-23,20:58:03
ord00114,CSTMR0518,14 Jan 2024,15:35:58
ORD00115,cstmr0747,2023-09-29,16:26:13
ORD00116,CSTMR0204,2025-08-13,20:41:53
ORD00117,CSTMR0428,04/05/2023,21:19:40
ORD00118,CSTMR0016,22-12-2022,09:55:14
ORD00119,CSTMR0869,2022-12-26,14:05:51
ord00120,CSTMR0954,09/02/2024,14:12:35
ORD00121,CSTMR0871,26 Mar 2022,19:25:29
ord00122,CSTMR0059,"Mar 08, 2026",13:40:36
ord00123,CSTMR0456,"Aug 27, 2023",09:10:30
ord00124,CSTMR0468,2024-10-15,12:19:23
ORD00125,CSTMR0024,"Sep 10, 2023",19:53:13
ORD00126,CSTMR0476,28/10/2025,16:46:12
ORD00127,CSTMR0761,20/06/2023,13:17:11
ORD00128,cstmr0754,2025.10.24,20:20:42
ORD00129,CSTMR0535,07/14/2022,12:55:28
ORD00130,CSTMR0851,04/22/2026,12:40:26
ord00131,CSTMR0561,2023.02.10,13:42:23
ORD00132,CSTMR0164,26/11/2025,09:15:23
ORD00133,cstmr0157,2022-04-26,21:11:01
ORD00134,CSTMR0733,02 Oct 2022,16:38:49
ORD00135,cstmr0819,02 Jul 2023,20:53:27
ORD00136,cstmr0710,01-03-25,13:14:05
ORD00137,CSTMR0942,2025-08-25,21:19:39
ord00138,cstmr0756,09/07/2024,11:07:44
ORD00139,CSTMR0768,"Mar 12, 2023",20:04:01
ORD00140,CSTMR0610,06/21/2023,20:44:17
ord00141,CSTMR0276,2025.10.23,09:27:26
ORD00142,CSTMR0949,"Apr 17, 2026",18:48:18
ord00143,CSTMR0406,26/11/2022,12:31:47
ord00144,cstmr0398,2021-03-28,13:13:05
ORD00145,cstmr0910,01/18/2026,21:17:28
ord00146,CSTMR0050,25 Jun 2024,19:15:01
ORD00147,CSTMR0958,07 Mar 2025,22:27:24
ord00148,CSTMR0334,01-02-2024,12:08:20
ord00149,cstmr0062,30-08-2024,16:19:57
ORD00150,cstmr0889,21/03/2021,08:53:14
ORD00151,cstmr0290,19/03/2023,14:06:29
ORD00152,cstmr0953,02/06/2025,20:31:44
ORD00153,CSTMR0030,07/03/2025,12:54:31
ORD00154,cstmr0494,2026.02.04,22:30:10
ORD00155,cstmr0985,2025-12-08,17:19:17
ORD00156,CSTMR0594,2024-08-20,12:02:04
ORD00157,cstmr0247,"Sep 11, 2025",10:14:27
ORD00158,CSTMR0959,06-12-2022,20:39:01
ord00159,CSTMR0285,01/11/2024,21:43:01
ORD00160,cstmr0446,15/04/2025,12:23:13
ORD00161,CSTMR0039,28/05/2023,10:44:06
ord00162,CSTMR0475,2023-03-04,18:19:28
ord00163,CSTMR0818,"Feb 03, 2024",13:42:55
ord00164,CSTMR0492,08 Jan 2022,19:20:45
ord00165,CSTMR0992,03/10/2021,13:32:24
ord00166,CSTMR0828,2025-08-25,14:45:44
ord00167,cstmr0029,07/08/2023,22:22:42
ORD00168,cstmr0786,2026-04-11,15:00:05
ord00169,CSTMR0592,08/02/2024,21:59:26
ORD00170,cstmr0879,08/24/2024,11:16:16
ORD00171,CSTMR0839,10-03-2024,08:45:17
ORD00172,CSTMR0964,2024.11.21,08:32:19
ord00173,CSTMR0958,2026.04.22,18:41:48
ORD00174,CSTMR0325,03-08-2025,08:03:58
ORD00175,CSTMR0231,23-12-2023,22:38:02
ORD00176,cstmr0549,10/01/2025,20:26:43
ORD00177,cstmr0369,28-04-2023,17:02:17
ORD00178,CSTMR0789,04-05-2023,19:59:33
ORD00179,CSTMR0830,11/05/2025,09:02:08
ord00180,cstmr0560,"Jul 15, 2025",18:43:50
ord00181,CSTMR0010,26/05/2023,21:57:46
ORD00182,CSTMR0518,12 Jun 2021,13:00:50
ord00183,CSTMR0758,01/21/2023,20:42:09
ORD00184,CSTMR0535,08-01-2022,12:22:14
ord00185,CSTMR0893,26/02/2026,11:48:47
ORD00186,CSTMR0915,06-03-2022,16:38:04
ord00187,CSTMR0178,2022.08.18,22:35:32
ORD00188,cstmr0398,"Feb 23, 2025",17:42:42
ord00189,cstmr0861,29 Aug 2022,18:23:30
ord00190,CSTMR0767,2025.02.05,22:53:02
ORD00191,cstmr0881,"Jul 07, 2024",08:51:20
ORD00192,CSTMR0466,29/04/2022,13:25:31
ord00193,CSTMR0790,19-06-2024,19:14:59
ORD00194,CSTMR0031,2026.01.07,10:25:49
ord00195,CSTMR0325,22/07/2024,20:52:51
ORD00196,CSTMR0405,26 Sep 2021,11:20:20
ORD00197,CSTMR0049,2022.01.31,15:53:31
ORD00198,cstmr0575,2022.11.02,12:14:06
ORD00199,CSTMR0394,08-30-25,15:55:08
ord00200,cstmr0438,09 May 2021,13:37:27
ord00201,CSTMR0180,2025-12-03,19:34:32
ORD00202,CSTMR0598,06/05/2023,21:57:33
ord00203,cstmr0271,2024.04.21,16:30:27
ORD00204,CSTMR0941,15 Oct 2022,10:44:03
ord00205,cstmr0141,26 Jan 2023,19:51:33
ORD00206,cstmr0936,06-01-2022,12:28:53
ORD00207,CSTMR0809,2024.08.08,09:14:16
ORD00208,CSTMR0360,02/11/2022,13:53:47
ORD00209,CSTMR0894,2025-08-17,18:56:25
ORD00210,CSTMR0251,"Aug 09, 2022",21:39:21
ord00211,CSTMR0337,09-02-2021,22:04:06
ORD00212,cstmr0599,11 Mar 2023,08:11:44
ord00213,cstmr0947,09-10-22,18:11:04
ORD00214,CSTMR0904,04-14-26,12:34:46
ORD00215,CSTMR0247,28-09-2023,11:31:01
ord00216,CSTMR0111,2023.01.25,13:49:57
ORD00217,cstmr0251,"Jul 16, 2021",09:59:37
ORD00218,cstmr0450,04/09/2022,20:55:44
ORD00219,CSTMR0446,11-23-24,20:18:33
ORD00220,CSTMR0156,25-10-2025,14:50:25
ord00221,CSTMR0855,"Apr 22, 2026",19:39:29
ORD00222,CSTMR0978,16 Feb 2024,09:50:37
ORD00223,cstmr0626,06/04/2022,19:49:01
ORD00224,cstmr0444,"Jan 12, 2024",19:48:00
ord00225,cstmr0460,30/09/2022,13:14:12
ORD00226,CSTMR0561,26 Jul 2023,12:37:03
ORD00227,CSTMR0395,13 Jul 2024,21:13:12
ORD00228,cstmr0726,"Apr 18, 2024",16:13:30
ORD00229,CSTMR0573,"Oct 13, 2023",19:48:29
ORD00230,CSTMR0818,10/30/2025,21:51:06
ORD00231,CSTMR0394,2025.06.05,19:20:59
ord00232,cstmr0613,07-17-23,16:37:15
ord00233,cstmr0527,06 Oct 2021,13:56:54
ORD00234,CSTMR0942,04/11/2023,12:45:02
ord00235,CSTMR0531,"Dec 13, 2021",15:24:43
ORD00236,CSTMR0687,06-03-2022,08:13:31
ORD00237,CSTMR0664,2026-03-18,12:32:51
ORD00238,cstmr0632,07 Dec 2021,12:29:57
ORD00239,cstmr0679,14 May 2025,20:11:40
ord00240,CSTMR0232,2026.05.22,21:45:14
ord00241,cstmr0162,05/12/2025,12:14:59
ORD00242,CSTMR0131,2022.07.12,13:00:06
ord00243,CSTMR0896,09-12-25,14:44:36
ORD00244,cstmr0139,"Jun 20, 2024",11:16:50
ORD00245,CSTMR0060,26-11-2022,19:26:57
ORD00246,cstmr0490,08-10-2025,18:57:46
ORD00247,cstmr0715,17 Jun 2022,10:05:42
ORD00248,CSTMR0123,"May 08, 2023",21:46:39
ord00249,CSTMR0165,06/10/2025,13:34:01
ORD00250,cstmr0561,2023.02.18,22:25:55
ord00251,cstmr0590,04-06-23,20:34:39
ORD00252,CSTMR0334,2023.07.15,17:32:31
ORD00253,cstmr0277,06 Feb 2021,15:21:29
ORD00254,CSTMR0709,16 Mar 2025,10:36:32
ORD00255,CSTMR0566,"Feb 24, 2023",18:15:12
ORD00256,cstmr0161,03-10-2025,21:01:54
ORD00257,cstmr0196,"Sep 23, 2023",17:15:45
ORD00258,CSTMR0420,09-01-2024,16:37:53
ORD00259,cstmr0017,05 Nov 2024,12:17:25
ORD00260,CSTMR0727,14/12/2021,21:06:43
ORD00261,CSTMR0467,"Apr 17, 2023",16:31:54
ORD00262,CSTMR0153,04-05-2024,21:37:41
ORD00263,CSTMR0961,01/10/2025,22:04:35
ORD00264,cstmr0675,2022.06.24,15:13:52
ORD00265,CSTMR0662,12-07-2023,12:20:32
ORD00266,CSTMR0146,14 Apr 2025,20:49:29
ORD00267,CSTMR0953,06-27-25,20:25:54
ORD00268,cstmr0893,22/08/2025,20:46:56
ORD00269,CSTMR0804,2023.12.17,13:05:55
ORD00270,cstmr0111,11/07/2025,10:34:12
ORD00271,CSTMR0464,"May 04, 2025",21:55:07
ord00272,cstmr0796,04-29-23,14:59:17
ord00273,CSTMR0244,09/16/2024,20:08:08
ORD00274,cstmr0891,30/01/2026,22:08:46
ord00275,CSTMR0009,04-30-21,19:23:48
ord00276,cstmr0698,24 May 2025,10:07:58
ord00277,cstmr0763,16-11-2023,18:13:32
ORD00278,CSTMR0545,22-01-2026,13:18:45
ORD00279,cstmr0409,"Aug 31, 2025",18:31:58
ord00280,cstmr0220,2025.12.22,18:46:01
ORD00281,cstmr0515,30-01-2024,12:06:02
ORD00282,CSTMR0220,2021.10.24,11:13:04
ord00283,cstmr0396,06 May 2022,19:04:32
ORD00284,CSTMR0739,"Jan 16, 2023",11:39:19
ORD00285,CSTMR0134,06 May 2023,15:55:24
ORD00286,CSTMR0628,23-05-2026,13:41:50
ORD00287,CSTMR0287,2024-10-28,11:25:27
ORD00288,CSTMR0134,17 Nov 2022,21:12:37
ORD00289,CSTMR0727,05/22/2023,13:27:18
ord00290,cstmr0850,11 Feb 2023,08:10:33
ord00291,cstmr0534,02/05/2023,13:10:46
ord00292,CSTMR0960,2025.04.02,19:42:09
ORD00293,cstmr0859,03-27-26,11:58:11
ord00294,CSTMR0044,31-12-2023,19:50:47
ORD00295,cstmr0231,11/02/2021,16:45:36
ord00296,cstmr0480,06 Apr 2022,10:15:41
ORD00297,CSTMR0428,04/13/2024,19:09:34
ORD00298,CSTMR0455,"Jan 15, 2026",16:51:06
ORD00299,CSTMR0722,20-06-2023,11:05:50
ORD00300,cstmr0434,12/31/2022,11:42:02
ord00301,CSTMR0849,07/12/2024,19:59:08
ord00302,CSTMR0241,18 Jun 2023,20:48:24
ord00303,CSTMR0474,18-05-2022,15:04:46
ord00304,cstmr0216,06-16-23,19:57:42
ORD00305,CSTMR0863,07/26/2023,10:05:31
ORD00306,CSTMR0031,2023-11-02,09:40:09
ORD00307,cstmr0862,05-08-2025,19:48:21
ORD00308,CSTMR0310,2025-08-09,09:58:19
ord00309,cstmr0526,11-30-22,15:50:23
ORD00310,cstmr0022,04-02-2024,22:46:18
ORD00311,CSTMR0569,05-16-26,20:50:50
ord00312,cstmr0040,25/04/2024,16:16:14
ORD00313,CSTMR0340,03 Oct 2022,19:26:19
ORD00314,cstmr0701,2024-04-28,09:07:13
ORD00315,cstmr0006,01-11-25,08:29:20
ORD00316,CSTMR0088,11/03/2022,17:24:22
ORD00317,CSTMR0916,2025-05-14,21:31:18
ord00318,cstmr0787,04/30/2026,12:55:09
ORD00319,CSTMR0017,2022.06.26,19:56:06
ORD00320,cstmr0744,09 Aug 2025,19:40:04
ORD00321,CSTMR0132,04-20-24,21:34:09
ord00322,CSTMR0754,2023-07-29,17:10:12
ORD00323,cstmr0138,25/08/2023,21:18:37
ord00324,cstmr0029,16 Mar 2026,08:10:44
ORD00325,CSTMR0679,2021.09.18,13:20:27
ORD00326,CSTMR0813,21-06-2024,18:18:11
ord00327,CSTMR0706,03/09/2026,13:57:47
ORD00328,CSTMR0422,07/02/2022,19:15:12
ORD00329,CSTMR0531,05/03/2021,10:41:04
ORD00330,cstmr0890,2024.02.19,12:52:21
ord00331,CSTMR0409,25 Feb 2025,22:55:29
ORD00332,CSTMR0996,08-05-2023,20:35:03
ORD00333,CSTMR0111,2024.03.28,10:10:10
ord00334,CSTMR0733,12-29-23,08:23:57
ORD00335,CSTMR0885,15 Jul 2023,14:05:59
ORD00336,CSTMR0438,20/06/2024,17:17:22
ORD00337,CSTMR0136,"Oct 07, 2021",20:46:35
ORD00338,CSTMR0937,2022.09.26,14:28:11
ORD00339,CSTMR0833,10/10/2025,09:59:58
ORD00340,CSTMR0907,15/01/2024,13:19:33
ORD00341,CSTMR0219,18 Sep 2025,18:30:24
ord00342,CSTMR0450,2023.12.13,18:23:23
ORD00343,CSTMR0997,"Oct 20, 2023",12:53:02
ORD00344,CSTMR0294,20 Feb 2025,18:39:31
ord00345,CSTMR0137,21-10-2023,16:12:37
ORD00346,cstmr0932,22-03-2024,08:24:43
ORD00347,CSTMR0724,10/10/2025,18:03:31
ORD00348,cstmr0951,03-01-24,19:03:16
ORD00349,CSTMR0477,18/12/2024,10:14:20
ORD00350,cstmr0622,2024.09.04,08:25:34
ORD00351,CSTMR0319,2022-12-22,12:02:48
ORD00352,CSTMR0334,30-06-2025,13:52:51
ORD00353,CSTMR0470,25 May 2022,14:25:11
ORD00354,cstmr0810,2023.06.12,08:31:10
ORD00355,CSTMR0375,03/09/2024,19:35:30
ord00356,CSTMR0503,12/29/2025,20:15:43
ORD00357,cstmr0254,26/03/2023,19:36:44
ord00358,cstmr0692,03 Aug 2025,19:55:48
ord00359,cstmr0893,20 Feb 2026,12:18:50
ORD00360,CSTMR0573,2024.06.10,12:49:45
ord00361,cstmr0191,03-24-24,08:03:57
ORD00362,cstmr0737,12/29/2024,15:54:13
ord00363,CSTMR0798,08 Nov 2023,10:38:43
ORD00364,CSTMR0814,12-28-24,17:18:48
ORD00365,CSTMR0889,2026-05-16,19:18:52
ORD00366,CSTMR0171,18 May 2023,20:58:56
ORD00367,cstmr0773,27-02-2023,08:49:59
ORD00368,CSTMR0823,21-01-2025,17:53:40
ord00369,cstmr0418,"Jul 16, 2022",12:08:19
ord00370,CSTMR0824,17-03-2022,22:39:58
ORD00371,CSTMR0131,08/22/2024,22:31:51
ORD00372,cstmr0017,2022-03-12,10:40:21
ORD00373,cstmr0438,04/20/2026,11:46:01
ORD00374,CSTMR0973,11 Jul 2025,14:45:36
ORD00375,CSTMR0398,11/01/2025,12:33:54
ord00376,CSTMR0808,28/04/2023,12:53:01
ord00377,CSTMR0199,"May 09, 2024",12:35:17
ord00378,CSTMR0072,2024-10-09,15:36:47
ORD00379,cstmr0483,05/13/2024,19:13:50
ORD00380,CSTMR0053,07 Jan 2022,11:12:06
ORD00381,CSTMR0028,22-05-2026,21:41:07
ord00382,CSTMR0133,2025.06.29,17:56:38
ORD00383,CSTMR0517,2025-01-31,20:02:17
ord00384,cstmr0159,07/10/2022,15:18:34
ord00385,CSTMR0141,10-02-2025,21:26:54
ORD00386,CSTMR0443,03-04-2025,12:01:40
ORD00387,CSTMR0528,14-01-2025,21:13:55
ORD00388,CSTMR0114,2023.09.08,14:37:19
ORD00389,CSTMR0438,2022.05.13,12:22:38
ORD00390,CSTMR0438,20-03-2022,13:42:47
ord00391,cstmr0195,05-14-24,12:38:39
ORD00392,CSTMR0101,02 Oct 2023,21:25:05
ord00393,CSTMR0949,05-09-26,22:07:43
ord00394,CSTMR0354,21-11-2022,10:26:43
ord00395,cstmr0227,2022.11.13,10:00:59
ORD00396,CSTMR0749,12/16/2022,15:02:22
ORD00397,CSTMR0371,2021.04.16,18:18:39
ORD00398,CSTMR0856,2023-05-17,19:48:10
ORD00399,CSTMR0047,2023.11.11,13:14:29
ORD00400,CSTMR0599,05/23/2023,17:40:58
ord00401,cstmr0137,2024-08-26,19:34:23
ord00402,CSTMR0399,10/15/2022,21:45:47
ORD00403,CSTMR0064,24 Jun 2022,09:40:03
ORD00404,CSTMR0359,05-11-25,15:31:44
ORD00405,cstmr0799,16-02-2024,08:46:51
ORD00406,CSTMR0741,2024-09-24,21:42:43
ORD00407,CSTMR0560,03/10/2024,21:31:16
ORD00408,CSTMR0179,2026.02.02,20:11:40
ORD00409,CSTMR0973,05/15/2023,22:17:36
ORD00410,cstmr0654,10/29/2022,15:06:54
ORD00411,CSTMR0964,13 Jan 2023,15:22:23
ORD00412,cstmr0760,2023-02-04,13:38:54
ord00413,CSTMR0106,2025.04.15,16:23:08
ord00414,CSTMR0437,04/17/2023,13:46:53
ord00415,CSTMR0618,2024-03-06,19:20:14
ord00416,CSTMR0533,2023-07-25,10:06:13
ORD00417,cstmr0095,2025.05.01,09:49:17
ORD00418,cstmr0225,03/08/2023,16:10:44
ord00419,CSTMR0032,2025-12-11,09:09:34
ord00420,CSTMR0639,28/12/2024,13:25:02
ORD00421,CSTMR0339,10 Jan 2025,15:45:20
ORD00422,cstmr0535,23 Mar 2023,11:10:53
ord00423,CSTMR0022,01/28/2026,11:57:20
ORD00424,cstmr0523,20 May 2024,15:25:46
ORD00425,CSTMR0882,2026-04-05,09:19:35
ord00426,CSTMR0962,08/13/2025,16:37:50
ord00427,cstmr0973,2025-09-18,12:56:48
ord00428,CSTMR0222,26-08-2023,09:18:00
ORD00429,CSTMR0198,2025.06.18,20:59:20
ORD00430,cstmr0316,31/03/2021,19:18:12
ORD00431,CSTMR0430,03/23/2025,20:20:52
ORD00432,cstmr0213,08-01-2026,08:18:26
ORD00433,CSTMR0004,2024.04.27,20:07:16
ORD00434,CSTMR0581,"Jul 02, 2023",13:10:41
ORD00435,CSTMR0150,2025.06.04,22:48:46
ORD00436,CSTMR0155,2023.10.13,16:00:54
ord00437,CSTMR0105,19/07/2025,11:25:47
ord00438,CSTMR0454,2023-06-29,20:14:38
ord00439,CSTMR0342,02-09-2025,19:09:56
ORD00440,cstmr0110,"Apr 05, 2023",21:37:02
ORD00441,cstmr0224,29-01-2024,10:07:05
ORD00442,CSTMR0777,02/13/2023,13:44:21
ORD00443,CSTMR0052,16 Aug 2023,19:42:12
ORD00444,cstmr0810,2023-02-05,22:31:35
ORD00445,cstmr0999,02-10-22,08:43:02
ORD00446,CSTMR0433,12/03/2025,20:41:39
ORD00447,CSTMR0483,12-01-23,10:04:20
ord00448,CSTMR0625,05/25/2026,22:16:27
ORD00449,CSTMR0699,10-09-2025,14:22:48
ORD00450,cstmr0602,06 Jun 2023,15:57:16
ORD00451,CSTMR0742,2026-03-16,10:01:04
ORD00452,cstmr0921,02/02/2021,11:24:33
ORD00453,CSTMR0261,"Apr 10, 2026",18:41:04
ORD00454,CSTMR0245,03-11-23,21:18:43
ORD00455,CSTMR0247,12/22/2023,13:55:14
ORD00456,CSTMR0319,10/21/2025,14:59:27
ORD00457,CSTMR0388,11-30-22,13:15:07
ORD00458,cstmr0677,05/28/2023,20:10:50
ORD00459,CSTMR0894,13-11-2024,09:21:47
ORD00460,CSTMR0257,02/04/2026,20:56:05
ORD00461,CSTMR0280,03/18/2023,13:47:59
ord00462,CSTMR0583,2025.11.23,21:41:14
ORD00463,CSTMR0161,2021-11-12,09:14:18
ord00464,CSTMR0635,18/05/2024,17:37:44
ord00465,CSTMR0859,2023.06.18,09:14:10
ord00466,CSTMR0478,11-03-24,17:18:33
ord00467,cstmr0105,2025-03-08,21:07:10
ord00468,CSTMR0120,30/08/2023,21:54:49
ORD00469,cstmr0104,02/17/2026,08:59:36
ORD00470,CSTMR0051,2021.09.01,19:51:54
ord00471,cstmr0200,10/26/2025,20:38:41
ORD00472,CSTMR0515,10/31/2025,18:35:14
ORD00473,CSTMR0021,28/12/2025,22:05:02
ord00474,CSTMR0888,12-08-25,21:26:34
ORD00475,CSTMR0867,2023.05.09,14:01:50
ORD00476,CSTMR0333,"Mar 03, 2022",21:48:50
ORD00477,CSTMR0649,29/06/2024,11:15:41
ord00478,CSTMR0336,01-03-23,16:59:21
ord00479,CSTMR0182,05/04/2022,12:03:14
ORD00480,CSTMR0715,15-02-2026,20:14:12
ORD00481,CSTMR0922,16 Jul 2024,12:02:25
ORD00482,CSTMR0697,04-12-26,10:54:44
ord00483,CSTMR0027,"Oct 04, 2022",16:52:07
ORD00484,CSTMR0943,07-31-25,20:50:50
ORD00485,CSTMR0686,01 Feb 2025,14:54:18
ord00486,CSTMR0939,2023.06.20,13:31:43
ORD00487,CSTMR0175,25 Mar 2026,14:53:46
ord00488,cstmr0963,29-12-2023,14:04:27
ORD00489,cstmr0496,01/20/2022,09:59:51
ORD00490,CSTMR0838,11-04-2023,13:17:15
ORD00491,CSTMR0328,11/03/2022,20:10:15
ord00492,cstmr0606,2024-05-13,10:47:38
ord00493,CSTMR0633,12-10-25,20:33:50
ORD00494,CSTMR0171,2024.10.10,11:36:07
ORD00495,CSTMR0786,03/02/2023,22:03:47
ORD00496,CSTMR0288,16 Dec 2025,08:30:59
ORD00497,CSTMR0415,05/06/2025,12:28:12
ORD00498,CSTMR0917,2021.03.31,12:20:07
ORD00499,CSTMR0921,27/10/2024,12:37:30
ord00500,CSTMR0870,02-03-2021,22:00:13
ORD00501,CSTMR0509,22/05/2023,12:12:20
ORD00502,CSTMR0060,12/03/2022,13:27:12
ORD00503,cstmr0710,"Apr 20, 2023",19:53:51
ord00504,CSTMR0778,2025.07.10,16:27:30
ORD00505,CSTMR0931,2025-10-21,16:05:18
ORD00506,CSTMR0026,12/29/2022,19:07:23
ord00507,CSTMR0433,07-06-2023,20:20:15
ORD00508,CSTMR0586,01/25/2023,09:30:35
ord00509,CSTMR0961,"Jun 16, 2022",11:00:02
ord00510,CSTMR0389,09-10-2024,12:02:37
ord00511,CSTMR0038,"Oct 15, 2023",08:14:46
ord00512,cstmr0915,2021-09-22,12:53:38
ORD00513,cstmr0126,28 Nov 2024,20:35:48
ORD00514,cstmr0624,18 Feb 2023,17:41:25
ORD00515,cstmr0771,03/10/2025,19:39:09
ORD00516,CSTMR0258,08 Apr 2025,13:12:32
ORD00517,cstmr0077,05/10/2026,22:45:44
ORD00518,CSTMR0383,02 Sep 2025,21:03:27
ord00519,CSTMR0424,2026.01.07,16:27:37
ORD00520,cstmr0343,"Apr 06, 2026",11:51:18
ord00521,cstmr0242,"May 07, 2021",11:05:17
ORD00522,CSTMR0937,16/10/2024,17:11:25
ORD00523,CSTMR0926,"May 22, 2023",21:50:53
ORD00524,CSTMR0174,04/05/2026,11:34:39
ORD00525,CSTMR0922,05-06-25,21:19:32
ord00526,CSTMR0148,2022.04.06,10:15:47
ORD00527,cstmr0911,08/29/2024,09:27:19
ORD00528,CSTMR0648,2024-09-08,14:32:57
ORD00529,cstmr0156,09/04/2026,20:58:59
ord00530,CSTMR0172,"Feb 22, 2026",19:24:47
ORD00531,CSTMR0599,2023.12.24,17:49:11
ord00532,CSTMR0699,04-19-26,20:45:49
ORD00533,CSTMR0016,02/21/2022,20:36:26
ORD00534,CSTMR0094,05-08-22,12:13:33
ORD00535,CSTMR0565,2021.02.01,12:53:54
ORD00536,CSTMR0734,"Feb 03, 2025",10:27:28
ORD00537,cstmr0586,02 Oct 2021,17:43:57
ORD00538,CSTMR0718,16 Sep 2025,18:51:14
ord00539,cstmr0760,2026.01.26,18:17:18
ORD00540,CSTMR0180,20-01-2024,09:35:15
ord00541,CSTMR0308,2023-03-24,20:57:39
ORD00542,CSTMR0676,2022-08-26,12:31:07
ORD00543,CSTMR0498,"Nov 05, 2023",12:26:15
ORD00544,CSTMR0374,12/10/2022,18:59:32
ORD00545,cstmr0229,"Mar 17, 2024",13:56:17
ORD00546,CSTMR0701,17 Dec 2024,20:42:28
ORD00547,cstmr0882,10-04-25,22:53:46
ord00548,cstmr0424,"May 23, 2025",13:58:22
ord00549,CSTMR0900,19 Jun 2022,08:45:17
ORD00550,CSTMR0593,01-12-2025,16:29:35
ORD00551,CSTMR0433,"Apr 29, 2023",21:58:40
ORD00552,CSTMR0616,"Apr 10, 2026",12:54:31
ORD00553,cstmr0142,2025.02.01,10:45:28
ORD00554,CSTMR0748,05/07/2024,13:40:04
ORD00555,cstmr0647,17/07/2023,15:18:22
ORD00556,cstmr0747,09-08-25,12:40:00
ORD00557,cstmr0002,03/13/2022,20:57:15
ORD00558,CSTMR0529,04-10-21,12:19:48
ORD00559,CSTMR0358,01/06/2026,10:14:06
ORD00560,CSTMR0638,21 Dec 2025,14:37:28
ORD00561,cstmr0423,13 Jan 2023,21:03:33
ord00562,CSTMR0709,28/08/2023,09:20:41
ORD00563,cstmr0681,"Jan 29, 2023",15:30:32
ORD00564,CSTMR0642,10 Feb 2023,18:12:16
ord00565,CSTMR0401,"May 03, 2023",08:22:05
ord00566,cstmr0837,2025-02-23,14:49:19
ord00567,CSTMR0365,2024.07.02,20:05:47
ORD00568,CSTMR0746,18 Aug 2024,11:18:28
ORD00569,CSTMR0587,2023-05-14,18:23:42
ORD00570,CSTMR0520,04-17-26,21:00:54
ORD00571,cstmr0189,2023-06-19,19:50:16
ORD00572,cstmr0849,2022-07-17,08:06:12
ORD00573,CSTMR0012,05/19/2024,10:09:42
ORD00574,CSTMR0410,2025.01.19,14:22:14
ORD00575,cstmr0404,2022.06.27,12:00:10
ORD00576,CSTMR0084,08/13/2021,11:59:52
ORD00577,cstmr0565,20-01-2025,12:45:56
ORD00578,CSTMR0324,2025-09-23,20:18:03
ORD00579,CSTMR0186,02 Aug 2025,15:40:15
ORD00580,cstmr0413,23 May 2025,12:18:12
ORD00581,CSTMR0487,29/11/2022,18:47:54
ord00582,CSTMR0033,2024.01.05,13:40:54
ord00583,CSTMR0486,2025-12-20,11:43:40
ORD00584,cstmr0319,01-04-23,20:38:41
ORD00585,CSTMR0955,05/25/2022,19:48:17
ORD00586,CSTMR0288,2025-04-06,14:49:00
ORD00587,cstmr0070,2023-02-02,15:18:39
ord00588,CSTMR0518,22 Jan 2021,10:20:31
ord00589,cstmr0352,20 Mar 2024,13:12:01
ORD00590,CSTMR0214,2024-12-09,18:00:02
ORD00591,cstmr0448,2026.05.13,13:30:20
ord00592,CSTMR0772,01/12/2021,19:51:38
ORD00593,CSTMR0421,05-14-25,20:12:53
ORD00594,CSTMR0925,13/04/2023,11:29:41
ORD00595,CSTMR0710,02/01/2026,19:47:39
ORD00596,CSTMR0479,2026-05-20,19:02:23
ORD00597,CSTMR0330,06-26-22,20:58:24
ORD00598,CSTMR0293,27 May 2026,12:35:12
ORD00599,cstmr0202,17/09/2025,08:13:19
ord00600,CSTMR0731,17-02-2024,22:51:24
ord00601,CSTMR0470,07/11/2023,15:54:05
ord00602,CSTMR0165,09/16/2022,15:26:39
ord00603,CSTMR0722,"Aug 19, 2024",13:32:04
ORD00604,cstmr0298,21/04/2024,10:34:51
ORD00605,CSTMR0227,19/01/2026,20:50:35
ORD00606,CSTMR0304,22-06-2023,15:40:52
ORD00607,CSTMR0784,20/03/2024,15:56:27
ORD00608,cstmr0240,06/08/2022,11:57:19
ord00609,CSTMR0368,10/01/2026,13:59:40
ORD00610,cstmr0637,03/07/2025,11:52:11
ORD00611,CSTMR0278,17/07/2025,20:47:55
ORD00612,CSTMR0500,2023.01.01,17:06:38
ORD00613,CSTMR0068,2025-12-21,19:53:12
ORD00614,CSTMR0058,2024.01.03,09:59:18
ord00615,CSTMR0827,02-06-25,22:42:18
ORD00616,CSTMR0124,"May 23, 2022",13:16:34
ord00617,cstmr0705,13/12/2022,12:00:24
ORD00618,CSTMR0625,08-09-2021,10:38:50
ord00619,CSTMR0262,"Dec 02, 2022",21:38:40
ORD00620,cstmr0837,2024.04.13,13:05:27
ORD00621,cstmr0243,2024-04-01,21:49:26
ORD00622,CSTMR0887,2021-02-07,21:41:25
ORD00623,CSTMR0345,2026.03.17,17:07:35
ORD00624,CSTMR0204,07/19/2023,20:25:11
ORD00625,CSTMR0823,2026-02-21,11:51:42
ORD00626,CSTMR0937,2026.03.04,10:11:37
ORD00627,CSTMR0010,02-14-25,08:58:53
ord00628,CSTMR0003,11/19/2022,14:27:45
ORD00629,CSTMR0399,01-11-2025,21:04:01
ORD00630,cstmr0438,"May 25, 2022",14:32:22
ord00631,cstmr0218,03/04/2021,13:52:38
ord00632,CSTMR0420,03/16/2023,12:31:29
ORD00633,CSTMR0412,07-01-2025,12:54:36
ORD00634,CSTMR0797,"Dec 01, 2025",17:09:46
ORD00635,CSTMR0468,2021-08-29,11:33:03
ORD00636,cstmr0179,"Jul 29, 2023",11:39:24
ORD00637,CSTMR0929,04-09-2023,12:21:26
ord00638,CSTMR0508,"Jan 03, 2026",12:35:48
ord00639,cstmr0477,05-24-24,22:47:13
ORD00640,CSTMR0858,29/10/2023,13:45:31
ORD00641,CSTMR0457,18/10/2021,20:14:19
ORD00642,cstmr0293,01/04/2025,21:39:13
ORD00643,cstmr0555,2022-07-31,15:25:39
ord00644,CSTMR0708,12 Jun 2022,20:38:37
ord00645,cstmr0244,2025.09.23,20:00:33
ord00646,CSTMR0851,10/30/2025,15:36:46
ORD00647,CSTMR0958,"Mar 28, 2026",12:31:13
ord00648,cstmr0045,06-21-25,10:58:51
ord00649,CSTMR0955,2022-12-23,16:25:02
ORD00650,cstmr0102,06-11-23,22:28:33
ORD00651,cstmr0139,17-02-2023,17:28:16
ORD00652,CSTMR0098,2025-08-04,17:05:19
ORD00653,CSTMR0309,02/07/2024,12:52:59
ORD00654,CSTMR0855,2023-09-30,13:20:51
ORD00655,cstmr0272,05/30/2022,21:31:44
ORD00656,CSTMR0469,2026-05-31,09:38:40
ord00657,CSTMR0094,2024.07.13,20:23:53
ORD00658,CSTMR0925,01/26/2022,19:11:44
ORD00659,CSTMR0891,2024.05.05,12:12:48
ORD00660,CSTMR0718,"Dec 28, 2025",21:08:59
ORD00661,CSTMR0604,29-05-2026,10:45:05
ord00662,CSTMR0312,2024.06.20,17:37:06
ORD00663,cstmr0496,02/07/2025,21:33:07
ORD00664,CSTMR0859,"Apr 07, 2025",17:36:19
ORD00665,CSTMR0825,03/07/2023,20:13:17
ORD00666,cstmr0039,11/11/2023,12:08:57
ORD00667,CSTMR0396,2024.06.28,21:38:15
ORD00668,CSTMR0834,2022.03.20,17:38:47
ORD00669,CSTMR0341,11-01-24,08:20:44
ORD00670,CSTMR0747,27 Dec 2023,17:29:31
ord00671,cstmr0746,07-21-23,11:07:38
ORD00672,cstmr0884,2022.05.28,13:53:29
ORD00673,CSTMR0514,17/09/2023,22:07:55
ORD00674,cstmr0239,2024-11-27,18:07:08
ord00675,CSTMR0150,31/01/2024,12:29:28
ORD00676,cstmr0021,01/13/2023,10:43:38
ORD00677,CSTMR0784,12-05-2025,21:13:49
ORD00678,CSTMR0966,2025-10-05,22:57:16
ORD00679,CSTMR0757,23 Feb 2026,19:10:33
ORD00680,CSTMR0329,06-04-2024,18:15:30
ORD00681,CSTMR0684,"Oct 02, 2023",08:38:11
ord00682,CSTMR0825,03-23-23,20:19:40
ord00683,CSTMR0340,2023-08-27,08:22:10
ORD00684,cstmr0124,28-05-2021,13:43:19
ORD00685,CSTMR0769,02-18-23,21:37:50
ORD00686,CSTMR0257,02/18/2023,12:10:49
ord00687,CSTMR0836,29/12/2021,08:25:39
ORD00688,CSTMR0858,04/04/2026,13:48:58
ord00689,CSTMR0182,06-03-2021,21:48:43
ORD00690,cstmr0400,05-10-24,08:05:20
ORD00691,CSTMR0872,2025.12.24,17:27:03
ORD00692,CSTMR0004,10-02-2023,10:12:19
ord00693,cstmr0418,03 Nov 2022,11:25:32
ORD00694,CSTMR0507,2026-01-06,15:39:28
ORD00695,CSTMR0471,"May 10, 2026",11:12:37
ORD00696,cstmr0398,"Oct 28, 2025",14:29:18
ORD00697,cstmr0432,"Jul 13, 2022",11:01:30
ORD00698,cstmr0191,"Sep 30, 2021",19:14:53
ORD00699,CSTMR0247,11-30-22,16:36:51
ORD00700,CSTMR0131,"Aug 17, 2024",20:19:50
ORD00701,CSTMR0331,2024.02.02,20:04:51
ORD00702,CSTMR0347,2023-04-14,13:45:48
ord00703,CSTMR0097,2023.04.20,20:39:50
ORD00704,cstmr0289,23/05/2025,13:53:26
ORD00705,CSTMR0151,2022-10-21,11:20:13
ORD00706,CSTMR0559,17 Mar 2022,18:48:04
ORD00707,CSTMR0798,24 Oct 2024,18:42:03
ORD00708,CSTMR0194,2021-05-19,19:04:49
ord00709,CSTMR0871,2025.08.16,08:09:32
ORD00710,cstmr0550,"Feb 27, 2024",17:04:58
ord00711,cstmr0566,07/03/2022,20:35:16
ORD00712,CSTMR0594,05 Apr 2024,13:15:57
ORD00713,CSTMR0158,2025-08-16,15:10:46
ORD00714,cstmr0479,27 May 2024,22:05:58
ORD00715,cstmr0960,04/08/2026,12:09:15
ORD00716,cstmr0534,2026-02-03,20:29:47
ORD00717,cstmr0278,17 Dec 2022,19:56:17
ORD00718,CSTMR0685,"Mar 29, 2024",13:19:49
ord00719,CSTMR0223,05 May 2025,21:19:59
ORD00720,CSTMR0488,07-27-23,12:32:56
ORD00721,CSTMR0424,17-09-2024,21:44:36
ORD00722,cstmr0435,30-10-2024,11:23:05
ORD00723,cstmr0548,08-02-25,10:48:28
ORD00724,CSTMR0331,2024.11.08,16:23:14
ORD00725,CSTMR0036,"Dec 02, 2024",21:40:28
ord00726,CSTMR0381,07-06-24,13:14:30
ORD00727,CSTMR0484,2025-01-22,19:21:56
ORD00728,CSTMR0495,12/21/2025,18:38:26
ORD00729,CSTMR0667,24 Dec 2025,10:12:11
ORD00730,CSTMR0072,"Apr 10, 2024",20:08:05
ORD00731,cstmr0237,10/05/2026,11:35:49
ORD00732,CSTMR0697,03-18-24,21:59:59
ORD00733,CSTMR0621,19 Nov 2024,15:26:52
ord00734,CSTMR0311,12/04/2024,18:04:23
ORD00735,CSTMR0388,19-05-2021,12:37:18
ORD00736,CSTMR0311,17 May 2023,13:07:42
ORD00737,cstmr0693,09/07/2025,20:55:51
ord00738,CSTMR0816,2025.04.12,16:23:35
ORD00739,cstmr0045,2025-06-12,22:07:48
ORD00740,cstmr0499,17/01/2024,13:17:05
ORD00741,cstmr0744,"Apr 09, 2024",18:48:59
ord00742,cstmr0228,06-02-2023,12:09:19
ORD00743,cstmr0287,2023-04-30,14:52:11
ORD00744,CSTMR0005,2022.11.13,14:52:40
ORD00745,CSTMR0246,08-11-2025,11:43:55
ORD00746,CSTMR0576,12-26-24,13:00:32
ORD00747,cstmr0145,28 Jun 2025,17:58:54
ORD00748,CSTMR0021,03/05/2026,09:46:53
ORD00749,CSTMR0352,16 Jun 2025,13:29:50
ORD00750,CSTMR0787,2026.02.14,19:52:45
ORD00751,CSTMR0882,2023.05.19,13:37:09
ord00752,cstmr0110,2024.03.14,13:45:42
ORD00753,cstmr0988,10-24-24,20:48:55
ord00754,CSTMR0866,09-28-22,20:18:46
ORD00755,CSTMR0629,10/11/2025,13:56:09
ORD00756,CSTMR0722,"Apr 15, 2023",19:48:05
ORD00757,CSTMR0748,2022-04-14,14:08:01
ORD00758,CSTMR0753,2025.12.12,12:47:13
ORD00759,CSTMR0761,29/07/2023,14:48:27
ORD00760,CSTMR0128,19-10-2024,16:34:58
ord00761,CSTMR0831,10/07/2023,09:37:27
ORD00762,cstmr0115,2024.07.01,13:24:30
ORD00763,CSTMR0599,27/11/2024,13:06:03
ORD00764,CSTMR0247,03-09-2023,21:40:23
ord00765,CSTMR0251,2024.09.26,19:20:42
ord00766,CSTMR0584,2024-02-22,18:25:37
ord00767,CSTMR0777,2025-05-10,09:22:50
ORD00768,cstmr0131,2022.03.10,13:53:50
ord00769,cstmr0350,08/05/2022,14:36:45
ORD00770,CSTMR0855,02-09-26,13:50:04
ord00771,cstmr0151,21/02/2022,19:36:11
ORD00772,CSTMR0813,2024.12.28,11:03:06
ORD00773,cstmr0495,12/21/2022,13:21:17
ORD00774,CSTMR0710,"Mar 30, 2025",22:10:55
ORD00775,cstmr0885,"Apr 25, 2023",18:04:30
ORD00776,CSTMR0275,23-08-2021,10:55:39
ORD00777,CSTMR0571,29 Jul 2024,18:46:44
ORD00778,cstmr0968,05/23/2025,19:59:15
ORD00779,cstmr0738,"Jun 22, 2023",22:46:23
ORD00780,CSTMR0236,"Nov 04, 2024",18:35:40
ord00781,CSTMR0348,"Sep 25, 2021",20:26:01
ORD00782,CSTMR0705,08-05-23,18:00:37
ord00783,cstmr0180,2024.02.21,10:44:08
ORD00784,CSTMR0545,2023-10-21,19:50:13
ORD00785,CSTMR0451,25 Feb 2022,13:09:18
ord00786,CSTMR0870,05/02/2021,19:55:47
ord00787,cstmr0257,12-17-24,20:33:34
ord00788,cstmr0924,25 Apr 2024,20:48:59
ORD00789,CSTMR0919,2024-06-26,14:13:54
ORD00790,CSTMR0496,01/01/2025,10:46:30
ORD00791,cstmr0946,2023.01.26,11:42:13
ORD00792,CSTMR0437,18/11/2022,13:17:24
ORD00793,CSTMR0081,"Jun 08, 2022",09:32:28
ORD00794,CSTMR0207,05-26-24,20:16:08
ORD00795,CSTMR0449,2026-03-04,18:02:05
ORD00796,CSTMR0044,15-12-2022,13:45:17
ORD00797,CSTMR0407,17-11-2025,21:27:52
ORD00798,cstmr0343,22-11-2021,08:53:43
ORD00799,cstmr0113,12/01/2024,18:32:21
ORD00800,cstmr0376,"May 27, 2022",19:34:27
ORD00801,cstmr0215,2022.10.26,10:03:29
ORD00802,CSTMR0513,"Apr 01, 2024",20:39:14
ORD00803,CSTMR0337,06/05/2023,08:10:41
ord00804,CSTMR0529,09-02-2021,18:01:16
ORD00805,CSTMR0654,05/23/2025,12:10:00
ORD00806,CSTMR0117,"Sep 15, 2022",18:10:15
ord00807,CSTMR0441,24/12/2025,13:51:17
ord00808,cstmr0872,16 May 2024,14:18:06
ORD00809,CSTMR0318,11-06-2025,21:52:32
ord00810,CSTMR0448,2023-04-17,19:35:38
ord00811,CSTMR0579,2024.01.09,10:37:52
ORD00812,CSTMR0024,2022-11-30,12:15:59
ORD00813,CSTMR0253,11/04/2021,10:55:45
ORD00814,cstmr0280,30 Dec 2025,20:48:32
ORD00815,CSTMR0226,03 Jan 2025,19:35:50
ORD00816,cstmr0110,23/09/2025,11:07:18
ORD00817,cstmr0957,05/10/2023,10:54:42
ORD00818,CSTMR0760,01-09-25,13:02:14
ord00819,CSTMR0436,19/04/2022,15:11:56
ord00820,cstmr0508,12/29/2022,14:55:22
ord00821,CSTMR0151,10-15-23,21:18:16
ORD00822,CSTMR0119,2026.05.05,18:43:03
ord00823,CSTMR0422,01/02/2024,13:13:06
ORD00824,CSTMR0886,01/06/2023,12:10:32
ORD00825,cstmr0274,01/05/2026,14:04:32
ord00826,CSTMR0813,2023-04-28,12:02:11
ord00827,CSTMR0085,2021.02.06,22:52:59
ORD00828,cstmr0256,09/07/2025,16:14:38
ord00829,cstmr0151,04 Apr 2025,11:40:02
ORD00830,CSTMR0962,01-26-24,22:54:00
ORD00831,CSTMR0773,13/05/2026,09:08:01
ORD00832,cstmr0362,09/06/2022,16:23:04
ORD00833,cstmr0149,"Mar 14, 2025",12:50:13
ord00834,CSTMR0004,28-01-2023,15:01:39
ORD00835,cstmr0541,16/04/2021,09:56:28
ord00836,CSTMR0728,01 Jun 2024,09:13:39
ord00837,CSTMR0794,10 Aug 2024,15:20:56
ORD00838,CSTMR0868,07-04-2023,17:23:51
ord00839,CSTMR0990,08-08-24,20:52:04
ord00840,CSTMR0264,2024-07-20,11:14:15
ORD00841,CSTMR0848,03 Dec 2025,15:11:51
ORD00842,CSTMR0377,14-01-2025,22:12:11
ord00843,CSTMR0107,02/06/2025,20:08:52
ord00844,CSTMR0881,"May 22, 2023",10:21:15
ORD00845,cstmr0937,2022-11-11,21:21:13
ord00846,CSTMR0567,27-06-2023,22:46:18
ORD00847,CSTMR0257,10/17/2025,16:55:43
ord00848,CSTMR0896,03-09-2023,20:40:50
ORD00849,cstmr0875,16/01/2026,13:53:22
ORD00850,cstmr0145,2023-04-21,12:02:23
ORD00851,CSTMR0509,2024.05.16,08:52:55
ord00852,CSTMR0639,"Jan 27, 2023",13:26:25
ORD00853,cstmr0768,2022-09-22,20:58:10
ORD00854,CSTMR0452,16/03/2024,08:56:14
ORD00855,cstmr0475,20/03/2023,16:21:25
ord00856,CSTMR0141,2024-09-14,17:37:01
ORD00857,CSTMR0768,14 Jul 2025,14:59:49
ORD00858,CSTMR0076,04/02/2023,10:37:42
ORD00859,CSTMR0047,2024-03-31,16:22:54
ORD00860,cstmr0973,09/05/2023,11:05:58
ORD00861,CSTMR0402,20-03-2025,12:44:00
ORD00862,CSTMR0895,14-08-2022,10:48:55
ORD00863,CSTMR0999,04-04-2021,19:52:24
ord00864,CSTMR0951,"May 02, 2022",12:13:08
ORD00865,cstmr0399,31-03-2026,08:28:57
ord00866,CSTMR0716,06-20-25,09:59:10
ORD00867,CSTMR0306,09-17-23,08:28:47
ord00868,CSTMR0099,06/19/2022,18:56:08
ORD00869,CSTMR0792,2021-11-09,20:56:20
ORD00870,CSTMR0655,2025-02-02,15:01:56
ORD00871,CSTMR0930,2025-08-25,08:23:42
ORD00872,CSTMR0051,2026-03-06,10:01:42
ORD00873,cstmr0469,02/12/2023,12:09:57
ord00874,CSTMR0335,"Feb 05, 2024",13:54:27
ord00875,CSTMR0400,01 Apr 2022,21:01:55
ORD00876,CSTMR0220,10/05/2024,20:56:55
ORD00877,CSTMR0849,03 May 2024,21:34:49
ord00878,cstmr0837,04/06/2022,16:50:21
ORD00879,CSTMR0702,29/01/2026,15:00:17
ORD00880,CSTMR0863,"Jun 25, 2023",12:14:01
ord00881,CSTMR0201,06 Jul 2021,09:24:41
ord00882,cstmr0282,2025.02.20,14:10:07
ord00883,cstmr0139,04-23-22,08:44:35
ord00884,CSTMR0445,05/02/2025,13:59:35
ORD00885,cstmr0669,"Aug 08, 2021",22:19:08
ord00886,cstmr0641,"Jan 29, 2023",19:14:05
ORD00887,CSTMR0052,2024.07.02,13:37:43
ORD00888,CSTMR0447,2025-01-17,13:30:28
ORD00889,CSTMR0369,07-21-23,18:39:41
ord00890,cstmr0123,19/03/2025,20:43:01
ORD00891,CSTMR0794,12-01-2026,21:58:20
ORD00892,CSTMR0788,2023-09-06,08:39:59
ord00893,CSTMR0163,2025.08.27,16:59:59
ord00894,CSTMR0744,"Jul 06, 2025",11:47:36
ord00895,CSTMR0492,02-03-2024,12:53:52
ord00896,CSTMR0393,07/09/2025,09:28:47
ord00897,CSTMR0335,17-05-2026,08:16:53
ord00898,CSTMR0201,05/08/2024,12:46:48
ORD00899,CSTMR0125,14 Aug 2023,12:16:39
ORD00900,CSTMR0927,07-14-24,10:20:50
ORD00901,CSTMR0339,03-28-26,16:23:35
ord00902,CSTMR0914,08/12/2023,19:47:39
ORD00903,CSTMR0292,2025.03.07,11:15:38
ORD00904,cstmr0946,"Sep 08, 2024",12:21:23
ORD00905,CSTMR0066,12 Oct 2021,21:41:28
ORD00906,cstmr0071,2023.10.05,15:32:53
ORD00907,CSTMR0892,02-23-22,12:38:04
ORD00908,CSTMR0408,2024.06.27,15:33:37
ORD00909,CSTMR0950,03-12-2022,13:19:36
ORD00910,CSTMR0802,01-11-22,21:05:29
ORD00911,CSTMR0947,2024-10-26,16:57:13
ORD00912,CSTMR0649,07/23/2023,12:32:08
ORD00913,cstmr0112,2023.02.20,22:15:29
ORD00914,CSTMR0181,"May 22, 2025",09:47:05
ord00915,cstmr0591,18-08-2025,15:55:39
ORD00916,cstmr0023,09/08/2024,20:52:26
ORD00917,CSTMR0975,10/14/2023,11:36:37
ORD00918,CSTMR0966,05-30-23,15:02:47
ORD00919,cstmr0486,10-02-24,14:59:42
ORD00920,CSTMR0871,02 Feb 2025,09:47:22
ord00921,cstmr0057,03 May 2026,11:50:03
ORD00922,cstmr0381,10 Feb 2023,20:07:43
ORD00923,cstmr0774,"Sep 26, 2023",15:58:56
ord00924,cstmr0992,2026-03-07,10:13:29
ord00925,CSTMR0610,"Jul 04, 2025",17:57:19
ORD00926,CSTMR0024,16/12/2022,10:13:50
ORD00927,CSTMR0257,02-05-22,12:26:51
ORD00928,CSTMR0405,27 Jun 2025,15:42:10
ORD00929,CSTMR0497,01/02/2025,20:41:25
ORD00930,CSTMR0685,11/03/2024,13:42:03
ORD00931,cstmr0089,2024-07-03,21:20:49
ORD00932,CSTMR0142,25/07/2025,20:33:15
ord00933,CSTMR0627,02/03/2024,16:39:39
ORD00934,CSTMR0835,"Feb 25, 2025",18:59:55
ORD00935,CSTMR0342,07-22-22,09:26:59
ord00936,CSTMR0635,2024-05-18,19:08:17
ORD00937,cstmr0942,14 Nov 2024,18:21:06
ORD00938,cstmr0212,05/04/2023,16:50:11
ORD00939,cstmr0063,2022-11-14,19:19:54
ORD00940,CSTMR0649,14/04/2025,08:41:25
ORD00941,CSTMR0160,30/08/2023,12:53:07
ORD00942,cstmr0598,25-02-2024,13:14:50
ORD00943,CSTMR0685,04/09/2023,21:48:47
ORD00944,CSTMR0709,07/26/2021,10:29:43
ord00945,CSTMR0746,01 Mar 2024,08:03:08
ORD00946,cstmr0572,12-24-22,13:44:11
ORD00947,cstmr0246,11-09-24,17:08:17
ORD00948,CSTMR0580,2025-11-22,08:33:06
ORD00949,CSTMR0802,20 Apr 2022,20:41:44
ord00950,cstmr0477,10-06-25,16:05:25
ord00951,CSTMR0237,14 Dec 2024,13:17:41
ORD00952,CSTMR0636,05-10-2023,12:16:03
ORD00953,CSTMR0502,"Jan 16, 2026",19:37:12
ord00954,cstmr0797,28-06-2025,16:18:56
ord00955,CSTMR0606,05/07/2023,12:50:50
ORD00956,CSTMR0556,02/08/2025,13:45:46
ORD00957,CSTMR0224,07-03-2025,22:26:02
ord00958,cstmr0696,12-17-21,11:34:39
ord00959,cstmr0808,09/07/2022,12:22:10
ORD00960,cstmr0834,"Dec 27, 2024",13:26:18
ORD00961,CSTMR0971,09/08/2025,18:44:29
ORD00962,cstmr0756,08/27/2024,10:18:15
ORD00963,CSTMR0038,01/02/2022,08:32:03
ORD00964,CSTMR0023,30 Jul 2022,20:15:14
ord00965,CSTMR0907,2023.07.27,21:38:05
ORD00966,CSTMR0941,"Jul 16, 2023",14:00:43
ord00967,cstmr0710,14 Feb 2023,21:23:15
ORD00968,CSTMR0517,14-07-2025,16:42:51
ORD00969,CSTMR0629,12-23-21,21:56:34
ord00970,cstmr0601,07/13/2022,11:09:52
ORD00971,CSTMR0638,05/01/2023,17:35:30
ORD00972,cstmr0476,2022.12.27,19:52:58
ord00973,CSTMR0666,09/09/2025,15:22:03
ORD00974,CSTMR0800,2026.05.09,18:21:41
ORD00975,cstmr0205,05-07-2024,14:50:18
ORD00976,cstmr0272,2021-02-06,17:03:09
ORD00977,CSTMR0941,2022-10-29,17:40:46
ORD00978,CSTMR0803,2023-08-28,12:13:22
ord00979,cstmr0414,03-02-2021,10:10:52
ord00980,cstmr0138,11-02-21,09:17:01
ORD00981,CSTMR0386,"Feb 11, 2024",13:44:57
ORD00982,CSTMR0291,11-05-2024,15:21:52
ORD00983,CSTMR0215,21/01/2025,13:15:10
ORD00984,CSTMR0870,02-01-2022,21:34:57
ORD00985,CSTMR0682,03/12/2026,10:32:39
ord00986,cstmr0170,24-03-2023,09:56:49
ord00987,CSTMR0727,27/11/2021,17:01:49
ord00988,CSTMR0082,2022.03.04,21:57:17
ord00989,CSTMR0609,08 Feb 2025,10:27:11
ORD00990,CSTMR0956,"Jan 17, 2023",13:45:43
ord00991,CSTMR0062,01 Mar 2021,11:29:16
ORD00992,cstmr0023,06 Nov 2025,13:20:34
ORD00993,CSTMR0216,21-12-2025,20:52:19
ord00994,cstmr0213,14/05/2026,19:23:45
ORD00995,CSTMR0368,04-13-24,21:35:17
ord00996,CSTMR0956,2022.08.06,12:36:11
ord00997,CSTMR0289,03/23/2025,16:55:38
ORD00998,CSTMR0649,12-25-24,20:52:50
ord00999,CSTMR0248,19-08-2022,08:39:35
ord01000,CSTMR0408,06-14-23,09:05:36
ord01001,CSTMR0351,20 Oct 2022,14:22:55
ORD01002,CSTMR0631,"Jun 21, 2021",09:51:02
ORD01003,CSTMR0747,01/02/2024,18:17:54
ORD01004,CSTMR0032,"Jul 07, 2021",13:51:27
ORD01005,cstmr0526,06-08-2021,13:32:03
ord01006,cstmr0487,05/10/2025,08:07:12
ORD01007,cstmr0190,2025-04-22,13:03:03
ORD01008,CSTMR0041,04/03/2026,12:44:55
ORD01009,CSTMR0329,01/11/2024,12:20:50
ORD01010,cstmr0780,2023.09.13,10:49:10
ORD01011,CSTMR0986,2024-01-12,08:42:30
ORD01012,cstmr0882,24 Apr 2025,12:45:31
ORD01013,cstmr0707,"Dec 09, 2021",16:40:50
ORD01014,cstmr0437,10/03/2024,19:44:14
ORD01015,cstmr0034,28 Jul 2023,12:50:41
ORD01016,CSTMR0262,20 May 2022,14:37:04
ord01017,cstmr0133,2023.12.18,22:51:28
ord01018,CSTMR0134,27/08/2022,10:21:40
ORD01019,CSTMR0019,25 Jun 2023,20:03:48
ORD01020,CSTMR0025,09-09-23,20:29:44
ord01021,CSTMR0163,14-07-2024,09:51:53
ORD01022,CSTMR0653,"Jun 02, 2024",20:42:24
ORD01023,cstmr0785,04/06/2024,10:38:36
ord01024,cstmr0248,20/12/2025,21:51:59
ord01025,CSTMR0384,08-19-25,21:09:25
ORD01026,CSTMR0332,27/07/2025,10:45:43
ORD01027,cstmr0437,2024.11.15,13:18:37
ord01028,cstmr0882,"Sep 10, 2025",21:52:30
ORD01029,CSTMR0606,"Feb 04, 2023",12:10:11
ORD01030,cstmr0361,20-02-2022,19:56:01
ORD01031,CSTMR0654,27-06-2023,19:27:42
ord01032,CSTMR0400,07-09-25,20:48:15
ORD01033,cstmr0151,"Apr 06, 2025",13:21:39
ORD01034,CSTMR0345,11 Dec 2023,12:15:52
ORD01035,cstmr0898,"Apr 04, 2024",17:57:01
ord01036,cstmr0677,22 Oct 2024,14:28:36
ORD01037,CSTMR0626,05-17-22,12:31:21
ORD01038,CSTMR0723,03 Dec 2025,21:09:35
ORD01039,CSTMR0902,2025.06.21,14:38:35
ORD01040,CSTMR0888,06-13-25,19:49:44
ORD01041,cstmr0815,2024.07.27,09:57:16
ORD01042,CSTMR0409,23 Nov 2024,10:19:30
ORD01043,CSTMR0417,16/06/2025,12:04:14
ORD01044,CSTMR0171,24/06/2025,10:22:19
ORD01045,CSTMR0088,2026.03.15,12:05:51
ORD01046,CSTMR0732,2024.04.21,17:47:24
ORD01047,CSTMR0264,"Mar 05, 2024",22:04:56
ORD01048,CSTMR0029,02/06/2025,21:00:04
ORD01049,CSTMR0841,2023-07-14,11:48:23
ord01050,cstmr0677,2024.12.27,12:23:42
ORD01051,CSTMR0445,06 Feb 2026,12:28:29
ORD01052,CSTMR0258,14/07/2023,15:45:52
ORD01053,CSTMR0107,"Jun 22, 2024",09:50:59
ORD01054,CSTMR0142,2023-12-01,20:16:19
ORD01055,CSTMR0538,29 May 2023,20:14:15
ORD01056,cstmr0815,09/06/2025,11:05:24
ORD01057,cstmr0555,04 Sep 2025,15:05:13
ord01058,cstmr0191,"Aug 25, 2023",22:06:42
ORD01059,CSTMR0188,15 Apr 2024,13:30:09
ord01060,cstmr0006,"Apr 29, 2026",18:28:11
ORD01061,CSTMR0315,08/07/2023,19:53:29
ORD01062,cstmr0698,17/08/2024,10:31:33
ORD01063,CSTMR0841,2025-07-05,19:31:16
ord01064,cstmr0729,03 Oct 2022,19:27:29
ORD01065,CSTMR0055,08/10/2021,17:28:06
ord01066,cstmr0579,04-28-24,14:44:29
ORD01067,CSTMR0718,16 Nov 2025,21:11:54
ORD01068,CSTMR0212,10-30-24,11:39:25
ORD01069,CSTMR0232,25/02/2023,16:32:19
ORD01070,CSTMR0995,17-09-2023,13:53:31
ORD01071,CSTMR0149,"Apr 17, 2025",10:18:21
ord01072,CSTMR0830,2022-09-13,09:55:52
ord01073,CSTMR0131,08-06-23,18:19:20
ORD01074,CSTMR0251,28-01-2021,17:07:43
ord01075,CSTMR0130,2022.04.02,20:20:19
ORD01076,cstmr0567,2023.01.09,11:44:20
ORD01077,CSTMR0251,13/11/2025,16:03:17
ORD01078,CSTMR0199,10/01/2022,12:11:55
ord01079,CSTMR0681,15/08/2024,22:07:22
ord01080,CSTMR0898,02/20/2026,08:45:41
ORD01081,CSTMR0462,2023.11.04,21:18:48
ord01082,CSTMR0471,13 Mar 2024,13:20:20
ORD01083,CSTMR0280,"Dec 17, 2025",20:19:35
ORD01084,cstmr0283,2024-06-30,13:01:09
ORD01085,CSTMR0375,17/01/2024,08:46:25
ORD01086,CSTMR0680,07/07/2024,12:19:21
ORD01087,CSTMR0629,22-09-2021,14:43:43
ord01088,cstmr0254,2023.05.28,20:02:58
ORD01089,CSTMR0167,01-01-25,08:34:47
ORD01090,CSTMR0239,08-31-23,20:33:01
ord01091,CSTMR0902,2025-04-16,21:40:29
ord01092,CSTMR0621,2022.09.06,18:43:15
ord01093,CSTMR0812,"Dec 25, 2022",22:10:35
ORD01094,CSTMR0037,01-02-25,16:48:24
ord01095,cstmr0692,10-17-22,16:42:34
ORD01096,cstmr0121,28/12/2025,10:19:50
ORD01097,cstmr0932,"Dec 24, 2023",21:51:33
ord01098,CSTMR0937,10/07/2023,22:06:49
ORD01099,CSTMR0727,2024.12.20,13:40:56
ORD01100,cstmr0787,2025-07-24,21:43:33
ORD01101,CSTMR0440,08-19-22,20:35:16
ORD01102,cstmr0287,2021-12-03,12:07:16
ORD01103,CSTMR0884,02-12-2023,20:49:58
ord01104,cstmr0500,04-11-2025,13:17:24
ORD01105,CSTMR0617,22/04/2025,19:12:27
ORD01106,cstmr0001,11/25/2022,20:40:58
ord01107,cstmr0558,2023.04.05,13:23:30
ORD01108,CSTMR0462,04-06-21,20:50:17
ord01109,CSTMR0050,12/08/2024,20:32:01
ord01110,CSTMR0305,17-01-2022,12:31:10
ORD01111,cstmr0207,20-04-2026,17:32:02
ORD01112,cstmr0657,08-31-23,12:08:43
ORD01113,CSTMR0876,17/03/2023,11:33:28
ORD01114,CSTMR0913,2025-02-13,14:16:31
ORD01115,CSTMR0521,2024.12.14,10:26:17
ord01116,CSTMR0306,"Jul 27, 2024",18:26:14
ORD01117,CSTMR0719,10/29/2022,13:46:05
ORD01118,cstmr0734,05 Mar 2026,15:54:38
ORD01119,cstmr0685,12-20-24,10:08:17
ord01120,cstmr0797,20 Jan 2022,20:04:01
ORD01121,CSTMR0188,02-02-25,18:32:44
ord01122,cstmr0409,2024-04-12,21:44:54
ORD01123,CSTMR0725,11 Oct 2022,12:45:13
ORD01124,CSTMR0428,10-08-2025,12:00:39
ORD01125,CSTMR0416,03 Feb 2024,21:33:14
ord01126,CSTMR0708,14-07-2023,18:31:54
ORD01127,cstmr0417,04/05/2022,12:10:34
ORD01128,cstmr0615,16 Sep 2025,09:03:20
ORD01129,CSTMR0486,10-10-2025,12:09:19
ORD01130,CSTMR0439,2023-05-31,16:58:02
ord01131,CSTMR0484,04/09/2026,21:15:16
ORD01132,CSTMR0302,12/22/2024,20:14:18
ord01133,CSTMR0255,10/04/2022,15:54:26
ord01134,CSTMR0848,30/06/2024,09:45:53
ORD01135,CSTMR0724,2023-06-05,11:35:57
ORD01136,CSTMR0112,2025-09-19,21:12:13
ORD01137,cstmr0686,2024.07.06,14:40:51
ord01138,cstmr0322,2025.08.16,12:24:57
ORD01139,CSTMR0421,08/09/2023,13:10:44
ORD01140,CSTMR0947,31 Jan 2025,12:06:23
ord01141,CSTMR0167,2023.08.26,20:07:34
ord01142,CSTMR0359,25-07-2022,21:34:32
ORD01143,CSTMR0338,14-02-2023,09:03:53
ORD01144,CSTMR0190,28-12-2024,08:53:04
ord01145,CSTMR0857,16 Apr 2023,10:01:27
ord01146,cstmr0166,10-14-25,13:29:37
ord01147,cstmr0030,11 Sep 2023,13:06:19
ord01148,CSTMR0546,2024-06-29,20:49:53
ORD01149,cstmr0304,10/06/2025,17:30:15
ORD01150,cstmr0017,01 Apr 2024,19:40:12
ord01151,cstmr0576,10-17-23,15:49:41
ORD01152,CSTMR0921,01/30/2026,16:03:24
ord01153,CSTMR0264,16-10-2022,10:59:15
ord01154,CSTMR0971,04 Feb 2024,22:57:14
ORD01155,cstmr0445,2024-01-03,13:10:04
ord01156,CSTMR0626,"May 17, 2025",12:37:38
ORD01157,CSTMR0196,2024.04.19,22:14:06
ORD01158,cstmr0304,2026.05.03,20:37:31
ORD01159,CSTMR0373,09 Aug 2024,09:50:08
ORD01160,cstmr0779,07/09/2024,12:23:06
ORD01161,CSTMR0032,2023-08-21,16:27:57
ORD01162,CSTMR0181,"Jun 02, 2023",18:40:27
ORD01163,CSTMR0828,08 Jun 2021,13:49:15
ORD01164,cstmr0306,2024.01.27,16:31:48
ORD01165,CSTMR0308,2023-03-10,21:00:03
ORD01166,CSTMR0335,02/28/2021,09:43:42
ord01167,CSTMR0514,23-06-2025,20:00:41
ORD01168,cstmr0802,22/03/2024,22:21:32
ORD01169,CSTMR0395,2026.01.10,08:43:12
ORD01170,CSTMR0078,"Apr 21, 2024",11:19:30
ORD01171,CSTMR0382,10/20/2022,13:47:43
ord01172,CSTMR0062,03-08-2023,10:18:21
ORD01173,CSTMR0257,"Feb 20, 2026",16:14:31
ORD01174,cstmr0033,2022-05-31,17:09:51
ORD01175,cstmr0656,2023-08-01,13:20:40
ORD01176,CSTMR0294,06/04/2024,15:06:48
ORD01177,CSTMR0191,04/01/2023,17:26:32
ORD01178,CSTMR0724,"Jan 26, 2022",10:58:42
ORD01179,cstmr0530,2024.12.02,12:44:21
ord01180,CSTMR0650,19 Oct 2025,11:10:15
ORD01181,CSTMR0712,02/12/2021,19:22:10
ORD01182,cstmr0816,06-26-22,08:26:42
ord01183,CSTMR0083,"Mar 23, 2023",11:10:20
ORD01184,CSTMR0684,2025-06-25,19:10:23
ORD01185,cstmr0554,2024-04-21,21:14:37
ORD01186,CSTMR0997,24-09-2025,19:14:12
ORD01187,CSTMR0388,2024-02-11,09:24:46
ORD01188,cstmr0339,2025.01.17,11:14:01
ORD01189,CSTMR0691,2025.12.17,18:35:43
ord01190,CSTMR0620,10/24/2024,15:33:14
ORD01191,CSTMR0124,2025-08-16,17:11:28
ORD01192,CSTMR0137,2024.06.07,21:21:48
ORD01193,CSTMR0168,2023-04-18,20:32:13
ORD01194,cstmr0277,2021.03.28,21:02:59
ORD01195,cstmr0081,30-04-2022,19:00:05
ORD01196,cstmr0057,12/26/2023,21:27:10
ORD01197,cstmr0195,"Oct 16, 2025",16:19:01
ORD01198,CSTMR0129,18 Nov 2025,12:10:37
ORD01199,CSTMR0864,15 Feb 2026,15:43:29
ORD01200,CSTMR0925,"Nov 23, 2023",12:23:37
ORD01201,cstmr0814,01/04/2023,22:07:04
ord01202,CSTMR0635,13-10-2025,08:04:08
ORD01203,CSTMR0140,"Apr 21, 2022",13:04:27
ord01204,CSTMR0526,21-10-2021,20:13:08
ord01205,cstmr0867,08/16/2024,17:51:44
ord01206,cstmr0877,2024.11.02,09:13:35
ORD01207,CSTMR0852,14-06-2023,16:14:21
ORD01208,CSTMR0096,10-29-21,14:12:10
ORD01209,CSTMR0262,2023.06.24,12:56:41
ORD01210,CSTMR0016,09-08-21,19:09:23
ord01211,cstmr0309,"May 26, 2024",20:01:08
ORD01212,cstmr0663,"May 19, 2023",19:10:25
ORD01213,cstmr0979,2023-10-01,09:06:56
ord01214,cstmr0989,09-12-2021,11:34:48
ORD01215,CSTMR0783,2024-04-21,12:35:31
ORD01216,cstmr0954,2022-03-12,21:32:57
ord01217,cstmr0490,09/01/2024,20:02:02
ORD01218,cstmr0217,15 Oct 2025,19:54:45
ORD01219,cstmr0085,"Jun 25, 2022",10:02:50
ORD01220,CSTMR0731,22 Feb 2023,09:20:05
ORD01221,CSTMR0311,2024.09.30,12:13:13
ORD01222,CSTMR0441,10-19-22,22:06:46
ORD01223,CSTMR0718,10/20/2023,09:14:39
ord01224,cstmr0945,12-26-21,22:10:39
ord01225,CSTMR0726,07-21-22,12:10:45
ORD01226,CSTMR0889,2025.02.01,15:59:31
ORD01227,CSTMR0489,2025-01-24,14:06:58
ORD01228,cstmr0661,11/27/2023,18:24:04
ord01229,cstmr0751,2025-07-30,10:41:51
ord01230,CSTMR0152,25/12/2023,10:40:07
ORD01231,CSTMR0849,12-07-22,22:33:55
ORD01232,cstmr0371,08/28/2025,16:45:58
ORD01233,cstmr0253,02 Jun 2021,09:54:25
ORD01234,CSTMR0651,05-11-2025,19:36:02
ORD01235,cstmr0453,05-04-24,19:32:52
ORD01236,cstmr0872,08/15/2025,13:18:14
ORD01237,CSTMR0453,28 Jun 2023,13:29:28
ord01238,CSTMR0265,11/30/2024,17:36:46
ORD01239,CSTMR0552,12/02/2024,13:16:56
ORD01240,CSTMR0458,"Aug 15, 2024",10:13:07
ORD01241,CSTMR0047,05 Jan 2026,11:52:41
ORD01242,CSTMR0259,12 Apr 2025,09:07:58
ORD01243,cstmr0289,30 Jul 2023,20:08:01
ORD01244,cstmr0882,07/25/2025,13:23:48
ord01245,CSTMR0586,08/05/2021,14:27:48
ord01246,CSTMR0216,10-03-24,19:36:06
ORD01247,cstmr0868,03 Nov 2025,15:39:13
ord01248,CSTMR0703,07-23-22,13:22:06
ORD01249,CSTMR0264,"Jan 21, 2025",11:35:25
ord01250,CSTMR0864,06-02-2025,20:19:53
ORD01251,cstmr0599,28-05-2022,19:47:24
ORD01252,CSTMR0535,20/01/2023,17:35:27
ord01253,CSTMR0232,12 Apr 2025,19:47:48
ORD01254,CSTMR0611,12/20/2022,21:11:11
ord01255,CSTMR0758,01-14-22,10:02:37
ORD01256,cstmr0064,2021-05-15,22:59:24
ord01257,cstmr0589,"Mar 26, 2024",13:27:28
ORD01258,CSTMR0708,2023-06-06,13:45:19
ord01259,cstmr0076,"Jul 24, 2022",22:55:58
ORD01260,CSTMR0905,10-08-2025,19:35:24
ORD01261,cstmr0437,"Mar 05, 2021",21:00:36
ord01262,cstmr0581,04-02-2023,22:23:19
ORD01263,CSTMR0482,2024.05.19,12:56:23
ORD01264,cstmr0635,"Apr 27, 2024",11:18:05
ORD01265,CSTMR0185,11/19/2025,16:39:09
ORD01266,CSTMR0850,"May 17, 2024",18:58:50
ORD01267,CSTMR0802,01 Aug 2023,11:24:25
ord01268,CSTMR0658,"Feb 26, 2024",19:28:58
ORD01269,CSTMR0826,12-15-25,15:59:07
ORD01270,CSTMR0114,30/07/2021,12:19:24
ORD01271,CSTMR0831,"Mar 19, 2026",14:41:49
ORD01272,CSTMR0301,28-05-2025,13:28:09
ord01273,cstmr0037,"Aug 06, 2024",19:32:23
ord01274,CSTMR0992,11-02-2025,13:20:15
ORD01275,cstmr0016,15-03-2022,20:04:17
ord01276,CSTMR0843,12/09/2023,12:29:55
ORD01277,cstmr0267,2023.03.31,22:19:32
ord01278,CSTMR0219,07/09/2024,13:00:37
ORD01279,CSTMR0849,14 Apr 2022,08:12:29
ord01280,cstmr0023,31 May 2022,09:15:51
ORD01281,CSTMR0217,23/07/2025,20:17:33
ord01282,cstmr0800,04/11/2024,19:10:41
ord01283,cstmr0594,09-14-23,12:32:47
ORD01284,cstmr0096,04-20-25,18:50:34
ord01285,CSTMR0814,"Nov 02, 2025",17:27:57
ord01286,CSTMR0459,2026-04-01,19:30:12
ORD01287,cstmr0194,10/23/2021,21:50:47
ORD01288,CSTMR0129,"Aug 02, 2024",21:42:05
ord01289,CSTMR0830,2024.01.01,13:54:11
ord01290,CSTMR0459,05 Oct 2023,19:02:55
ORD01291,CSTMR0493,15 Apr 2025,13:51:18
ord01292,cstmr0112,11-27-21,09:00:25
ORD01293,CSTMR0692,01-10-2021,11:46:33
ORD01294,CSTMR0993,2024-09-22,12:18:56
ORD01295,CSTMR0500,02-05-2023,19:13:45
ord01296,CSTMR0388,2025-05-09,20:59:07
ORD01297,CSTMR0336,20/06/2024,12:56:11
ORD01298,CSTMR0839,"May 06, 2026",21:29:27
ord01299,cstmr0400,23-03-2022,21:38:41
ord01300,CSTMR0311,28/12/2022,08:26:50
ord01301,CSTMR0715,01-25-25,20:48:09
ord01302,cstmr0853,26/05/2024,09:38:01
ord01303,CSTMR0570,10-26-24,12:20:30
ORD01304,cstmr0981,15 Apr 2025,22:14:01
ORD01305,CSTMR0417,22 Dec 2023,20:30:17
ORD01306,cstmr0117,25-04-2024,21:12:55
ORD01307,cstmr0416,2023.06.25,11:19:29
ord01308,CSTMR0058,"Apr 23, 2023",12:52:49
ORD01309,cstmr0391,09/26/2023,13:28:44
ORD01310,CSTMR0930,"Dec 11, 2022",20:33:57
ORD01311,CSTMR0338,2026-01-22,12:48:24
ord01312,cstmr0012,27/03/2023,18:29:41
ORD01313,CSTMR0443,"May 15, 2023",09:35:23
ORD01314,CSTMR0771,28/01/2024,13:06:46
ORD01315,CSTMR0197,"Feb 02, 2024",16:37:50
ORD01316,CSTMR0004,2026.02.04,18:12:08
ORD01317,CSTMR0753,04 Aug 2021,10:42:32
ORD01318,cstmr0712,10/24/2025,21:59:17
ORD01319,CSTMR0736,24-08-2023,17:28:32
ord01320,CSTMR0700,2026-04-30,17:14:31
ORD01321,CSTMR0988,11-23-24,12:44:59
ORD01322,CSTMR0513,21-04-2022,13:12:13
ord01323,CSTMR0843,2023-02-10,22:20:54
ord01324,cstmr0745,05-20-23,10:54:21
ORD01325,CSTMR0111,26/08/2024,12:40:47
ORD01326,CSTMR0333,2022-02-08,21:52:06
ORD01327,CSTMR0920,06-24-23,19:04:15
ord01328,cstmr0982,19-10-2024,12:18:53
ORD01329,CSTMR0658,26/01/2024,14:24:21
ORD01330,CSTMR0092,05-07-26,18:55:33
ord01331,CSTMR0708,10-25-24,11:40:22
ORD01332,CSTMR0621,07-19-23,21:48:26
ord01333,CSTMR0351,02-20-25,13:39:18
ord01334,CSTMR0998,03/31/2024,19:18:22
ORD01335,cstmr0624,02/05/2022,16:56:29
ORD01336,cstmr0766,2025.10.22,13:43:29
ord01337,cstmr0348,02/06/2024,21:45:54
ord01338,CSTMR0957,"Sep 18, 2025",13:08:26
ORD01339,CSTMR0707,11/07/2023,18:22:12
ORD01340,CSTMR0799,06-07-24,20:55:22
ORD01341,CSTMR0374,24 Nov 2022,21:58:18
ord01342,cstmr0801,04-12-2023,08:24:58
ord01343,CSTMR0652,2021-11-14,14:45:19
ORD01344,cstmr0134,2024-02-25,11:14:35
ORD01345,cstmr0433,2024-09-10,15:51:20
ord01346,cstmr0919,02-20-24,19:35:09
ORD01347,cstmr0478,02/11/2026,22:05:56
ORD01348,CSTMR0382,09/10/2022,16:16:35
ord01349,CSTMR0786,07/04/2023,22:04:53
ord01350,cstmr0492,2022-02-14,21:41:33
ORD01351,CSTMR0428,07/02/2024,22:32:55
ord01352,cstmr0384,2025.07.23,13:04:20
ord01353,CSTMR0175,28/10/2025,17:55:53
ORD01354,cstmr0995,04-12-2023,19:54:30
ORD01355,cstmr0874,2024.06.21,19:43:01
ORD01356,CSTMR0422,2024.07.21,22:34:15
ORD01357,cstmr0371,11-14-22,21:22:52
ORD01358,cstmr0168,28-09-2022,21:35:55
ORD01359,CSTMR0762,2021-05-31,15:40:27
ord01360,cstmr0831,"May 01, 2026",11:31:53
ORD01361,CSTMR0387,06-22-23,18:42:54
ord01362,cstmr0069,09-20-21,13:41:13
ORD01363,CSTMR0685,11-04-23,12:39:02
ORD01364,CSTMR0639,12/10/2024,12:05:27
ORD01365,CSTMR0036,27 Jan 2023,09:36:24
ORD01366,cstmr0431,05/21/2022,11:16:54
ORD01367,CSTMR0608,11-18-22,12:35:29
ORD01368,CSTMR0889,05/15/2024,17:14:49
ORD01369,CSTMR0237,10 Mar 2025,16:17:31
ord01370,cstmr0511,"Dec 11, 2021",17:56:16
ORD01371,cstmr0192,28 Aug 2023,16:19:34
ord01372,CSTMR0342,"Dec 31, 2023",09:25:49
ORD01373,CSTMR0757,29 Mar 2023,12:29:14
ord01374,CSTMR0406,22 Feb 2023,22:31:57
ORD01375,CSTMR0434,02-14-21,21:23:01
ORD01376,cstmr0152,18 Nov 2024,09:25:45
ord01377,CSTMR0331,2026.04.26,16:02:55
ORD01378,cstmr0030,2021-08-16,13:28:25
ord01379,cstmr0102,05 Sep 2025,15:58:40
ORD01380,cstmr0492,26-05-2024,08:47:33
ORD01381,cstmr0604,15-05-2022,12:51:25
ORD01382,CSTMR0743,2022.10.15,13:06:56
ord01383,CSTMR0556,2023.04.30,08:31:30
ord01384,CSTMR0498,2021-08-28,21:09:22
ord01385,CSTMR0142,2024-02-20,13:50:18
ord01386,CSTMR0186,"Nov 26, 2025",15:27:08
ord01387,cstmr0834,22/02/2021,20:46:35
ORD01388,CSTMR0427,09/04/2025,14:26:15
ORD01389,cstmr0512,2023.01.01,15:25:31
ORD01390,CSTMR0444,03/01/2024,09:56:15
ORD01391,CSTMR0208,16 Nov 2024,13:54:27
ORD01392,cstmr0171,"May 05, 2025",08:48:47
ord01393,cstmr0213,13-01-2023,20:22:23
ORD01394,CSTMR0834,02-17-25,09:12:31
ORD01395,CSTMR0043,28-05-2025,21:33:36
ORD01396,CSTMR0190,12/06/2025,13:58:27
ORD01397,cstmr0370,24/04/2025,08:25:45
ORD01398,CSTMR0608,10/13/2022,20:57:54
ORD01399,CSTMR0456,04/10/2026,21:25:30
ORD01400,CSTMR0213,2023.10.07,11:38:44
ORD01401,CSTMR0994,30-04-2025,15:32:25
ORD01402,CSTMR0441,2026-02-14,22:47:16
ORD01403,CSTMR0043,02-26-24,12:24:23
ORD01404,CSTMR0966,2025-10-21,17:19:25
ORD01405,CSTMR0260,"Aug 11, 2024",14:11:04
ORD01406,cstmr0486,2024.07.14,14:18:25
ORD01407,CSTMR0763,10-11-22,12:58:21
ORD01408,CSTMR0076,26-10-2024,16:53:49
ORD01409,CSTMR0295,05 Apr 2023,20:15:26
ORD01410,CSTMR0326,2023-04-02,19:37:36
ORD01411,CSTMR0287,10/19/2022,21:54:33
ORD01412,CSTMR0743,"May 28, 2026",17:00:46
ord01413,cstmr0326,02-04-23,13:56:19
ORD01414,CSTMR0963,09/03/2025,21:04:53
ORD01415,CSTMR0916,12/15/2021,21:00:28
ORD01416,CSTMR0180,"Oct 25, 2025",12:32:00
ORD01417,cstmr0169,2021-05-08,12:42:38
ord01418,CSTMR0373,10/09/2024,13:12:40
ORD01419,CSTMR0186,2022-09-25,18:10:24
ord01420,CSTMR0208,06/04/2022,09:14:18
ORD01421,CSTMR0740,12 Aug 2023,12:14:37
ORD01422,cstmr0719,07/04/2025,13:34:08
ORD01423,CSTMR0331,18 Sep 2023,21:04:57
ord01424,CSTMR0862,2023-10-02,11:00:47
ORD01425,CSTMR0526,2025-08-22,11:12:33
ORD01426,CSTMR0518,2025-01-06,22:05:14
ord01427,CSTMR0251,09/03/2022,13:41:44
ORD01428,CSTMR0094,18 Oct 2025,22:43:59
ORD01429,CSTMR0132,"May 28, 2025",21:32:43
ORD01430,CSTMR0326,13-08-2023,12:10:29
ORD01431,CSTMR0034,2025.11.07,14:04:45
ORD01432,CSTMR0856,12-13-22,13:04:42
ord01433,CSTMR0906,"May 23, 2025",16:40:08
ORD01434,cstmr0837,03-31-23,22:59:45
ord01435,CSTMR0709,12-07-2025,10:08:28
ord01436,CSTMR0955,26-12-2022,21:44:31
ORD01437,CSTMR0870,"Sep 27, 2024",15:43:20
ORD01438,CSTMR0094,2023.08.20,21:08:59
ORD01439,CSTMR0058,04-11-2023,11:41:37
ORD01440,CSTMR0562,"Oct 20, 2025",09:49:18
ORD01441,CSTMR0460,04-26-23,13:16:31
ORD01442,CSTMR0628,06/05/2023,12:56:30
ORD01443,cstmr0017,03/05/2025,17:56:05
ord01444,CSTMR0409,11/07/2022,21:51:58
ord01445,cstmr0020,2023.12.17,09:39:54
ord01446,CSTMR0914,06 May 2023,12:15:28
ord01447,CSTMR0174,03-03-23,15:06:55
ORD01448,CSTMR0361,07/20/2023,17:20:22
ord01449,CSTMR0498,2025.11.13,10:48:32
ORD01450,CSTMR0688,04 Mar 2025,16:45:22
ORD01451,CSTMR0574,12-04-2024,20:16:06
ORD01452,CSTMR0401,05 Jan 2026,18:43:14
ORD01453,cstmr0771,31 Aug 2025,08:29:14
ORD01454,CSTMR0676,2022.05.26,16:20:03
ORD01455,CSTMR0594,15-06-2024,19:57:09
ORD01456,CSTMR0808,08/06/2023,16:32:48
ORD01457,CSTMR0154,2024-10-16,17:12:52
ord01458,CSTMR0946,06-04-2026,18:23:46
ord01459,cstmr0957,11/18/2022,13:48:58
ord01460,CSTMR0107,12-06-22,19:34:33
ord01461,CSTMR0833,21/05/2021,10:04:21
ord01462,cstmr0234,24 Jun 2025,22:34:58
ORD01463,CSTMR0647,30 Apr 2022,20:09:28
ORD01464,cstmr0518,"Jul 28, 2021",19:23:13
ORD01465,CSTMR0186,05/07/2025,13:24:58
ORD01466,CSTMR0755,02/02/2025,11:23:35
ORD01467,cstmr0899,2024.12.01,10:28:19
ord01468,cstmr0299,06 May 2023,10:42:08
ord01469,cstmr0302,"Mar 15, 2026",12:21:15
ord01470,cstmr0933,2026.05.15,10:57:59
ORD01471,CSTMR0468,08/04/2026,12:13:57
ORD01472,CSTMR0229,04-03-23,14:44:28
ORD01473,cstmr0012,26/12/2025,18:35:08
ORD01474,cstmr0910,2024.02.13,13:22:30
ord01475,CSTMR0844,2025-07-26,18:35:46
ORD01476,CSTMR0838,2022-09-18,10:38:13
ORD01477,CSTMR0977,2024-04-13,08:54:21
ord01478,cstmr0316,02/09/2022,08:46:44
ORD01479,cstmr0861,2024-07-09,13:50:14
ORD01480,cstmr0441,20 May 2023,10:08:51
ORD01481,cstmr0927,2025-06-27,14:50:36
ORD01482,CSTMR0699,02/23/2026,16:34:14
ord01483,CSTMR0852,2024.10.18,21:44:45
ord01484,cstmr0028,29 Mar 2026,21:22:15
ORD01485,cstmr0861,2022-09-30,20:37:51
ord01486,CSTMR0627,"Jul 09, 2022",21:10:12
ord01487,cstmr0992,05/13/2021,20:51:41
ORD01488,cstmr0810,2023-07-13,13:12:22
ORD01489,cstmr0647,"Feb 12, 2024",13:30:09
ORD01490,cstmr0934,2025.08.19,13:29:49
ORD01491,CSTMR0406,07-05-2023,11:48:12
ORD01492,CSTMR0486,06/08/2023,18:45:48
ord01493,CSTMR0688,10-12-24,21:29:47
ord01494,cstmr0048,07/23/2025,12:06:32
ORD01495,cstmr0529,19 Apr 2023,10:30:11
ORD01496,CSTMR0187,29-10-2024,09:36:48
ORD01497,CSTMR0946,2021-05-22,08:44:37
ord01498,CSTMR0486,16-02-2024,18:25:47
ORD01499,CSTMR0801,18-07-2025,22:28:28
ord01500,cstmr0795,"Apr 17, 2021",18:41:13
ORD01501,CSTMR0816,06 Sep 2022,14:20:43
ORD01502,CSTMR0378,28-10-2024,22:35:51
ORD01503,CSTMR0434,26 Dec 2025,09:21:37
ord01504,CSTMR0185,16-12-2022,21:48:36
ORD01505,cstmr0137,2025-01-19,16:51:39
ORD01506,cstmr0471,09/03/2024,13:18:05
ORD01507,cstmr0598,2023-07-16,08:20:30
ord01508,cstmr0279,2023-03-09,15:24:21
ORD01509,CSTMR0262,2023-09-01,20:55:52
ORD01510,cstmr0012,2023-05-31,17:52:43
ORD01511,cstmr0380,11-02-2025,10:33:24
ORD01512,CSTMR0461,01/25/2025,21:39:32
ORD01513,CSTMR0425,03-24-24,18:06:50
ord01514,CSTMR0877,06/01/2025,15:28:41
ORD01515,CSTMR0823,2025-11-28,14:14:35
ord01516,CSTMR0272,2024.09.07,09:38:51
ORD01517,CSTMR0403,2022-12-04,16:10:25
ORD01518,cstmr0873,11/05/2023,17:01:15
ORD01519,cstmr0902,22-01-2022,11:46:49
ord01520,cstmr0922,"Jan 14, 2023",19:23:13
ORD01521,cstmr0748,2025.09.11,21:22:29
ORD01522,cstmr0842,06/28/2022,19:13:23
ORD01523,cstmr0108,"Aug 15, 2025",09:59:46
ord01524,cstmr0331,14/12/2022,21:19:08
ORD01525,cstmr0022,2022-01-21,08:24:09
ORD01526,CSTMR0959,15-09-2023,20:49:14
ORD01527,CSTMR0715,2022-03-20,13:02:49
ORD01528,cstmr0822,2024.08.06,20:44:08
ord01529,cstmr0322,19-11-2024,17:11:02
ord01530,CSTMR0547,08-17-25,13:06:36
ORD01531,CSTMR0637,26 May 2021,14:04:54
ORD01532,CSTMR0535,10 Jul 2022,13:21:48
ord01533,CSTMR0889,02/09/2025,11:23:53
ord01534,CSTMR0128,04-08-2025,15:15:03
ord01535,CSTMR0243,03 Apr 2023,20:25:23
ORD01536,CSTMR0208,21 Jan 2022,11:05:11
ORD01537,CSTMR0543,26/05/2024,22:33:32
ord01538,CSTMR0229,2024-12-04,20:03:23
ord01539,cstmr0719,10/13/2024,19:14:57
ord01540,CSTMR0678,22/11/2024,15:49:13
ORD01541,cstmr0416,20/11/2025,20:04:39
ord01542,CSTMR0839,04 Jan 2025,13:27:25
ORD01543,cstmr0712,12/25/2023,17:08:10
ORD01544,cstmr0500,"Oct 23, 2024",20:02:41
ORD01545,CSTMR0245,2026.01.13,22:49:16
ORD01546,CSTMR0276,11-25-22,14:50:08
ORD01547,cstmr0811,2023.06.15,18:47:26
ORD01548,CSTMR0441,03-09-23,18:31:21
ORD01549,cstmr0270,2023-09-04,10:26:52
ORD01550,cstmr0067,"Apr 05, 2026",13:53:11
ord01551,CSTMR0016,01-05-2025,21:31:28
ord01552,CSTMR0824,12/19/2023,22:30:26
ord01553,CSTMR0555,05/27/2026,14:41:12
ord01554,CSTMR0727,2022-07-27,10:07:35
ord01555,cstmr0913,"Feb 11, 2023",16:16:10
ORD01556,CSTMR0977,28-10-2025,13:11:15
ord01557,CSTMR0864,31-12-2021,20:52:35
ORD01558,CSTMR0140,2023-06-28,08:11:51
ord01559,cstmr0984,24 Apr 2023,17:42:09
ORD01560,cstmr0231,05-29-22,12:02:44
ORD01561,cstmr0670,06-10-2025,12:47:07
ORD01562,CSTMR0442,05-04-24,13:55:50
ORD01563,CSTMR0380,2026.04.05,21:11:48
ORD01564,CSTMR0667,29/12/2023,21:00:03
ORD01565,CSTMR0207,12/22/2024,21:20:55
ord01566,CSTMR0870,09/17/2022,18:58:50
ORD01567,cstmr0319,2023.11.11,21:50:07
ord01568,cstmr0273,19/09/2025,15:33:41
ord01569,CSTMR0568,23 Nov 2025,20:00:28
ORD01570,CSTMR0177,16-03-2021,20:18:05
ORD01571,CSTMR0383,12-01-21,08:47:18
ord01572,CSTMR0042,27 Apr 2021,09:25:36
ord01573,cstmr0572,"Apr 28, 2022",08:26:21
ORD01574,cstmr0125,2023-12-17,12:44:25
ORD01575,CSTMR0807,03/01/2026,16:36:52
ORD01576,CSTMR0244,28 Apr 2025,10:16:31
ORD01577,cstmr0152,12-01-22,09:56:02
ord01578,CSTMR0331,17 Jan 2023,16:13:45
ord01579,CSTMR0310,02-05-23,22:52:40
ord01580,CSTMR0689,05/30/2025,19:44:01
ord01581,CSTMR0906,11-05-21,10:41:45
ORD01582,CSTMR0729,03-23-21,09:57:33
ORD01583,CSTMR0919,12 Mar 2026,12:53:36
ORD01584,cstmr0297,21/08/2022,19:27:03
ORD01585,CSTMR0302,23-06-2023,19:53:32
ORD01586,cstmr0651,09 Jul 2021,19:27:20
ORD01587,CSTMR0879,11-12-2023,13:24:10
ORD01588,CSTMR0785,21 Sep 2024,08:36:30
ORD01589,cstmr0836,"Aug 16, 2023",13:43:04
ORD01590,CSTMR0611,2022-12-31,15:08:05
ORD01591,cstmr0011,05/31/2025,17:04:13
ord01592,CSTMR0139,06 Oct 2023,18:02:58
ord01593,cstmr0831,07/07/2023,19:25:44
ORD01594,CSTMR0572,12-09-22,14:43:00
ORD01595,CSTMR0042,24 Jun 2025,13:24:21
ORD01596,CSTMR0178,04/10/2025,16:21:41
ORD01597,CSTMR0879,01/06/2026,19:56:12
ord01598,cstmr0771,18/06/2024,20:10:02
ORD01599,CSTMR0397,19 Jan 2024,12:28:22
ORD01600,CSTMR0538,21 May 2025,16:39:17
ord01601,CSTMR0372,20 Jul 2025,13:59:46
ORD01602,cstmr0482,02-17-24,21:42:38
ord01603,cstmr0249,2024-06-04,21:01:26
ORD01604,cstmr0181,22-03-2026,20:18:08
ORD01605,CSTMR0133,11-04-23,18:53:00
ord01606,cstmr0992,27 Dec 2022,21:18:49
ord01607,CSTMR0158,07/21/2022,16:15:24
ORD01608,CSTMR0316,26 May 2024,12:20:26
ord01609,CSTMR0071,"Nov 26, 2025",21:59:49
ord01610,CSTMR0913,22/08/2021,19:47:06
ord01611,CSTMR0715,21/02/2025,19:00:32
ORD01612,cstmr0142,2024-10-05,20:18:33
ord01613,CSTMR0388,08-02-24,15:25:48
ORD01614,CSTMR0834,2025.10.08,16:01:37
ORD01615,CSTMR0413,26-05-2024,10:25:20
ORD01616,CSTMR0320,"Jan 15, 2022",16:28:20
ORD01617,CSTMR0136,09/10/2021,22:08:29
ord01618,CSTMR0276,17/01/2024,11:35:56
ORD01619,cstmr0650,"Apr 04, 2023",12:34:59
ORD01620,CSTMR0215,"Mar 28, 2025",14:42:55
ORD01621,CSTMR0547,04-30-24,18:55:21
ORD01622,CSTMR0122,03-22-24,11:47:04
ord01623,cstmr0897,01-04-25,21:32:48
ord01624,CSTMR0918,06/04/2023,12:12:14
ORD01625,CSTMR0966,28 Jan 2024,11:45:34
ord01626,CSTMR0475,"Aug 12, 2022",12:15:52
ORD01627,cstmr0239,11-21-24,19:20:32
ord01628,CSTMR0693,11 Sep 2024,19:39:07
ORD01629,CSTMR0415,2023.02.06,20:25:43
ORD01630,cstmr0681,2023-12-31,19:46:00
ORD01631,cstmr0428,14-03-2025,20:00:59
ord01632,CSTMR0316,"Oct 24, 2021",20:08:28
ORD01633,cstmr0655,2021-11-26,17:47:42
ORD01634,CSTMR0234,"Oct 29, 2025",20:20:52
ORD01635,CSTMR0488,2024-05-13,15:54:05
ORD01636,CSTMR0798,07/15/2025,15:27:05
ORD01637,cstmr0147,2024.07.02,14:19:56
ord01638,CSTMR0505,09/04/2022,21:59:26
ORD01639,CSTMR0033,03-17-26,18:10:22
ord01640,CSTMR0011,08/21/2024,21:03:27
ord01641,CSTMR0155,30 Oct 2023,14:38:51
ord01642,cstmr0978,"May 10, 2022",21:12:22
ORD01643,CSTMR0510,02-10-23,17:00:18
ord01644,CSTMR0367,16-10-2024,19:10:27
ord01645,cstmr0480,03/01/2024,20:47:21
ORD01646,CSTMR0671,14/02/2025,21:55:10
ord01647,CSTMR0977,"Mar 26, 2024",19:34:30
ORD01648,CSTMR0391,25 Sep 2023,21:41:38
ord01649,CSTMR0346,"Jan 02, 2021",14:59:44
ORD01650,CSTMR0923,01/05/2024,17:05:27
ORD01651,cstmr0231,11-02-23,20:39:50
ORD01652,CSTMR0144,02/02/2024,16:10:11
ORD01653,cstmr0691,04/19/2025,15:50:23
ord01654,cstmr0038,2026.04.06,21:07:31
ord01655,CSTMR0556,23 Aug 2025,12:04:14
ord01656,CSTMR0832,2024-05-28,08:06:05
ord01657,cstmr0436,2023-07-21,21:07:26
ord01658,CSTMR0649,"Mar 17, 2025",12:51:49
ORD01659,CSTMR0223,2024-08-17,20:21:01
ORD01660,CSTMR0127,2024-08-30,18:47:52
ord01661,cstmr0209,31/08/2024,17:12:04
ORD01662,CSTMR0004,2024.07.09,20:35:24
ord01663,CSTMR0677,2021.08.15,16:37:48
ord01664,CSTMR0841,14/04/2025,21:18:11
ORD01665,CSTMR0820,08-08-21,19:00:03
ORD01666,cstmr0269,03-06-22,22:47:45
ord01667,cstmr0853,"Jan 20, 2024",09:00:48
ORD01668,CSTMR0245,09-07-23,19:06:59
ORD01669,CSTMR0262,2023-01-05,12:11:06
ord01670,CSTMR0255,02-04-2023,17:41:09
ord01671,cstmr0371,2024-01-01,12:32:53
ORD01672,CSTMR0256,18/10/2024,10:14:48
ord01673,CSTMR0887,21-10-2022,08:03:03
ORD01674,CSTMR0403,2024-08-04,09:19:14
ord01675,CSTMR0129,11/14/2022,11:36:06
ORD01676,CSTMR0975,11/06/2025,13:16:10
ORD01677,cstmr0876,17/05/2025,20:45:38
ORD01678,CSTMR0203,"Apr 02, 2024",11:25:19
ord01679,CSTMR0733,2024-08-09,13:17:09
ord01680,cstmr0939,03/04/2026,10:20:51
ord01681,cstmr0578,02 May 2024,10:14:11
ORD01682,CSTMR0300,2022-01-14,12:42:44
ORD01683,CSTMR0437,02-17-23,08:06:22
ORD01684,CSTMR0543,2025.03.11,21:59:36
ORD01685,CSTMR0762,10/04/2023,13:15:36
ord01686,cstmr0060,2023-11-14,12:19:57
ORD01687,CSTMR0258,14 Dec 2024,19:03:58
ORD01688,cstmr0516,"Mar 15, 2026",12:14:43
ORD01689,CSTMR0359,10/04/2024,20:02:01
ord01690,CSTMR0405,28/03/2023,21:02:41
ORD01691,CSTMR0048,01/06/2025,20:40:42
ord01692,cstmr0263,21-10-2022,19:01:44
ord01693,CSTMR0591,15-05-2025,11:01:21
ord01694,CSTMR0372,21 May 2023,18:02:21
ORD01695,cstmr0701,03-02-2026,17:32:25
ord01696,cstmr0165,12/18/2021,11:58:00
ord01697,cstmr0365,2026-05-10,17:56:59
ORD01698,CSTMR0564,21 Feb 2021,13:45:03
ord01699,CSTMR0639,31/05/2022,17:16:15
ord01700,CSTMR0785,2025-07-20,13:47:07
ORD01701,cstmr0965,2024-07-16,22:57:39
ord01702,CSTMR0191,04-01-22,17:56:05
ord01703,cstmr0712,26-03-2021,18:53:48
ord01704,CSTMR0259,2024-12-27,11:21:52
ord01705,CSTMR0595,28/11/2025,16:05:47
ORD01706,cstmr0297,2025.12.21,21:33:20
ORD01707,CSTMR0944,24/08/2025,21:10:29
ORD01708,CSTMR0703,20 Jul 2025,20:16:56
ord01709,CSTMR0756,13 Sep 2025,18:00:11
ORD01710,cstmr0983,10/11/2023,08:50:43
ORD01711,CSTMR0228,2026.01.21,18:55:47
ord01712,CSTMR0294,01-24-26,17:27:10
ORD01713,cstmr0760,"Jul 21, 2022",21:47:01
ORD01714,cstmr0560,27-04-2025,13:27:55
ORD01715,CSTMR0306,11-08-24,21:36:25
ORD01716,CSTMR0929,2024.01.20,12:46:14
ORD01717,cstmr0657,2023-08-03,13:55:50
ord01718,CSTMR0640,"Feb 25, 2026",18:57:17
ord01719,CSTMR0039,12-11-22,22:22:08
ORD01720,CSTMR0845,08/12/2025,13:23:14
ORD01721,CSTMR0462,2026.04.18,16:31:09
ORD01722,CSTMR0020,2025.01.05,16:57:19
ORD01723,CSTMR0045,06 May 2023,21:18:40
ORD01724,CSTMR0101,"Apr 10, 2022",13:14:27
ord01725,CSTMR0341,13 Feb 2026,19:27:24
ORD01726,CSTMR0163,05-03-23,13:18:05
ord01727,cstmr0252,2023.03.08,19:39:35
ORD01728,CSTMR0596,2024-04-28,12:10:42
ord01729,CSTMR0243,27 Dec 2024,18:15:07
ORD01730,cstmr0104,03-29-26,09:21:26
ORD01731,CSTMR0846,01-07-2023,13:21:46
ORD01732,CSTMR0483,"Jul 11, 2024",13:13:34
ORD01733,CSTMR0166,2024.07.20,21:20:34
ord01734,CSTMR0593,2025.05.06,09:07:42
ord01735,cstmr0537,"Feb 10, 2025",21:40:40
ORD01736,CSTMR0982,04-10-2024,16:40:07
ORD01737,cstmr0484,2026.05.17,16:11:23
ord01738,CSTMR0493,"Jan 26, 2023",16:58:44
ORD01739,cstmr0431,08/21/2023,11:13:21
ORD01740,CSTMR0675,2024.05.04,20:30:56
ord01741,cstmr0373,20 Jul 2024,15:01:23
ORD01742,cstmr0679,16 May 2023,11:00:33
ORD01743,CSTMR0955,25 Apr 2022,13:48:52
ORD01744,CSTMR0568,"Jul 26, 2025",13:00:24
ORD01745,cstmr0911,27-06-2023,15:27:16
ord01746,CSTMR0488,2023.08.29,10:19:53
ORD01747,CSTMR0775,01-11-2022,12:46:41
ORD01748,CSTMR0189,2024.09.18,13:33:30
ORD01749,CSTMR0854,28-05-2021,19:57:06
ord01750,CSTMR0216,"Jun 03, 2022",16:53:22
ORD01751,CSTMR0104,28 Jan 2023,11:25:46
ORD01752,CSTMR0527,30/01/2023,12:50:37
ord01753,CSTMR0462,26 Apr 2024,12:41:30
ord01754,cstmr0322,05-24-24,21:59:23
ord01755,cstmr0366,07-04-2023,13:07:48
ORD01756,cstmr0758,06 Jan 2026,14:23:43
ord01757,CSTMR0613,15 Apr 2023,12:34:19
ORD01758,CSTMR0593,2024.12.06,10:38:05
ORD01759,CSTMR0945,"Aug 13, 2023",08:18:01
ORD01760,CSTMR0622,13-09-2021,13:07:37
ord01761,CSTMR0696,17/01/2025,19:58:30
ord01762,cstmr0763,2023-07-26,14:02:36
ORD01763,CSTMR0038,04-14-22,12:29:30
ORD01764,CSTMR0278,10-06-22,16:57:46
ord01765,cstmr0276,"Nov 24, 2023",12:50:55
ord01766,CSTMR0178,11-15-24,14:57:44
ORD01767,CSTMR0663,2022-05-28,14:27:19
ORD01768,CSTMR0691,2024.10.16,19:21:28
ord01769,CSTMR0726,26-08-2021,10:03:34
ORD01770,cstmr0395,24/12/2024,08:56:18
ord01771,cstmr0158,11 Nov 2021,22:37:22
ORD01772,CSTMR0883,21-11-2022,14:52:27
ord01773,CSTMR0809,2023.07.10,15:02:42
ORD01774,CSTMR0846,2023.09.21,19:27:37
ORD01775,CSTMR0377,17-11-2024,19:01:41
ORD01776,cstmr0170,04 Dec 2022,20:49:50
ord01777,CSTMR0182,"Aug 05, 2023",19:06:57
ord01778,CSTMR0939,2023-12-06,14:43:51
ord01779,CSTMR0803,"Sep 11, 2024",19:29:06
ORD01780,cstmr0627,2025-05-29,10:12:54
ord01781,CSTMR0071,2025.11.01,17:38:41
ORD01782,cstmr0753,"Apr 02, 2025",19:47:47
ORD01783,CSTMR0168,2024-02-17,21:44:09
ORD01784,CSTMR0532,"Jan 07, 2022",14:54:01
ord01785,cstmr0735,2024-05-31,19:46:09
ord01786,CSTMR0087,12/08/2023,08:46:09
ORD01787,cstmr0287,2021.08.17,20:45:24
ORD01788,CSTMR0585,02 Jul 2021,20:11:43
ORD01789,cstmr0446,08-04-24,14:49:44
ORD01790,CSTMR0731,29/04/2024,14:52:01
ORD01791,CSTMR0534,2025-06-17,15:41:35
ord01792,cstmr0918,2022-01-16,20:22:11
ORD01793,CSTMR0431,05-03-23,10:04:59
ORD01794,cstmr0149,02-03-2024,09:04:02
ORD01795,cstmr0194,2025.02.02,16:07:47
ORD01796,CSTMR0141,20/12/2024,13:24:37
ord01797,CSTMR0498,08-09-2021,13:19:02
ORD01798,cstmr0069,2024-02-29,18:46:36
ORD01799,cstmr0599,10-19-24,14:19:45
ORD01800,cstmr0503,04-15-26,22:53:28
ord01801,CSTMR0774,03-04-2022,08:59:28
ORD01802,CSTMR0394,11-05-23,21:07:32
ORD01803,cstmr0003,15/04/2025,12:57:12
ord01804,CSTMR0171,"Jan 04, 2024",10:27:15
ORD01805,cstmr0311,2024.04.28,19:24:25
ORD01806,cstmr0784,"Oct 19, 2025",19:55:17
ord01807,CSTMR0288,2023-01-02,18:20:15
ORD01808,CSTMR0594,30-05-2025,18:10:50
ord01809,CSTMR0489,2025-03-12,21:48:17
ORD01810,cstmr0045,11/11/2022,13:27:53
ORD01811,cstmr0936,24 Jul 2021,15:35:43
ord01812,CSTMR0486,28/10/2023,16:47:42
ord01813,cstmr0624,"Sep 09, 2025",12:44:41
ORD01814,CSTMR0668,"Aug 24, 2025",09:55:36
ORD01815,CSTMR0489,01/12/2024,08:50:22
ORD01816,CSTMR0780,"Feb 16, 2023",10:38:44
ord01817,cstmr0854,2025-04-18,21:46:24
ORD01818,CSTMR0996,01/07/2025,13:36:05
ord01819,CSTMR0982,2025-06-01,13:47:20
ord01820,cstmr0686,2025.11.14,22:22:00
ord01821,cstmr0145,"Aug 26, 2025",12:20:01
ORD01822,CSTMR0370,2022-08-12,20:29:59
ORD01823,cstmr0591,29/05/2026,21:48:45
ord01824,CSTMR0688,07/19/2024,15:18:49
ORD01825,CSTMR0205,2024.12.15,12:37:02
ORD01826,CSTMR0507,14-03-2026,10:39:33
ORD01827,CSTMR0385,"May 02, 2026",15:00:57
ord01828,CSTMR0273,13-02-2023,19:35:21
ORD01829,cstmr0340,08/07/2025,17:51:39
ord01830,CSTMR0985,15/05/2026,18:28:31
ORD01831,CSTMR0440,12-28-22,20:39:11
ORD01832,cstmr0795,2022.12.20,13:00:12
ORD01833,cstmr0923,31-07-2022,15:58:45
ord01834,cstmr0333,16-01-2024,21:46:25
ORD01835,CSTMR0429,02-18-23,13:28:02
ord01836,CSTMR0041,"Nov 12, 2022",14:51:42
ORD01837,CSTMR0497,22-05-2026,14:48:34
ORD01838,CSTMR0536,09/23/2023,10:03:50
ORD01839,cstmr0834,06/11/2021,13:47:18
ORD01840,cstmr0335,09/24/2023,12:33:57
ORD01841,cstmr0929,05/06/2024,21:33:19
ORD01842,CSTMR0375,20-05-2026,20:29:28
ORD01843,CSTMR0291,"Jun 12, 2024",22:38:32
ORD01844,cstmr0108,2024-03-23,13:36:10
ord01845,CSTMR0214,2024.09.29,22:13:37
ORD01846,cstmr0689,29/04/2025,14:35:08
ORD01847,CSTMR0629,05 Nov 2022,22:28:14
ORD01848,CSTMR0398,"May 15, 2025",19:54:05
ORD01849,CSTMR0151,17/06/2025,20:49:15
ord01850,cstmr0232,10-10-21,16:00:17
ORD01851,CSTMR0075,2025.02.02,21:24:49
ord01852,CSTMR0160,18/03/2023,10:19:30
ord01853,CSTMR0918,13 Mar 2026,19:45:49
ORD01854,CSTMR0606,09 Nov 2021,21:41:01
ord01855,cstmr0781,05/03/2022,08:36:22
ORD01856,CSTMR0819,"Apr 08, 2026",20:49:14
ORD01857,cstmr0806,10/30/2022,20:08:17
ord01858,CSTMR0120,2025-05-21,21:17:05
ord01859,CSTMR0461,"Dec 10, 2021",10:26:34
ORD01860,CSTMR0654,06-14-24,09:00:46
ord01861,cstmr0753,05-09-2022,15:36:04
ORD01862,CSTMR0063,05-09-2022,21:53:50
ORD01863,CSTMR0712,"Sep 11, 2024",09:57:29
ORD01864,CSTMR0938,"Oct 20, 2024",22:11:29
ord01865,CSTMR0787,2025.09.07,12:27:43
ord01866,CSTMR0674,"Jan 19, 2024",22:01:20
ORD01867,cstmr0909,09/05/2024,08:27:10
ORD01868,CSTMR0308,2023.03.14,17:53:39
ORD01869,cstmr0294,13 May 2022,09:54:24
ORD01870,CSTMR0387,2024-02-29,13:16:57
ORD01871,CSTMR0106,11/24/2023,20:44:07
ORD01872,CSTMR0440,28-02-2023,18:45:45
ORD01873,CSTMR0157,"Oct 27, 2024",16:58:01
ORD01874,CSTMR0160,04/01/2023,12:49:11
ord01875,CSTMR0943,09/08/2024,10:28:18
ord01876,cstmr0040,03-11-25,10:58:19
ord01877,cstmr0764,2022.05.09,14:14:54
ord01878,CSTMR0222,"Oct 27, 2023",12:41:08
ORD01879,CSTMR0960,"Aug 16, 2023",20:01:17
ORD01880,CSTMR0729,"Aug 19, 2024",14:40:09
ORD01881,CSTMR0205,29-07-2024,19:22:07
ORD01882,CSTMR0351,05-06-23,22:02:57
ORD01883,CSTMR0679,2023-05-05,21:36:46
ORD01884,CSTMR0110,15 Nov 2024,19:46:49
ord01885,CSTMR0688,19/04/2024,22:55:39
ORD01886,CSTMR0921,02-13-21,15:22:16
ORD01887,CSTMR0923,25/12/2022,08:15:39
ord01888,CSTMR0965,11/25/2025,17:16:43
ORD01889,cstmr0437,14 Jan 2025,21:23:22
ORD01890,CSTMR0024,05-28-23,19:25:29
ord01891,CSTMR0257,16-11-2024,20:50:43
ORD01892,CSTMR0011,11-04-2026,16:05:07
ord01893,cstmr0304,08-20-21,10:10:48
ORD01894,CSTMR0147,2022.03.18,11:13:00
ORD01895,cstmr0944,10 May 2024,16:09:09
ORD01896,CSTMR0045,03/18/2026,14:58:06
ORD01897,CSTMR0266,21/01/2022,20:57:51
ORD01898,CSTMR0712,08/15/2023,17:18:52
ORD01899,cstmr0041,"Jun 27, 2025",21:06:41
ORD01900,cstmr0410,12-04-23,20:21:58
ORD01901,CSTMR0927,"Jun 17, 2024",08:08:04
ord01902,CSTMR0761,25 Oct 2024,18:31:30
ORD01903,CSTMR0666,28/04/2022,09:24:57
ORD01904,CSTMR0449,06 Dec 2023,15:11:12
ord01905,cstmr0229,2025.08.29,18:41:39
ORD01906,CSTMR0223,06/30/2023,16:49:45
ORD01907,CSTMR0570,20/01/2023,13:41:35
ORD01908,CSTMR0535,16 Sep 2022,15:51:42
ord01909,CSTMR0475,2022-03-27,18:17:44
ord01910,cstmr0768,2023.07.26,19:25:27
ord01911,cstmr0590,04/27/2021,21:48:55
ORD01912,CSTMR0918,08-10-21,20:18:12
ORD01913,CSTMR0977,20 Dec 2021,12:37:37
ORD01914,CSTMR0600,31/10/2024,15:55:05
ord01915,CSTMR0133,2025-03-20,13:01:13
ORD01916,cstmr0165,2023-02-16,13:28:26
ORD01917,cstmr0103,08 Aug 2022,10:58:48
ORD01918,cstmr0087,07-03-2025,16:23:26
ORD01919,CSTMR0520,08/31/2023,18:42:15
ORD01920,CSTMR0816,23 Jul 2021,08:25:06
ord01921,cstmr0190,24-10-2021,20:19:23
ORD01922,CSTMR0612,2025-06-16,21:34:37
ORD01923,CSTMR0789,18-05-2026,16:53:16
ORD01924,CSTMR0998,"Jul 06, 2025",14:46:13
ORD01925,cstmr0264,05/12/2022,18:02:26
ORD01926,CSTMR0864,01 Jul 2023,12:31:04
ORD01927,CSTMR0220,12-10-24,18:39:04
ORD01928,CSTMR0938,2026-01-20,13:29:56
ORD01929,CSTMR0729,2024.10.19,09:15:22
ord01930,CSTMR0518,"Sep 11, 2024",15:55:42
ord01931,cstmr0915,2024-11-03,13:17:43
ORD01932,CSTMR0503,"Dec 10, 2025",19:21:29
ORD01933,cstmr0223,26/04/2026,16:52:29
ORD01934,CSTMR0513,03/11/2024,19:37:32
ORD01935,cstmr0233,06 May 2023,10:04:01
ORD01936,cstmr0505,05-03-23,19:06:43
ord01937,CSTMR0658,20-10-2023,08:27:32
ORD01938,CSTMR0734,03/17/2025,12:31:05
ORD01939,cstmr0848,10/07/2022,11:48:10
ORD01940,CSTMR0805,01-02-2026,12:37:16
ORD01941,cstmr0450,2023.11.12,19:54:37
ORD01942,CSTMR0372,28-04-2023,18:15:40
ORD01943,CSTMR0643,2025-09-08,16:25:44
ord01944,cstmr0463,2025.05.06,16:37:21
ORD01945,cstmr0442,"Jan 17, 2024",15:46:44
ORD01946,CSTMR0776,04/12/2023,09:54:51
ORD01947,CSTMR0360,2025.06.07,19:34:52
ORD01948,CSTMR0915,09/11/2022,08:18:51
ord01949,CSTMR0062,2021-08-17,12:37:24
ord01950,CSTMR0305,17/05/2025,19:19:15
ORD01951,cstmr0424,"Oct 11, 2023",12:50:06
ord01952,cstmr0290,08-04-2025,22:25:37
ORD01953,CSTMR0156,22 Jun 2022,14:29:46
ord01954,CSTMR0895,2025.11.28,13:43:13
ord01955,cstmr0557,"Jul 06, 2021",19:08:13
ord01956,CSTMR0371,2024-03-26,21:09:09
ORD01957,CSTMR0970,12/02/2023,19:19:17
ORD01958,cstmr0765,02/04/2024,21:01:52
ORD01959,cstmr0109,06-06-2025,20:41:03
ord01960,CSTMR0448,06/19/2024,16:43:44
ORD01961,CSTMR0098,28-11-2025,16:09:22
ORD01962,CSTMR0530,2025.04.06,08:31:24
ORD01963,CSTMR0917,18/01/2024,19:25:15
ORD01964,CSTMR0098,07-13-22,14:24:23
ord01965,CSTMR0948,"Sep 14, 2023",16:24:25
ORD01966,CSTMR0668,"Apr 06, 2026",10:15:54
ORD01967,CSTMR0597,03-22-24,08:07:38
ord01968,CSTMR0651,28 Oct 2025,19:07:16
ord01969,CSTMR0713,05-24-25,08:05:31
ord01970,CSTMR0793,30/07/2022,19:28:42
ord01971,CSTMR0471,05/10/2024,21:14:50
ORD01972,cstmr0338,06/17/2023,11:41:47
ORD01973,CSTMR0464,"Jan 09, 2025",16:05:26
ORD01974,CSTMR0075,2022.05.29,20:38:27
ORD01975,cstmr0177,2023-06-18,11:49:13
ord01976,CSTMR0274,2023.08.30,14:31:06
ORD01977,cstmr0402,2025.11.11,11:09:51
ORD01978,CSTMR0205,04-08-2025,10:27:09
ORD01979,CSTMR0175,03/08/2022,11:39:06
ord01980,CSTMR0038,09-01-2023,17:09:56
ORD01981,CSTMR0848,2022.07.30,13:10:02
ord01982,CSTMR0548,26-11-2023,21:06:57
ORD01983,CSTMR0179,03 Sep 2022,13:20:48
ord01984,CSTMR0907,"Nov 03, 2023",19:15:38
ORD01985,CSTMR0382,24-09-2023,14:28:22
ord01986,CSTMR0348,12/26/2025,10:35:05
ord01987,cstmr0132,2023-07-01,22:05:28
ord01988,CSTMR0029,22/07/2021,11:31:05
ord01989,cstmr0482,01-16-24,21:12:01
ORD01990,CSTMR0850,07-14-25,11:37:52
ORD01991,CSTMR0980,05/29/2026,20:49:51
ord01992,CSTMR0633,05/30/2025,10:06:30
ORD01993,CSTMR0677,"Sep 22, 2023",12:27:13
ORD01994,CSTMR0294,2024-02-18,13:08:14
ORD01995,CSTMR0940,24 Dec 2025,15:24:54
ORD01996,CSTMR0156,11/08/2021,17:13:06
ord01997,CSTMR0236,04/19/2026,12:01:02
ORD01998,CSTMR0160,01-21-24,15:25:32
ORD01999,CSTMR0478,15/05/2024,09:38:24
ORD02000,cstmr0141,19 Dec 2024,14:19:38
ORD02001,cstmr0512,"Jan 11, 2026",20:42:27
ord02002,CSTMR0807,09/05/2022,19:41:29
ord02003,CSTMR0710,11-08-25,09:11:57
ORD02004,cstmr0714,30-05-2022,08:02:40
ORD02005,cstmr0334,24/06/2023,16:23:37
ORD02006,CSTMR0425,07/22/2025,17:35:27
ORD02007,CSTMR0509,06 Jun 2024,10:22:32
ORD02008,cstmr0720,29/09/2024,11:47:44
ord02009,CSTMR0690,05/26/2023,19:23:34
ORD02010,CSTMR0265,2024-06-20,19:33:33
ORD02011,CSTMR0946,10-25-23,20:22:24
ord02012,CSTMR0191,27-03-2021,10:25:56
ORD02013,CSTMR0702,30/10/2025,20:48:04
ORD02014,cstmr0417,12/02/2023,20:58:48
ORD02015,cstmr0074,03/05/2024,22:45:30
ord02016,CSTMR0895,18-11-2025,12:23:45
ord02017,CSTMR0720,13 May 2024,13:51:07
ord02018,CSTMR0195,05/10/2024,17:38:40
ORD02019,CSTMR0442,"Apr 07, 2021",16:37:17
ORD02020,cstmr0811,10-14-21,10:40:52
ORD02021,CSTMR0846,26-11-2025,13:12:34
ord02022,cstmr0663,06-18-23,20:15:13
ord02023,cstmr0981,05 May 2024,09:22:25
ord02024,cstmr0818,07-03-24,15:27:23
ORD02025,cstmr0246,11/10/2024,14:07:48
ord02026,CSTMR0062,2022-09-25,16:54:28
ord02027,cstmr0812,"Jul 19, 2022",20:45:28
ORD02028,cstmr0461,20/08/2022,09:02:14
ORD02029,CSTMR0967,12-04-24,16:58:39
ORD02030,CSTMR0288,09-14-23,09:08:36
ORD02031,CSTMR0666,2022-06-07,17:04:59
ORD02032,cstmr0951,07-03-25,21:29:46
ORD02033,cstmr0312,2025.04.08,17:59:38
ORD02034,CSTMR0267,"Mar 19, 2023",09:56:40
ord02035,cstmr0990,02/17/2023,19:38:30
ord02036,CSTMR0174,"Apr 07, 2025",11:07:29
ORD02037,CSTMR0113,06-10-2024,19:13:47
ORD02038,CSTMR0492,2023-10-26,12:13:25
ord02039,CSTMR0637,2021.07.14,19:05:42
ORD02040,CSTMR0066,2024.01.23,13:11:09
ord02041,CSTMR0977,"Dec 20, 2022",21:08:45
ORD02042,cstmr0161,2022-09-30,10:46:28
ORD02043,CSTMR0307,2026-03-10,12:33:41
ord02044,CSTMR0006,26/02/2025,19:37:34
ORD02045,cstmr0070,2025-07-29,19:13:00
ord02046,CSTMR0575,28/12/2023,18:56:44
ORD02047,CSTMR0473,24 Feb 2024,20:34:11
ORD02048,CSTMR0741,24-01-2026,10:03:30
ORD02049,CSTMR0261,08-16-23,08:22:12
ORD02050,cstmr0099,2023-01-08,15:08:35
ord02051,CSTMR0514,12-09-2025,08:51:30
ord02052,CSTMR0646,2023.09.13,20:22:36
ORD02053,cstmr0375,"Jun 03, 2022",12:39:31
ORD02054,CSTMR0426,2024-10-28,19:34:53
ORD02055,cstmr0559,08/05/2022,10:46:59
ORD02056,cstmr0802,"Jan 13, 2024",21:33:37
ORD02057,cstmr0525,07 Apr 2024,20:32:30
ORD02058,cstmr0206,04-30-21,19:55:28
ORD02059,CSTMR0646,19 Sep 2024,11:46:38
ord02060,CSTMR0328,2022-07-01,19:06:03
ORD02061,CSTMR0063,28-05-2022,16:55:10
ord02062,CSTMR0089,2025-10-03,20:13:12
ORD02063,CSTMR0889,2022.01.31,09:30:16
ord02064,cstmr0853,2023-08-21,09:40:53
ord02065,cstmr0755,10-05-2025,22:49:41
ORD02066,cstmr0014,2025.02.06,18:03:21
ord02067,CSTMR0997,29 Sep 2023,12:54:34
ORD02068,cstmr0350,09-09-23,08:08:54
ORD02069,CSTMR0596,"Jun 17, 2023",15:00:55
ORD02070,CSTMR0740,2022.09.20,10:02:43
ord02071,CSTMR0319,07/21/2024,21:03:49
ORD02072,CSTMR0204,24/12/2024,19:11:47
ORD02073,cstmr0651,09-02-2025,20:17:13
ORD02074,CSTMR0829,25 Oct 2022,09:21:07
ORD02075,CSTMR0213,04/30/2023,15:23:40
ORD02076,CSTMR0953,2025-05-07,18:58:16
ORD02077,CSTMR0245,06/14/2025,10:18:46
ORD02078,CSTMR0834,28-02-2024,18:30:45
ord02079,CSTMR0861,10/01/2026,14:31:03
ORD02080,CSTMR0907,03-18-24,08:12:58
ord02081,CSTMR0423,28/04/2026,19:21:17
ORD02082,CSTMR0242,05/31/2024,19:13:45
ORD02083,CSTMR0728,2025-11-15,17:08:52
ORD02084,CSTMR0537,"Jun 14, 2024",11:24:39
ORD02085,cstmr0872,11/18/2021,12:43:35
ord02086,cstmr0915,15-06-2022,20:11:35
ORD02087,CSTMR0692,23-08-2024,15:30:34
ORD02088,CSTMR0774,2024.08.28,19:45:46
ORD02089,CSTMR0987,15 Jan 2024,08:03:40
ORD02090,CSTMR0090,2021-01-14,21:02:27
ord02091,CSTMR0828,07/05/2022,15:01:23
ORD02092,CSTMR0893,2023.07.21,20:04:19
ORD02093,CSTMR0023,23/06/2022,13:00:45
ORD02094,CSTMR0607,12/06/2021,20:07:04
ord02095,CSTMR0751,2025-12-21,17:45:32
ORD02096,CSTMR0508,02/25/2025,19:10:11
ORD02097,cstmr0354,16-12-2024,17:14:59
ord02098,cstmr0230,19/02/2021,08:43:54
ORD02099,CSTMR0382,"Apr 06, 2026",12:24:15
ord02100,cstmr0654,13-11-2023,22:13:17
ORD02101,CSTMR0987,28/11/2025,12:43:02
ord02102,cstmr0834,2026-01-09,10:54:00
ORD02103,CSTMR0379,08-10-2025,12:11:57
ORD02104,cstmr0433,05/16/2024,19:49:16
ORD02105,CSTMR0224,28 Jan 2025,13:46:04
ord02106,CSTMR0134,11/01/2024,17:20:10
ord02107,cstmr0580,19 Jan 2024,12:09:49
ord02108,cstmr0911,14-01-2022,12:42:00
ord02109,CSTMR0514,20 Jul 2023,21:30:14
ord02110,cstmr0833,2024-11-20,20:48:22
ord02111,CSTMR0656,14-09-2023,20:19:31
ORD02112,cstmr0171,05/15/2025,13:38:24
ord02113,CSTMR0561,10-11-24,20:46:41
ord02114,CSTMR0006,20-06-2021,09:20:54
ORD02115,CSTMR0081,31 Oct 2023,12:02:12
ord02116,CSTMR0670,2024-12-14,16:24:22
ord02117,cstmr0758,05-11-23,21:40:59
ORD02118,CSTMR0119,2025.05.20,18:34:11
ORD02119,CSTMR0472,03-30-24,12:02:18
ORD02120,CSTMR0071,05 Dec 2022,21:28:52
ORD02121,CSTMR0439,11-15-25,16:13:57
ORD02122,CSTMR0740,30/01/2025,16:34:17
ord02123,CSTMR0204,2024-06-02,11:05:49
ord02124,cstmr0518,2023-01-31,21:31:08
ORD02125,CSTMR0951,2021-10-30,20:33:59
ORD02126,CSTMR0772,"Apr 11, 2021",16:18:00
ORD02127,cstmr0740,12/06/2025,18:30:01
ord02128,CSTMR0489,08/12/2023,10:12:30
ORD02129,CSTMR0303,2024.01.18,15:33:54
ord02130,CSTMR0717,02/11/2022,12:43:15
ORD02131,CSTMR0598,2021-09-11,10:37:41
ORD02132,CSTMR0287,03-07-25,12:53:33
ORD02133,CSTMR0649,2023-06-17,21:54:48
ord02134,CSTMR0954,07-16-21,20:22:30
ord02135,cstmr0387,07/10/2025,15:23:02
ord02136,cstmr0547,29 Mar 2025,09:07:01
ord02137,CSTMR0040,21-04-2024,19:16:51
ORD02138,CSTMR0776,2024.01.08,12:54:34
ORD02139,cstmr0148,"May 28, 2025",15:31:39
ord02140,cstmr0699,2025-05-05,21:29:20
ord02141,CSTMR0471,"Apr 26, 2024",10:47:35
ORD02142,cstmr0516,06/10/2024,19:57:29
ord02143,cstmr0879,03/03/2025,10:23:06
ORD02144,CSTMR0242,15-08-2021,21:01:36
ORD02145,CSTMR0224,10-04-23,20:11:43
ORD02146,cstmr0575,2025-08-19,09:51:12
ORD02147,CSTMR0918,"Dec 05, 2021",21:11:28
ORD02148,CSTMR0690,07/04/2025,12:48:12
ORD02149,CSTMR0519,06/24/2023,22:52:21
ORD02150,cstmr0142,03/12/2023,18:26:40
ORD02151,CSTMR0951,2024.05.14,08:43:08
ord02152,cstmr0955,2025.06.15,14:11:22
ORD02153,CSTMR0768,"Sep 27, 2022",21:43:15
ORD02154,CSTMR0512,2024.10.28,08:34:20
ORD02155,CSTMR0753,"Jun 19, 2021",19:15:49
ord02156,CSTMR0845,12 Dec 2023,19:41:42
ord02157,CSTMR0829,04-25-26,21:18:30
ORD02158,CSTMR0436,19/08/2025,12:09:25
ord02159,CSTMR0656,11 May 2025,21:38:35
ORD02160,CSTMR0996,"Jun 02, 2023",19:25:36
ORD02161,CSTMR0191,"Sep 18, 2021",20:42:35
ORD02162,cstmr0935,20 Mar 2023,16:36:47
ord02163,CSTMR0119,05/24/2024,08:54:17
ORD02164,CSTMR0860,18/02/2023,19:17:46
ORD02165,cstmr0939,01-05-25,20:59:43
ORD02166,CSTMR0504,02 Apr 2026,17:58:10
ORD02167,CSTMR0168,06-04-23,18:13:40
ORD02168,CSTMR0688,12/16/2021,21:33:20
ORD02169,CSTMR0140,17-09-2023,10:19:13
ORD02170,CSTMR0716,04-04-26,21:34:25
ord02171,cstmr0346,02-04-23,20:39:04
ord02172,cstmr0694,02/03/2026,12:47:11
ORD02173,CSTMR0350,24 Nov 2024,10:45:34
ORD02174,CSTMR0145,24/08/2025,12:22:50
ORD02175,CSTMR0494,05 Apr 2023,14:08:25
ord02176,CSTMR0373,05-02-2022,15:34:47
ORD02177,CSTMR0796,"Jan 30, 2023",13:40:59
ORD02178,CSTMR0580,16 Jan 2023,19:45:14
ORD02179,CSTMR0485,06/19/2024,22:12:56
ORD02180,cstmr0276,26/08/2025,19:19:35
ORD02181,cstmr0516,12 Dec 2024,20:35:06
ORD02182,cstmr0236,27 Dec 2022,19:16:04
ORD02183,CSTMR0672,04-01-23,21:28:53
ord02184,cstmr0681,23-01-2025,13:03:35
ORD02185,cstmr0398,2023-04-16,20:52:24
ORD02186,cstmr0988,"Feb 05, 2025",22:27:52
ORD02187,cstmr0639,"Feb 24, 2024",20:29:17
ORD02188,CSTMR0044,12-24-22,09:00:27
ORD02189,CSTMR0629,11-05-2023,14:13:48
ORD02190,CSTMR0453,11-03-24,21:20:31
ORD02191,cstmr0737,11/09/2023,17:05:10
ORD02192,CSTMR0733,13-08-2022,21:32:52
ord02193,cstmr0201,06-28-25,17:11:52
ORD02194,cstmr0152,2022.10.23,19:50:44
ORD02195,cstmr0981,2022-04-18,13:35:26
ord02196,cstmr0158,16/08/2022,12:20:55
ORD02197,CSTMR0683,02/07/2021,20:02:34
ord02198,CSTMR0461,26-11-2022,12:37:08
ORD02199,CSTMR0365,2026.03.28,18:22:15
ord02200,CSTMR0689,04 Jan 2025,19:32:58
ORD02201,CSTMR0989,05/13/2022,19:44:56
ORD02202,CSTMR0044,2025.06.26,11:09:33
ORD02203,cstmr0254,2024.03.15,12:13:41
ord02204,CSTMR0789,11 Aug 2024,10:49:06
ORD02205,CSTMR0876,28 Dec 2024,13:29:14
ORD02206,CSTMR0849,12/05/2022,21:01:24
ord02207,CSTMR0629,04-27-25,21:07:33
ORD02208,cstmr0033,07 Jul 2023,19:48:47
ord02209,CSTMR0121,25-01-2025,12:55:14
ORD02210,CSTMR0210,18-08-2025,21:20:13
ORD02211,CSTMR0165,2024-08-23,14:15:51
ORD02212,CSTMR0695,2025.05.01,21:23:57
ORD02213,CSTMR0346,09/27/2023,10:49:46
ORD02214,CSTMR0133,09/03/2022,09:08:33
ord02215,cstmr0769,06-24-24,15:31:37
ORD02216,CSTMR0540,16 Jan 2022,12:13:18
ORD02217,cstmr0742,07/22/2022,11:04:38
ORD02218,CSTMR0674,2025.06.14,12:10:36
ORD02219,CSTMR0465,12/11/2023,11:21:12
ORD02220,CSTMR0337,09/26/2022,22:34:29
ORD02221,CSTMR0580,"Jun 24, 2025",21:36:44
ORD02222,cstmr0315,14/05/2025,19:14:48
ORD02223,CSTMR0055,2022.12.04,19:50:48
ord02224,CSTMR0933,09-10-2023,10:55:22
ord02225,cstmr0684,01/14/2023,13:41:09
ord02226,CSTMR0862,22 Apr 2023,11:42:14
ORD02227,CSTMR0677,30 Dec 2021,13:06:28
ORD02228,CSTMR0530,06-04-2021,09:07:55
ORD02229,cstmr0796,18 Jun 2022,12:13:06
ord02230,CSTMR0339,2023.02.17,19:40:32
ORD02231,CSTMR0570,03-16-25,19:16:01
ORD02232,CSTMR0143,2025-03-08,14:53:31
ord02233,CSTMR0940,2021.01.14,19:06:43
ORD02234,CSTMR0438,06 Oct 2024,22:37:43
ord02235,cstmr0524,"Jan 10, 2025",13:24:26
ORD02236,CSTMR0652,24 Jan 2024,17:34:31
ORD02237,CSTMR0962,02 Jul 2025,19:27:42
ORD02238,CSTMR0495,04-30-22,21:31:11
ORD02239,CSTMR0862,2024-05-19,21:00:37
ORD02240,cstmr0917,26-06-2025,20:30:19
ORD02241,CSTMR0967,24 Feb 2026,16:06:36
ORD02242,cstmr0618,26-11-2022,11:46:42
ORD02243,CSTMR0903,2024-11-02,16:14:49
ord02244,CSTMR0946,2025-11-30,21:58:40
ORD02245,CSTMR0960,2026.04.09,21:24:38
ORD02246,CSTMR0511,14-08-2022,20:01:22
ord02247,cstmr0737,03-11-24,17:15:35
ORD02248,CSTMR0350,12-06-2023,11:00:36
ORD02249,CSTMR0780,29 Jan 2023,20:55:39
ord02250,CSTMR0055,13-11-2023,21:42:19
ord02251,cstmr0294,08/20/2023,10:19:19
ORD02252,cstmr0169,"Sep 25, 2021",20:41:14
ORD02253,CSTMR0506,15/12/2024,13:53:02
ORD02254,CSTMR0517,05/05/2026,21:41:16
ORD02255,CSTMR0301,10/17/2022,19:39:21
ord02256,CSTMR0258,17/01/2023,12:47:22
ORD02257,CSTMR0212,01-09-24,12:06:22
ORD02258,CSTMR0771,2022-05-21,09:33:43
ORD02259,CSTMR0977,10 Oct 2024,16:02:23
ORD02260,CSTMR0988,"Sep 20, 2023",18:31:30
ord02261,CSTMR0516,13-10-2021,09:53:32
ORD02262,cstmr0610,2023.04.22,18:28:36
ORD02263,cstmr0698,11/13/2023,12:07:21
ORD02264,CSTMR0191,2023-01-03,22:13:36
ORD02265,CSTMR0932,2025.12.10,09:46:48
ord02266,CSTMR0868,2025-01-19,19:56:14
ORD02267,cstmr0112,26 May 2021,12:01:06
ord02268,CSTMR0602,04/02/2024,16:49:55
ord02269,CSTMR0848,07/01/2022,15:41:15
ORD02270,CSTMR0252,07/08/2025,12:35:19
ORD02271,cstmr0207,01-08-26,15:32:22
ORD02272,CSTMR0705,09/02/2024,16:54:41
ORD02273,CSTMR0224,22/12/2023,08:51:47
ORD02274,CSTMR0454,30/04/2021,09:51:43
ORD02275,cstmr0620,2026.02.14,22:21:37
ord02276,CSTMR0471,08-29-23,17:52:42
ord02277,CSTMR0554,10/30/2023,21:30:17
ord02278,CSTMR0050,31-12-2023,20:46:06
ord02279,CSTMR0621,2022-06-12,12:46:06
ord02280,cstmr0161,09/15/2021,21:59:06
ord02281,CSTMR0296,03/10/2024,21:39:18
ord02282,CSTMR0221,10-10-23,22:45:20
ORD02283,CSTMR0363,22 Sep 2024,10:55:47
ord02284,cstmr0237,2024-11-28,13:08:10
ORD02285,cstmr0613,01-20-24,22:52:30
ord02286,CSTMR0750,"Nov 04, 2022",09:10:18
ORD02287,CSTMR0737,11-10-24,15:38:56
ORD02288,CSTMR0392,2024.02.29,13:43:53
ORD02289,CSTMR0008,07-03-22,21:34:40
ORD02290,CSTMR0767,2024.10.22,18:49:27
ORD02291,cstmr0234,03-06-24,09:43:20
ord02292,CSTMR0054,2025-03-29,20:13:22
ORD02293,cstmr0640,"Nov 24, 2023",22:48:30
ord02294,CSTMR0023,22/03/2022,18:30:12
ORD02295,cstmr0956,06/05/2023,20:44:43
ord02296,CSTMR0933,04/09/2023,12:35:58
ord02297,cstmr0587,09-20-22,13:46:56
ORD02298,CSTMR0747,01/04/2024,19:17:42
ORD02299,cstmr0483,09/13/2024,12:30:33
ord02300,cstmr0721,2026.02.10,20:33:57
ord02301,CSTMR0459,23 Apr 2023,21:55:59
ORD02302,cstmr0570,"Apr 21, 2023",21:09:58
ORD02303,CSTMR0807,11 Jun 2021,16:13:57
ORD02304,CSTMR0136,"May 15, 2024",08:12:53
ord02305,cstmr0871,04/26/2025,15:35:38
ORD02306,CSTMR0963,01/04/2026,12:57:32
ORD02307,cstmr0081,2023-04-24,13:47:25
ORD02308,CSTMR0706,13 Mar 2023,16:37:33
ORD02309,CSTMR0579,06/16/2023,19:09:22
ord02310,CSTMR0017,11-15-22,17:30:43
ORD02311,CSTMR0399,08-01-2024,09:50:40
ord02312,CSTMR0456,"Sep 01, 2022",20:35:29
ord02313,CSTMR0647,01 Dec 2023,16:59:23
ORD02314,cstmr0817,26-07-2023,12:53:34
ORD02315,CSTMR0843,01/21/2022,14:38:42
ORD02316,cstmr0690,09 Apr 2021,11:29:17
ORD02317,CSTMR0576,01-03-2025,14:45:25
ORD02318,CSTMR0985,09/23/2022,13:37:20
ORD02319,CSTMR0894,16/02/2024,11:50:40
ORD02320,CSTMR0401,06-06-25,19:01:43
ORD02321,cstmr0762,"Mar 18, 2024",11:55:28
ORD02322,CSTMR0655,"Feb 21, 2025",20:27:14
ORD02323,cstmr0687,10-08-25,20:39:19
ord02324,cstmr0959,09/10/2025,14:38:26
ORD02325,cstmr0581,02 Dec 2025,11:09:44
ord02326,CSTMR0145,03/14/2026,15:46:46
ORD02327,CSTMR0339,13 Apr 2023,16:26:38
ord02328,CSTMR0581,2023.05.24,21:49:11
ORD02329,CSTMR0614,26 May 2023,21:45:36
ORD02330,CSTMR0338,26-08-2021,11:20:57
ord02331,CSTMR0147,06-27-25,14:42:00
ORD02332,CSTMR0931,02/19/2022,14:25:24
ord02333,CSTMR0980,07/14/2024,20:29:38
ord02334,CSTMR0313,16-02-2026,09:43:54
ord02335,cstmr0896,2021-05-17,13:51:31
ord02336,CSTMR0159,11 Jun 2024,22:28:47
ORD02337,cstmr0801,27/09/2024,20:29:13
ORD02338,CSTMR0620,2026-05-11,19:33:39
ORD02339,cstmr0588,04/22/2023,16:41:18
ord02340,CSTMR0334,30-06-2025,08:20:42
ORD02341,CSTMR0722,2023-02-16,12:38:11
ORD02342,cstmr0563,05-26-22,13:34:51
ORD02343,CSTMR0518,02/12/2023,18:52:48
ord02344,CSTMR0093,31 Oct 2021,12:43:52
ord02345,cstmr0802,03-29-25,12:15:50
ORD02346,CSTMR0641,"Nov 25, 2025",21:27:42
ORD02347,CSTMR0263,03-11-2023,08:54:51
ORD02348,CSTMR0224,22/11/2022,18:01:12
ord02349,CSTMR0578,11/20/2025,22:59:41
ORD02350,CSTMR0239,02 May 2024,18:29:56
ord02351,CSTMR0162,25-06-2022,21:42:29
ORD02352,cstmr0048,02-03-2026,12:12:28
ord02353,cstmr0589,26 Apr 2025,17:10:48
ord02354,cstmr0073,05/29/2026,16:40:43
ORD02355,CSTMR0766,17-04-2025,08:36:35
ORD02356,CSTMR0566,09/17/2025,10:00:12
ORD02357,cstmr0699,09-02-24,19:19:59
ORD02358,CSTMR0602,"Jun 15, 2025",09:35:44
ORD02359,CSTMR0018,2023.01.06,09:11:20
ord02360,CSTMR0125,2022-06-17,10:11:51
ord02361,CSTMR0853,2025-06-09,19:15:48
ORD02362,CSTMR0056,2022.05.23,08:20:13
ORD02363,CSTMR0314,2021-04-28,20:02:36
ord02364,cstmr0619,26-05-2022,13:35:52
ord02365,CSTMR0191,10-12-24,22:38:11
ORD02366,CSTMR0036,15/06/2024,11:37:02
ORD02367,CSTMR0709,"Apr 18, 2025",16:56:07
ORD02368,CSTMR0779,2024.11.08,12:22:31
ORD02369,CSTMR0005,"Nov 07, 2023",12:13:13
ORD02370,CSTMR0981,"Aug 23, 2022",12:09:57
ORD02371,cstmr0711,07-03-2026,13:13:53
ORD02372,CSTMR0975,"Dec 18, 2022",14:44:42
ORD02373,CSTMR0060,13 Jan 2024,19:29:54
ORD02374,CSTMR0511,31-10-2021,16:36:10
ord02375,CSTMR0336,06/21/2023,09:56:14
ord02376,CSTMR0934,27/07/2023,13:58:04
ORD02377,cstmr0233,01-26-23,19:27:40
ORD02378,cstmr0794,2021.03.09,09:16:28
ORD02379,CSTMR0828,08-11-2024,09:27:04
ord02380,CSTMR0360,12/09/2025,11:54:41
ORD02381,cstmr0219,26/04/2025,14:42:56
ord02382,CSTMR0777,"Feb 12, 2023",20:57:06
ord02383,CSTMR0069,"Aug 08, 2022",16:23:37
ORD02384,CSTMR0931,05/29/2021,20:18:30
ORD02385,CSTMR0639,12-09-22,14:38:50
ORD02386,CSTMR0370,2025.06.15,14:19:07
ord02387,cstmr0921,07/04/2025,11:24:16
ORD02388,CSTMR0578,04/03/2023,12:16:04
ORD02389,CSTMR0413,"Jul 19, 2025",12:18:34
ORD02390,CSTMR0977,09/04/2025,20:20:04
ORD02391,cstmr0090,2025.08.09,12:21:50
ORD02392,CSTMR0135,03-26-24,08:19:18
ORD02393,cstmr0513,30 Sep 2025,10:39:39
ORD02394,cstmr0197,22/05/2024,11:45:24
ord02395,CSTMR0156,06/24/2023,18:21:42
ORD02396,cstmr0640,19/04/2025,21:57:49
ord02397,CSTMR0354,14-10-2021,14:17:16
ORD02398,CSTMR0562,27 Nov 2021,22:35:57
ORD02399,CSTMR0593,2022-09-29,20:53:57
ord02400,CSTMR0723,12/30/2025,18:55:35
ORD02401,cstmr0888,24 Jan 2025,17:47:17
ORD02402,CSTMR0637,30-05-2026,15:51:08
ORD02403,cstmr0376,2021.12.26,12:29:20
ord02404,CSTMR0320,"Feb 22, 2024",13:46:51
ORD02405,cstmr0545,2024.09.26,16:11:44
ord02406,CSTMR0073,03/02/2026,19:35:58
ORD02407,cstmr0132,15-12-2023,12:03:31
ORD02408,CSTMR0009,2026.01.12,20:50:34
ORD02409,CSTMR0885,"Mar 29, 2024",19:33:27
ord02410,CSTMR0586,05-01-2025,11:30:49
ord02411,cstmr0445,12/31/2023,21:48:53
ORD02412,cstmr0373,"Jul 04, 2023",11:59:38
ORD02413,cstmr0696,05 Jan 2022,14:41:47
ord02414,cstmr0010,16-03-2023,19:20:30
ORD02415,cstmr0069,2025-01-08,22:51:10
ORD02416,cstmr0556,24-01-2025,12:48:58
ord02417,cstmr0855,2025-10-07,12:39:43
ORD02418,CSTMR0830,05-28-21,21:20:47
ord02419,CSTMR0482,21 May 2023,10:36:10
ORD02420,CSTMR0779,"Mar 07, 2026",13:56:52
ORD02421,CSTMR0632,2021-11-05,11:06:44
ORD02422,CSTMR0066,28 Sep 2023,20:05:42
ord02423,cstmr0430,2025.01.10,12:38:57
ord02424,cstmr0951,"Jan 17, 2025",12:04:53
ord02425,CSTMR0010,09-06-24,17:59:36
ord02426,CSTMR0508,20/03/2026,19:45:06
ORD02427,cstmr0668,2021.07.11,22:01:43
ORD02428,CSTMR0917,2023-04-23,16:45:40
ord02429,CSTMR0919,11/12/2025,19:21:37
ORD02430,cstmr0118,10/25/2022,12:15:54
ORD02431,CSTMR0363,03-11-23,19:10:00
ord02432,CSTMR0926,05-16-23,13:53:54
ORD02433,cstmr0781,15-05-2025,19:20:59
ord02434,CSTMR0817,"Feb 25, 2023",22:25:42
ORD02435,cstmr0320,05/24/2023,12:06:14
ord02436,cstmr0629,15 May 2023,21:42:59
ORD02437,CSTMR0985,17 Feb 2023,21:02:18
ORD02438,CSTMR0653,07/31/2024,19:47:41
ORD02439,cstmr0203,04/16/2026,08:21:14
ord02440,cstmr0238,01-02-2022,15:44:12
ord02441,CSTMR0183,23-11-2023,13:45:47
ord02442,CSTMR0178,08-09-22,12:26:34
ORD02443,CSTMR0006,06-04-2026,20:50:09
ord02444,CSTMR0041,06 Mar 2024,08:52:54
ORD02445,CSTMR0084,03-01-23,18:50:36
ORD02446,CSTMR0592,2021-06-01,16:05:51
ORD02447,CSTMR0263,07-22-21,14:05:23
ORD02448,cstmr0713,09/04/2023,21:12:27
ORD02449,CSTMR0957,07/21/2025,13:25:56
ORD02450,CSTMR0288,07-01-23,09:29:38
ORD02451,cstmr0985,13-11-2023,08:38:13
ORD02452,cstmr0427,2024.01.09,18:27:12
ord02453,CSTMR0727,2021-12-11,16:03:27
ord02454,cstmr0469,15/05/2024,22:05:03
ORD02455,CSTMR0543,2025.07.11,09:07:55
ord02456,CSTMR0145,01/06/2026,21:46:04
ORD02457,CSTMR0659,22/02/2023,08:03:01
ORD02458,CSTMR0599,21/12/2024,20:13:35
ORD02459,cstmr0512,2024.12.18,08:55:21
ord02460,CSTMR0411,08/30/2022,08:08:13
ORD02461,cstmr0268,05-03-2023,11:41:39
ord02462,cstmr0164,2021-09-05,19:49:52
ORD02463,CSTMR0469,27 Dec 2022,08:55:21
ORD02464,cstmr0234,01-07-2024,09:03:25
ORD02465,CSTMR0703,16/04/2022,18:04:03
ORD02466,CSTMR0668,09-04-2022,10:55:00
ord02467,CSTMR0182,19 Nov 2023,21:53:45
ORD02468,CSTMR0325,"Feb 10, 2026",17:01:42
ORD02469,CSTMR0301,2023.12.17,21:03:35
ORD02470,cstmr0062,2025-10-13,18:58:32
ORD02471,CSTMR0962,04/22/2024,11:51:18
ORD02472,CSTMR0886,08/14/2021,08:58:15
ORD02473,cstmr0832,2024.02.23,20:04:09
ORD02474,cstmr0705,2021.05.29,14:54:47
ORD02475,CSTMR0312,2025.06.01,21:56:31
ORD02476,cstmr0470,02/12/2021,18:44:05
ORD02477,CSTMR0392,2025.01.14,16:25:25
ORD02478,CSTMR0682,2022.06.01,12:08:33
ord02479,cstmr0733,02/12/2023,10:45:05
ORD02480,CSTMR0209,2022-10-07,16:38:31
ORD02481,cstmr0782,25/03/2024,08:05:01
ord02482,CSTMR0468,2026.03.03,11:38:00
ORD02483,cstmr0902,15-09-2022,09:52:58
ord02484,CSTMR0456,"Sep 29, 2025",13:40:05
ORD02485,CSTMR0742,2024-07-25,12:19:32
ord02486,CSTMR0462,2021.02.28,08:56:59
ORD02487,CSTMR0147,11-20-22,19:16:09
ORD02488,CSTMR0395,13 Aug 2024,11:01:19
ORD02489,CSTMR0651,"Sep 07, 2023",09:32:21
ORD02490,CSTMR0380,09/17/2024,13:15:48
ord02491,CSTMR0010,01/19/2023,08:16:12
ord02492,cstmr0160,11 Jun 2023,12:37:21
ORD02493,cstmr0600,12/02/2024,13:56:26
ORD02494,CSTMR0704,"Dec 08, 2024",13:21:03
ORD02495,CSTMR0794,22 Apr 2022,20:31:26
ORD02496,CSTMR0187,2022.05.12,13:23:24
ord02497,CSTMR0578,2024-05-03,11:33:19
ORD02498,cstmr0822,2025.06.17,15:31:59
ord02499,CSTMR0301,02/21/2023,19:49:51
ORD02500,CSTMR0602,2025.05.02,15:32:50
ord02501,CSTMR0650,05-22-24,15:54:30
ORD02502,CSTMR0679,"Jan 31, 2026",13:16:34
ORD02503,CSTMR0429,20-03-2024,09:32:43
ord02504,CSTMR0994,04/06/2025,16:14:38
ORD02505,CSTMR0540,30-08-2025,15:00:10
ORD02506,CSTMR0051,07-15-21,17:30:30
ORD02507,CSTMR0937,2022-03-05,09:03:50
ord02508,cstmr0038,"Apr 15, 2024",22:02:18
ORD02509,cstmr0281,2026.02.20,19:29:44
ord02510,CSTMR0050,11/12/2025,20:32:46
ORD02511,CSTMR0427,2023.07.04,14:08:16
ORD02512,cstmr0715,"Mar 19, 2026",19:40:38
ORD02513,CSTMR0544,01/11/2025,21:53:58
ORD02514,cstmr0061,2024-02-22,19:41:22
ord02515,CSTMR0980,15/02/2024,14:53:57
ORD02516,CSTMR0211,17 Jun 2023,18:49:27
ord02517,CSTMR0609,07/13/2025,11:51:27
ord02518,cstmr0223,05/07/2024,16:11:02
ORD02519,cstmr0618,2025-09-01,11:36:38
ORD02520,cstmr0790,13-06-2024,12:37:56
ORD02521,CSTMR0767,"Dec 23, 2023",20:03:44
ord02522,CSTMR0032,03 Jun 2023,15:01:40
ORD02523,CSTMR0827,"Dec 24, 2022",12:22:33
ord02524,CSTMR0970,2022.07.16,11:28:41
ORD02525,cstmr0316,11/04/2026,21:16:33
ord02526,CSTMR0626,09/08/2024,12:27:41
ord02527,CSTMR0633,2025-08-09,15:35:50
ord02528,CSTMR0430,15/05/2025,20:13:15
ORD02529,CSTMR0877,16-01-2024,21:45:42
ORD02530,CSTMR0962,10-03-22,15:15:49
ord02531,CSTMR0474,12 Sep 2023,19:53:48
ORD02532,CSTMR0201,27 Sep 2022,18:40:59
ord02533,CSTMR0278,15 Feb 2022,21:23:05
ORD02534,CSTMR0190,20 Feb 2022,08:35:01
ORD02535,CSTMR0041,10/01/2025,13:39:57
ORD02536,CSTMR0450,01/11/2024,09:52:22
ORD02537,cstmr0548,"Oct 16, 2025",22:46:02
ord02538,CSTMR0463,29-10-2022,21:08:13
ORD02539,CSTMR0845,17-02-2023,16:48:09
ORD02540,CSTMR0982,23 Jan 2025,21:26:27
ORD02541,CSTMR0560,11/09/2023,22:13:38
ord02542,cstmr0116,2021.08.29,21:44:18
ORD02543,CSTMR0186,04/05/2023,21:17:47
ord02544,CSTMR0549,07/02/2024,12:20:07
ORD02545,CSTMR0308,30-09-2024,20:39:22
ord02546,CSTMR0716,2023-01-17,11:21:29
ord02547,cstmr0316,28-02-2023,12:48:00
ORD02548,cstmr0495,2023.07.12,21:07:38
ORD02549,CSTMR0007,30/03/2022,08:45:09
ORD02550,CSTMR0975,2024.12.29,10:27:26
ORD02551,cstmr0367,15/12/2024,19:34:09
ORD02552,cstmr0687,2021.04.04,21:57:27
ORD02553,CSTMR0537,2023-01-17,22:59:11
ord02554,cstmr0901,08 Mar 2022,21:57:31
ORD02555,cstmr0566,13 Jun 2024,12:11:47
ORD02556,CSTMR0120,06/06/2024,11:26:26
ord02557,CSTMR0650,17-05-2022,10:24:49
ORD02558,cstmr0368,2023.04.04,14:54:18
ORD02559,CSTMR0094,05 Apr 2023,21:16:48
ORD02560,CSTMR0705,09-03-2023,20:56:20
ORD02561,CSTMR0489,16-01-2026,12:21:20
ord02562,CSTMR0783,2024.12.15,16:04:18
ORD02563,CSTMR0971,26-05-2023,15:41:38
ORD02564,CSTMR0432,28-05-2024,19:10:25
ORD02565,CSTMR0242,2025.08.10,13:30:13
ORD02566,cstmr0744,19-07-2025,12:31:55
ORD02567,cstmr0065,10-17-25,18:50:15
ORD02568,CSTMR0669,"Feb 25, 2022",19:09:23
ORD02569,CSTMR0014,05/06/2024,12:15:34
ord02570,cstmr0985,11 Jun 2023,20:15:06
ORD02571,cstmr0432,26 Sep 2024,18:35:50
ORD02572,cstmr0792,2021.07.02,21:49:47
ORD02573,cstmr0899,2023-09-13,19:50:12
ORD02574,cstmr0736,22 Feb 2024,22:33:01
ORD02575,CSTMR0125,"Oct 12, 2025",17:38:40
ORD02576,CSTMR0915,2021.10.27,16:00:02
ORD02577,CSTMR0027,30/10/2022,21:46:17
ord02578,CSTMR0570,2025.05.01,08:25:38
ord02579,CSTMR0066,26-07-2025,13:11:46
ord02580,CSTMR0939,04/11/2021,13:56:25
ORD02581,CSTMR0439,15 Feb 2026,12:46:59
ORD02582,CSTMR0522,04/07/2025,14:12:59
ORD02583,CSTMR0948,"Dec 01, 2025",21:15:02
ORD02584,CSTMR0099,"Jul 01, 2024",16:14:29
ORD02585,CSTMR0393,2022-07-25,19:07:56
ORD02586,cstmr0126,02-15-23,21:27:46
ORD02587,CSTMR0217,2025.06.01,11:35:00
ORD02588,CSTMR0752,27-08-2022,20:31:02
ord02589,cstmr0351,"Jan 24, 2022",22:28:30
ORD02590,cstmr0803,2025-05-30,08:50:24
ord02591,CSTMR0125,"Aug 18, 2024",19:01:05
ORD02592,CSTMR0098,12/06/2022,13:56:08
ORD02593,CSTMR0362,"Jun 05, 2025",12:33:28
ORD02594,CSTMR0980,2022.01.08,13:58:58
ord02595,CSTMR0021,01-26-25,13:49:33
ORD02596,CSTMR0976,2023-09-24,20:03:09
ord02597,cstmr0491,24-06-2022,19:17:56
ord02598,CSTMR0380,24 Mar 2023,20:33:03
ord02599,cstmr0029,20 Aug 2024,20:15:24
ORD02600,CSTMR0720,2023.03.29,09:15:31
ord02601,cstmr0593,"Sep 16, 2023",20:10:28
ORD02602,CSTMR0840,11-02-2022,10:38:28
ord02603,CSTMR0489,"Jan 30, 2025",20:42:17
ORD02604,CSTMR0831,04/19/2023,20:16:24
ORD02605,CSTMR0169,11-20-24,19:03:38
ORD02606,CSTMR0051,28 Oct 2021,18:27:58
ORD02607,CSTMR0290,"Mar 18, 2021",13:35:04
ORD02608,cstmr0057,2024-07-03,14:12:55
ORD02609,CSTMR0015,2025.02.12,20:53:00
ord02610,CSTMR0901,04-19-24,11:31:56
ORD02611,cstmr0145,03/15/2025,17:00:41
ORD02612,CSTMR0968,15-11-2024,21:59:31
ORD02613,cstmr0814,2024-12-14,08:21:59
ORD02614,cstmr0266,2022-07-15,18:27:30
ORD02615,CSTMR0792,"Jan 16, 2026",08:19:55
ORD02616,cstmr0514,2023.04.11,20:40:50
ORD02617,CSTMR0227,28/03/2025,21:48:12
ord02618,cstmr0752,05-17-23,14:50:51
ORD02619,CSTMR0753,20-10-2021,18:40:18
ord02620,CSTMR0753,2022.02.03,19:35:43
ORD02621,CSTMR0847,2025.08.20,11:33:52
ord02622,cstmr0018,27 Jan 2026,14:59:50
ORD02623,cstmr0346,15 Nov 2021,11:22:41
ORD02624,CSTMR0742,09 Aug 2025,16:56:35
ord02625,cstmr0358,31 May 2021,21:35:40
ORD02626,CSTMR0415,02-28-23,12:49:50
ord02627,cstmr0108,2026.04.18,12:19:34
ORD02628,CSTMR0116,04-29-25,20:34:21
ord02629,CSTMR0504,2026-01-23,16:14:04
ord02630,CSTMR0133,22 Oct 2025,13:10:02
ORD02631,CSTMR0428,07/02/2023,08:32:46
ORD02632,CSTMR0345,01-12-24,20:12:13
ord02633,cstmr0403,2022-11-10,12:09:45
ord02634,cstmr0584,29 Oct 2021,19:10:08
ORD02635,CSTMR0742,2026-02-11,10:37:47
ORD02636,CSTMR0424,12/17/2022,19:18:27
ORD02637,cstmr0774,2023.02.14,13:13:03
ord02638,CSTMR0019,05-07-25,09:35:51
ord02639,CSTMR0857,06/26/2024,19:23:45
ORD02640,cstmr0543,03/14/2026,19:52:49
ord02641,cstmr0940,2025-12-19,13:15:04
ord02642,cstmr0488,30-03-2022,20:35:25
ord02643,CSTMR0074,2023.11.25,22:11:15
ORD02644,CSTMR0801,02-07-22,16:19:45
ORD02645,CSTMR0867,06/09/2022,13:15:40
ord02646,CSTMR0512,"Jan 28, 2023",20:00:49
ORD02647,CSTMR0252,18 Dec 2025,21:48:11
ORD02648,CSTMR0451,06-24-22,19:36:37
ord02649,CSTMR0782,"Sep 28, 2025",18:02:02
ord02650,CSTMR0266,25 Oct 2025,09:54:03
ord02651,CSTMR0747,03 Jun 2023,21:56:15
ORD02652,CSTMR0901,"Mar 06, 2026",11:57:36
ord02653,cstmr0536,2023-01-16,13:04:52
ORD02654,CSTMR0662,"Aug 18, 2023",12:35:24
ORD02655,cstmr0490,05/15/2022,13:33:39
ord02656,CSTMR0429,21 Jun 2022,20:12:37
ORD02657,CSTMR0494,2024-11-08,13:13:44
ORD02658,CSTMR0553,12/10/2023,17:15:31
ORD02659,CSTMR0106,11 Jan 2026,17:41:07
ORD02660,CSTMR0169,02-25-24,17:50:23
ORD02661,cstmr0800,2026.05.30,13:45:23
ORD02662,CSTMR0525,2024.06.01,11:11:26
ord02663,CSTMR0162,06/10/2025,19:24:14
ord02664,CSTMR0371,25-06-2023,09:01:15
ORD02665,CSTMR0069,2022.04.30,14:08:28
ord02666,CSTMR0480,22-05-2022,20:22:56
ORD02667,CSTMR0136,"Apr 01, 2023",19:58:19
ORD02668,cstmr0907,26 Dec 2021,10:31:09
ord02669,CSTMR0354,"Apr 12, 2022",22:59:03
ORD02670,cstmr0107,2023-08-15,12:53:47
ORD02671,CSTMR0018,2022.12.14,20:12:27
ORD02672,cstmr0893,"Jul 28, 2024",20:38:33
ORD02673,cstmr0795,2022-03-05,10:23:54
ORD02674,CSTMR0167,"Feb 10, 2024",12:16:22
ORD02675,cstmr0704,28 Aug 2023,22:39:37
ORD02676,cstmr0998,23 Nov 2024,10:15:15
ord02677,CSTMR0090,10-06-2022,22:05:20
ord02678,cstmr0156,06-03-23,09:34:11
ord02679,CSTMR0665,"Sep 17, 2023",08:52:52
ord02680,CSTMR0590,2025.03.09,09:14:33
ORD02681,CSTMR0964,2024-07-14,09:18:54
ord02682,CSTMR0850,22/02/2024,16:06:41
ORD02683,CSTMR0291,2025.07.22,13:30:44
ord02684,CSTMR0463,18/12/2024,13:46:39
ord02685,cstmr0186,02 Nov 2025,19:24:20
ORD02686,CSTMR0485,09/28/2022,19:17:32
ORD02687,CSTMR0141,06-30-24,18:52:16
ord02688,CSTMR0846,14/03/2025,10:38:15
ord02689,cstmr0617,"Feb 24, 2024",10:43:26
ORD02690,CSTMR0713,05-07-22,20:11:53
ORD02691,CSTMR0423,02/11/2023,19:26:31
ORD02692,CSTMR0645,2024.02.21,10:07:06
ORD02693,CSTMR0545,2021-10-21,19:10:33
ord02694,cstmr0671,23/05/2021,08:50:37
ORD02695,cstmr0686,"Dec 23, 2024",13:32:27
ORD02696,CSTMR0077,2026-03-06,10:04:56
ord02697,cstmr0312,01-12-2024,13:07:11
ord02698,cstmr0979,"Nov 13, 2023",19:29:30
ORD02699,CSTMR0458,12-02-23,18:23:38
ORD02700,CSTMR0380,01 Nov 2022,19:32:47
ORD02701,cstmr0014,21/02/2026,10:06:16
ord02702,CSTMR0591,05 Aug 2023,18:04:13
ORD02703,CSTMR0941,2022.03.20,21:27:37
ord02704,CSTMR0380,12/31/2023,13:58:35
ORD02705,cstmr0769,16 Aug 2025,12:05:14
ord02706,CSTMR0221,26-04-2025,15:28:37
ORD02707,cstmr0778,2021.07.23,08:06:12
ORD02708,CSTMR0904,26-09-2025,14:00:23
ORD02709,CSTMR0906,01 May 2023,22:55:29
ord02710,cstmr0491,2025-07-28,12:43:33
ord02711,CSTMR0711,12 Mar 2022,12:16:58
ord02712,CSTMR0834,25-05-2024,22:39:11
ORD02713,cstmr0585,"Feb 19, 2024",13:43:09
ord02714,CSTMR0817,"Aug 31, 2021",21:25:25
ORD02715,CSTMR0166,20-07-2023,19:16:14
ord02716,cstmr0506,2024-02-17,20:39:45
ord02717,cstmr0992,03/23/2021,15:38:15
ord02718,cstmr0469,2023-02-12,21:53:17
ORD02719,CSTMR0237,04/07/2024,11:05:38
ORD02720,cstmr0041,13/04/2025,15:53:53
ORD02721,cstmr0522,05-21-23,20:55:43
ord02722,CSTMR0021,19 Jun 2025,22:37:14
ORD02723,CSTMR0537,"Dec 05, 2022",15:30:58
ORD02724,cstmr0559,01/18/2021,19:24:58
ord02725,CSTMR0183,15-10-2025,13:42:04
ORD02726,cstmr0040,2024-09-22,17:37:24
ORD02727,CSTMR0165,2022.01.05,22:42:40
ORD02728,CSTMR0317,"Dec 05, 2021",22:16:29
ORD02729,CSTMR0892,11/07/2022,13:33:24
ord02730,CSTMR0323,09-27-25,20:24:51
ORD02731,CSTMR0576,12-23-22,19:10:27
ORD02732,CSTMR0639,"Jun 24, 2022",14:40:10
ord02733,cstmr0912,03 May 2022,21:14:27
ORD02734,CSTMR0366,12-18-24,15:12:12
ord02735,CSTMR0523,2025-08-14,14:39:47
ORD02736,cstmr0654,12-07-2023,12:54:20
ORD02737,cstmr0702,25 Feb 2023,16:39:28
ord02738,cstmr0294,"Oct 25, 2023",21:36:56
ord02739,CSTMR0448,05 Dec 2023,17:57:26
ORD02740,cstmr0314,21/09/2024,18:16:49
ORD02741,CSTMR0940,2025-04-06,18:18:47
ORD02742,CSTMR0424,05-08-2022,16:28:59
ord02743,CSTMR0360,31 Dec 2023,19:23:41
ord02744,cstmr0981,27-11-2022,21:10:31
ORD02745,CSTMR0759,2025.03.28,16:17:22
ord02746,CSTMR0273,2025.07.08,19:03:31
ord02747,CSTMR0461,2023.12.10,21:13:12
ORD02748,CSTMR0569,16-09-2022,09:50:44
ORD02749,CSTMR0788,2024.06.21,21:04:24
ORD02750,CSTMR0909,28 Aug 2024,13:09:27
ORD02751,CSTMR0280,16 Sep 2023,14:29:53
ord02752,CSTMR0845,16-05-2023,13:04:38
ord02753,CSTMR0295,17-06-2022,17:06:20
ORD02754,CSTMR0203,01/20/2024,19:19:37
ord02755,cstmr0964,08/08/2024,12:20:50
ORD02756,cstmr0164,25/01/2024,16:00:57
ORD02757,CSTMR0927,24-03-2025,20:27:16
ord02758,CSTMR0305,29-10-2025,19:44:32
ORD02759,cstmr0084,"Jun 04, 2023",12:15:45
ord02760,CSTMR0787,01-29-25,08:05:48
ORD02761,cstmr0780,25 Dec 2022,14:55:45
ORD02762,CSTMR0065,07/03/2022,20:38:48
ORD02763,cstmr0978,10-23-24,12:17:41
ORD02764,cstmr0651,2025-12-20,19:15:18
ord02765,cstmr0996,02-18-23,12:16:32
ORD02766,CSTMR0518,04-01-2025,10:58:55
ord02767,cstmr0188,10/16/2024,19:10:02
ORD02768,CSTMR0729,07-27-23,14:03:49
ord02769,CSTMR0946,2023.06.03,16:58:18
ORD02770,cstmr0590,2021.03.31,08:27:56
ord02771,CSTMR0334,"May 28, 2024",13:37:48
ord02772,CSTMR0645,04-28-25,20:03:08
ord02773,cstmr0185,08-05-25,08:15:55
ord02774,CSTMR0346,08 Oct 2024,11:19:24
ORD02775,cstmr0338,28/09/2022,12:40:58
ord02776,CSTMR0247,23 Feb 2025,20:52:21
ORD02777,cstmr0822,22/01/2026,15:48:13
ORD02778,CSTMR0844,12 Mar 2021,13:29:15
ORD02779,cstmr0508,07-10-2024,15:27:39
ORD02780,cstmr0416,09 Nov 2023,13:13:18
ord02781,cstmr0191,12-16-23,11:54:28
ORD02782,CSTMR0456,"Apr 22, 2025",08:19:56
ORD02783,CSTMR0732,2022-12-12,11:07:18
ORD02784,CSTMR0971,05-24-26,10:46:47
ORD02785,CSTMR0851,02-10-26,14:41:51
ord02786,cstmr0178,2021.07.03,22:01:52
ORD02787,cstmr0090,04-06-25,20:21:12
ord02788,cstmr0190,"Nov 30, 2025",19:37:22
ord02789,CSTMR0497,2026.01.30,16:18:18
ORD02790,CSTMR0961,2023.11.01,13:00:00
ORD02791,cstmr0817,19-06-2022,21:45:52
ORD02792,cstmr0139,2023.04.27,20:14:55
ORD02793,CSTMR0553,"Oct 14, 2024",15:04:02
ORD02794,CSTMR0788,31/05/2024,13:37:23
ord02795,CSTMR0481,"Dec 27, 2025",12:01:40
ORD02796,cstmr0254,16-05-2023,08:23:31
ORD02797,CSTMR0631,06-20-24,21:34:59
ORD02798,cstmr0447,01-26-23,13:27:16
ord02799,CSTMR0951,2021.09.10,21:14:38
ORD02800,cstmr0440,2022-01-29,12:14:26
ord02801,CSTMR0717,11-11-2023,09:16:15
ORD02802,cstmr0218,06-05-25,08:36:07
ORD02803,cstmr0329,13 Mar 2026,13:34:42
ORD02804,cstmr0481,09-03-22,16:55:46
ORD02805,cstmr0792,12 Jul 2021,21:16:51
ORD02806,CSTMR0731,12-04-21,13:32:35
ORD02807,CSTMR0464,2026.05.14,20:45:28
ORD02808,cstmr0903,2025-12-06,22:29:19
ord02809,CSTMR0709,2024.04.12,09:07:32
ord02810,CSTMR0923,06/01/2023,17:08:46
ord02811,CSTMR0513,2022-11-23,12:36:16
ORD02812,CSTMR0570,11-08-25,21:05:06
ord02813,CSTMR0842,14 Aug 2021,17:49:55
ORD02814,CSTMR0989,08-17-22,17:34:27
ORD02815,CSTMR0712,"Apr 23, 2024",12:55:13
ord02816,CSTMR0897,06/08/2025,09:15:59
ORD02817,CSTMR0866,2023.06.17,15:57:36
ORD02818,CSTMR0722,02-27-22,13:52:06
ORD02819,CSTMR0810,"Apr 05, 2023",15:26:05
ORD02820,CSTMR0305,17-12-2023,12:28:21
ORD02821,cstmr1000,2022.09.01,13:23:47
ord02822,CSTMR0649,07/21/2025,20:51:26
ORD02823,cstmr0543,11/21/2025,21:53:45
ORD02824,CSTMR0845,"Nov 14, 2022",16:04:05
ORD02825,CSTMR0424,12-29-25,08:49:08
ORD02826,CSTMR0762,23-05-2021,15:24:25
ord02827,CSTMR0809,28-08-2022,16:33:15
ORD02828,CSTMR0529,2025-03-20,21:12:39
ORD02829,CSTMR0446,2025-12-31,13:11:46
ORD02830,CSTMR0721,2026-03-16,15:05:15
ORD02831,CSTMR0877,2023-09-10,12:24:55
ord02832,CSTMR0432,2026.04.05,20:40:07
ORD02833,cstmr0921,2024-08-08,19:57:18
ord02834,cstmr0200,01 Feb 2026,13:16:17
ord02835,cstmr0977,"Jul 06, 2021",10:37:56
ord02836,CSTMR0359,16 Jan 2023,20:00:28
ORD02837,cstmr0731,"Jul 22, 2023",18:02:03
ORD02838,CSTMR0424,31/01/2026,19:16:53
ORD02839,CSTMR0992,12-12-2022,11:28:47
ORD02840,CSTMR0045,2023.08.04,20:28:19
ORD02841,cstmr0559,2025.09.04,12:35:10
ord02842,CSTMR0465,"Nov 21, 2025",13:48:18
ord02843,CSTMR0303,29-02-2024,09:21:05
ORD02844,CSTMR0529,"Mar 29, 2023",16:55:22
ord02845,cstmr0922,20 Apr 2026,20:54:13
ORD02846,CSTMR0624,"Feb 03, 2022",10:17:33
ORD02847,CSTMR0882,21-07-2025,08:55:44
ORD02848,CSTMR0104,"Oct 03, 2023",16:23:25
ORD02849,CSTMR0062,26/05/2023,20:10:48
ORD02850,cstmr0795,20-05-2024,15:18:38
ORD02851,CSTMR0440,19/03/2024,14:07:01
ORD02852,cstmr0296,18 Aug 2023,12:44:46
ord02853,CSTMR0980,18 Jul 2024,10:22:07
ORD02854,cstmr0214,2024-11-22,13:47:04
ord02855,CSTMR0215,2022-04-05,20:14:50
ord02856,CSTMR0572,2026-04-26,12:53:22
ORD02857,CSTMR0729,2022.02.07,14:39:28
ORD02858,cstmr0656,05-05-23,13:33:31
ORD02859,CSTMR0699,2025-05-16,11:03:04
ord02860,cstmr0410,08/13/2025,11:48:20
ORD02861,CSTMR0093,01/10/2026,22:58:54
ORD02862,cstmr0652,2023-01-16,22:41:42
ORD02863,cstmr0531,18-09-2025,17:30:53
ORD02864,cstmr0558,2022.04.20,16:01:12
ORD02865,CSTMR0458,"Jul 28, 2024",22:26:05
ORD02866,CSTMR0278,11 Apr 2026,15:45:57
ORD02867,CSTMR0518,06/10/2023,20:56:50
ORD02868,CSTMR0821,05/31/2026,17:27:30
ord02869,CSTMR0572,11 Jul 2023,19:23:33
ORD02870,cstmr0845,"Oct 27, 2023",20:02:32
ord02871,cstmr0919,02/24/2026,08:36:25
ORD02872,CSTMR0776,07/09/2023,20:28:12
ORD02873,CSTMR0702,12/17/2023,12:51:29
ORD02874,CSTMR0932,"Jan 27, 2023",16:27:46
ord02875,cstmr0191,22-04-2026,11:08:09
ORD02876,CSTMR0949,12-12-25,18:58:48
ord02877,cstmr0538,2023.11.01,16:21:13
ORD02878,CSTMR0186,03 Dec 2022,12:32:46
ord02879,CSTMR0472,21 Feb 2025,14:04:36
ord02880,cstmr0632,05/11/2023,10:27:48
ORD02881,cstmr0010,2023.05.07,13:07:09
ord02882,cstmr0589,2026.01.04,11:15:58
ORD02883,CSTMR0085,11-08-25,19:31:44
ORD02884,CSTMR0662,06-09-24,16:56:02
ORD02885,CSTMR0289,20 Jul 2025,14:44:46
ORD02886,CSTMR0549,01/23/2026,08:37:56
ORD02887,CSTMR0756,13 Feb 2023,16:40:33
ORD02888,CSTMR0993,09-13-21,15:18:59
ord02889,CSTMR0943,2022-09-09,16:48:52
ORD02890,cstmr0910,2024.01.11,21:32:46
ORD02891,CSTMR0397,06-02-25,16:22:16
ORD02892,CSTMR0961,19 Dec 2022,19:20:14
ORD02893,CSTMR0896,26 Mar 2024,19:11:33
ord02894,CSTMR0556,28 Mar 2025,19:19:04
ord02895,CSTMR0122,26/09/2025,12:34:15
ORD02896,CSTMR0066,2022-07-08,21:21:12
ord02897,CSTMR0057,"Mar 14, 2023",13:22:07
ORD02898,CSTMR0615,11/07/2024,21:41:38
ORD02899,CSTMR0696,"Aug 14, 2025",22:34:07
ORD02900,cstmr0557,30 Aug 2025,13:47:16
ORD02901,CSTMR0607,"Jun 05, 2023",19:02:13
ORD02902,CSTMR0972,"Sep 29, 2023",20:39:58
ORD02903,CSTMR0501,2024-08-02,21:32:27
ord02904,cstmr0435,07/12/2025,21:56:50
ORD02905,CSTMR0364,2022.12.16,21:34:39
ord02906,CSTMR0764,02/08/2024,12:36:25
ORD02907,CSTMR0030,09-10-2023,13:11:19
ord02908,cstmr0398,10-11-2021,10:01:18
ORD02909,cstmr0274,2026-02-25,20:38:29
ORD02910,CSTMR0995,07/09/2023,12:03:40
ORD02911,cstmr0147,27/03/2023,18:18:19
ord02912,CSTMR0739,12-07-22,10:19:24
ORD02913,CSTMR0614,03 Nov 2022,09:57:15
ord02914,CSTMR0821,2025.05.31,21:07:19
ord02915,CSTMR0789,2025-05-04,13:42:55
ORD02916,CSTMR0482,"May 18, 2026",21:56:35
ORD02917,CSTMR0896,2023.07.28,21:26:49
ord02918,cstmr0023,03-15-26,16:35:21
ORD02919,CSTMR0889,25-12-2023,21:45:25
ORD02920,cstmr0968,05 Nov 2022,17:57:27
ORD02921,CSTMR0743,22/08/2022,15:12:57
ORD02922,CSTMR0717,21/10/2021,20:06:39
ord02923,CSTMR0055,12/04/2021,13:33:52
ORD02924,cstmr0797,2024.06.23,21:42:37
ORD02925,cstmr0724,2024-08-24,15:19:56
ord02926,CSTMR0429,"Feb 27, 2026",14:08:45
ORD02927,cstmr0934,08/05/2025,20:45:02
ORD02928,CSTMR0749,11-07-2023,10:11:35
ORD02929,cstmr0289,01/06/2023,20:20:37
ord02930,CSTMR0847,16 Mar 2024,22:36:09
ord02931,cstmr0884,04 Aug 2023,21:42:12
ORD02932,CSTMR0421,2024-01-18,19:26:34
ORD02933,cstmr0882,2022.09.12,17:51:21
ord02934,CSTMR0690,03-12-25,11:29:37
ORD02935,CSTMR0958,2023.04.23,19:38:14
ORD02936,cstmr0174,12-26-24,11:37:38
ORD02937,CSTMR0621,13-02-2026,13:09:13
ord02938,CSTMR0280,12-04-2026,19:34:27
ORD02939,CSTMR0059,05/26/2023,15:32:25
ord02940,CSTMR0808,2021.10.24,11:00:13
ORD02941,CSTMR0225,04-21-23,18:59:14
ord02942,cstmr0558,"Jul 01, 2022",15:16:19
ORD02943,CSTMR0117,24/11/2025,09:19:00
ORD02944,CSTMR0881,2022.03.24,19:57:56
ord02945,cstmr0998,11-29-23,08:20:36
ORD02946,CSTMR0099,2025.08.16,22:08:00
ord02947,CSTMR0353,2021.11.13,08:44:45
ord02948,cstmr0114,22/01/2022,11:32:41
ord02949,cstmr0714,2023-05-15,16:49:35
ORD02950,CSTMR0132,21-03-2023,12:09:36
ORD02951,CSTMR0185,"Sep 22, 2022",14:15:47
ord02952,CSTMR0983,2025.05.06,18:02:32
ORD02953,cstmr0472,2024.04.04,21:00:37
ORD02954,cstmr0048,07/19/2022,08:35:46
ORD02955,CSTMR0723,2026-01-14,11:05:43
ORD02956,CSTMR0216,03/11/2021,22:48:38
ORD02957,CSTMR0671,09-11-2021,11:37:53
ord02958,cstmr0372,10-02-25,19:32:12
ORD02959,CSTMR0891,22-09-2022,22:38:19
ord02960,CSTMR0758,"Feb 01, 2022",20:57:45
ord02961,cstmr0566,05/20/2025,19:59:47
ord02962,CSTMR0980,10 Mar 2023,13:10:01
ord02963,CSTMR0516,20 Jan 2023,21:28:45
ord02964,CSTMR0465,2024.01.01,20:16:49
ORD02965,cstmr0894,03-05-22,21:20:24
ord02966,CSTMR0533,01-17-24,12:51:26
ord02967,CSTMR0709,2022.05.01,16:59:17
ORD02968,cstmr0579,01/25/2024,12:21:47
ord02969,CSTMR0479,15-08-2023,14:09:30
ORD02970,cstmr0637,10/18/2024,08:26:09
ord02971,CSTMR0487,18-09-2024,12:04:11
ORD02972,cstmr0974,"Nov 27, 2022",13:01:37
ord02973,CSTMR0940,06/11/2021,08:08:57
ORD02974,cstmr0509,18-10-2022,12:29:39
ord02975,CSTMR0928,2025-11-28,14:22:17
ORD02976,CSTMR0945,17/08/2023,21:42:52
ORD02977,cstmr0763,"Oct 21, 2025",11:33:23
ord02978,CSTMR0232,"Nov 22, 2023",12:14:26
ord02979,CSTMR0415,19-10-2024,13:51:28
ord02980,CSTMR0418,2026.02.22,16:50:10
ord02981,CSTMR0714,14 Sep 2025,19:03:18
ord02982,CSTMR0597,"Dec 27, 2022",12:35:04
ORD02983,CSTMR0425,07/06/2023,22:05:24
ORD02984,CSTMR0749,"Mar 15, 2023",11:27:15
ORD02985,CSTMR0415,06-04-2024,19:20:50
ORD02986,CSTMR0166,"Jul 04, 2023",15:34:41
ORD02987,CSTMR0312,29/03/2025,13:25:18
ORD02988,CSTMR0523,05/25/2023,13:06:10
ORD02989,cstmr0949,11-24-23,20:03:50
ord02990,CSTMR0925,"Aug 19, 2023",14:36:35
ord02991,cstmr0947,"Jul 28, 2022",11:48:59
ord02992,CSTMR0536,2025-02-08,19:08:29
ORD02993,CSTMR0150,2024.07.09,20:27:43
ORD02994,cstmr0647,10/31/2022,09:27:08
ORD02995,CSTMR0205,06/06/2025,22:24:40
ORD02996,cstmr0202,07 Nov 2023,17:22:31
ord02997,CSTMR0540,"Feb 14, 2021",17:57:05
ORD02998,CSTMR0576,"Mar 14, 2026",10:11:01
ORD02999,cstmr0702,11/25/2023,09:37:46
ORD03000,CSTMR0359,04 Sep 2022,13:46:09
ord03001,CSTMR0104,07-08-23,13:41:34
ord03002,CSTMR0488,"Feb 23, 2024",08:45:27
ord03003,cstmr0032,02/12/2025,13:48:44
ORD03004,CSTMR0180,15-10-2022,11:41:00
ORD03005,cstmr0666,12-09-2021,19:21:39
ORD03006,CSTMR0850,09/13/2023,10:16:00
ord03007,CSTMR0841,13-04-2024,11:29:30
ORD03008,CSTMR0178,2021.04.26,09:18:51
ORD03009,cstmr0115,09/04/2021,16:26:04
ORD03010,CSTMR0944,2023-12-04,20:44:37
ord03011,CSTMR0817,2022-01-11,11:12:16
ORD03012,CSTMR0274,08-01-2024,18:10:12
ord03013,CSTMR0640,02/18/2022,21:10:24
ORD03014,cstmr0349,2026.03.23,22:32:00
ORD03015,CSTMR0807,31 Jan 2026,15:25:58
ORD03016,CSTMR0593,19-01-2023,12:44:11
ord03017,CSTMR0096,2023.07.03,22:11:46
ORD03018,CSTMR0658,19/02/2025,15:55:59
ORD03019,CSTMR0090,25/06/2021,14:24:32
ord03020,cstmr0489,2025.01.03,21:45:11
ord03021,CSTMR0247,23/04/2023,19:54:01
ORD03022,CSTMR0573,06/18/2022,20:35:34
ORD03023,cstmr0586,"May 11, 2024",16:42:48
ORD03024,CSTMR0676,02-07-23,19:35:41
ord03025,CSTMR0964,17-06-2023,22:24:09
ORD03026,cstmr0139,2022-08-15,13:49:57
ORD03027,CSTMR0578,02/28/2022,20:44:19
ORD03028,cstmr0253,04/04/2023,16:45:50
ORD03029,cstmr0391,01/17/2023,17:10:54
ord03030,cstmr0434,"Mar 06, 2026",16:33:56
ORD03031,CSTMR0290,19/05/2024,12:18:18
ord03032,cstmr0264,03-30-26,20:34:46
ord03033,CSTMR0048,15-02-2024,13:56:53
ord03034,CSTMR0188,2023.08.11,22:23:16
ord03035,cstmr0529,11/30/2025,11:20:42
ord03036,cstmr0461,12/30/2025,12:26:40
ORD03037,CSTMR0239,2025.11.30,11:52:44
ord03038,cstmr0347,02 Jun 2022,13:41:51
ORD03039,CSTMR0363,07/03/2021,11:47:51
ORD03040,CSTMR0853,18-01-2025,11:46:00
ORD03041,CSTMR0024,14-01-2025,20:39:01
ORD03042,CSTMR0194,09/02/2022,13:51:55
ORD03043,CSTMR0330,"Apr 05, 2026",12:39:13
ORD03044,CSTMR0350,"Jun 13, 2023",15:30:12
ORD03045,cstmr0776,"Dec 21, 2025",17:07:02
ORD03046,CSTMR0419,12-05-2025,20:06:01
ORD03047,cstmr0594,2025-10-18,22:46:58
ord03048,cstmr0738,12/12/2025,20:08:33
ord03049,CSTMR0139,"May 01, 2022",13:26:49
ORD03050,cstmr0904,22-02-2021,14:24:40
ORD03051,CSTMR0750,2023-03-05,14:55:01
ord03052,cstmr0090,11-07-2022,17:28:47
ord03053,CSTMR0878,2024-06-28,21:32:25
ord03054,CSTMR0316,2025.12.07,15:33:37
ORD03055,CSTMR0861,2023.05.05,21:50:10
ord03056,CSTMR0505,2022-11-25,13:10:30
ord03057,CSTMR0750,02-02-22,12:32:36
ORD03058,cstmr0759,11-04-25,22:39:35
ord03059,cstmr0682,12/21/2025,10:12:10
ord03060,cstmr0864,12/06/2021,22:22:15
ord03061,CSTMR0573,2022-06-11,18:54:25
ord03062,cstmr0592,08 Jul 2025,15:14:18
ORD03063,cstmr0193,"May 31, 2026",10:58:41
ord03064,cstmr0709,2025.01.03,13:12:21
ord03065,CSTMR0812,"Jul 09, 2024",13:04:00
ORD03066,CSTMR0187,"May 29, 2023",10:25:09
ORD03067,CSTMR0388,09-29-24,18:45:43
ord03068,cstmr0704,16 Aug 2025,12:55:47
ord03069,cstmr0845,31 Jan 2025,17:49:47
ord03070,CSTMR0321,15-02-2025,21:47:11
ord03071,CSTMR0885,2022.03.10,08:48:04
ORD03072,cstmr0321,"Sep 12, 2024",21:07:01
ord03073,cstmr0255,2021.10.18,22:15:46
ORD03074,CSTMR0480,02/21/2025,21:48:25
ORD03075,CSTMR0176,08/11/2023,17:47:11
ord03076,cstmr0155,12/14/2023,16:10:33
ORD03077,CSTMR0987,10/02/2026,21:59:37
ORD03078,cstmr0688,07 Mar 2024,21:42:26
ORD03079,CSTMR0227,2023.03.22,14:46:59
ORD03080,CSTMR0056,"Dec 13, 2024",12:24:53
ORD03081,CSTMR0698,16/01/2021,13:35:25
ORD03082,CSTMR0784,2024-10-19,11:56:33
ord03083,cstmr0822,31 May 2023,14:08:47
ORD03084,CSTMR0236,2023.03.09,16:52:19
ORD03085,cstmr0389,07/10/2022,15:06:06
ORD03086,cstmr0754,02/19/2025,18:23:15
ord03087,cstmr0493,2023-11-30,17:16:26
ORD03088,CSTMR0406,08 Oct 2024,16:27:26
ORD03089,cstmr0687,03/19/2025,18:09:24
ORD03090,CSTMR0459,03 Aug 2025,08:21:45
ord03091,cstmr0502,13 Jan 2023,12:55:31
ORD03092,CSTMR0965,01/22/2025,12:28:58
ORD03093,CSTMR0954,2023-11-24,15:18:51
ORD03094,CSTMR0137,2026-01-24,22:48:02
ord03095,CSTMR0348,02/01/2022,14:45:31
ORD03096,cstmr0155,11/04/2024,18:36:25
ord03097,cstmr0984,2026.02.07,21:57:25
ord03098,CSTMR0447,06/07/2024,11:45:03
ord03099,CSTMR0546,04/01/2025,12:30:40
ORD03100,cstmr0664,04 Dec 2024,22:29:48
ord03101,CSTMR0162,11/05/2022,13:57:47
ORD03102,CSTMR0567,26 Sep 2023,15:18:56
ORD03103,cstmr0497,24/06/2023,16:54:31
ORD03104,CSTMR0227,30/04/2023,10:28:22
ORD03105,CSTMR0543,02/01/2023,13:29:38
ORD03106,cstmr0113,10-11-25,21:12:03
ORD03107,CSTMR0335,"Apr 21, 2026",13:03:40
ORD03108,CSTMR0038,05 Apr 2024,16:08:04
ord03109,cstmr0064,03/12/2023,21:08:13
ORD03110,CSTMR0868,28 May 2023,19:31:00
ord03111,CSTMR0160,18 Oct 2022,18:09:33
ORD03112,cstmr0496,20/03/2023,21:55:37
ORD03113,CSTMR0471,2026-04-24,20:54:35
ORD03114,CSTMR0991,26-02-2024,15:43:05
ORD03115,cstmr0867,2025.01.17,19:57:10
ord03116,CSTMR0883,01-10-23,20:52:01
ORD03117,CSTMR0393,02/04/2023,08:19:25
ORD03118,CSTMR0999,2022-01-21,14:00:30
ord03119,CSTMR0253,2021-04-12,20:33:50
ORD03120,CSTMR0678,"Mar 12, 2023",10:02:22
ORD03121,CSTMR0241,10-01-2025,11:54:37
ORD03122,CSTMR0712,12/03/2026,17:36:26
ORD03123,CSTMR0742,"Aug 14, 2023",21:11:11
ORD03124,CSTMR0551,06-04-22,18:28:45
ORD03125,cstmr0877,17/04/2024,21:05:42
ORD03126,cstmr0071,23/06/2024,12:15:16
ORD03127,cstmr0389,06-25-24,08:55:56
ord03128,CSTMR0593,2023-04-01,19:29:08
ORD03129,CSTMR0280,19-09-2021,15:34:20
ord03130,cstmr0649,16/07/2024,11:16:33
ORD03131,CSTMR0824,08/04/2023,12:27:21
ORD03132,CSTMR0651,2024-05-19,08:32:43
ORD03133,CSTMR0440,2024-07-06,11:42:04
ord03134,CSTMR0706,05-28-25,12:22:11
ORD03135,CSTMR0421,2025.11.13,21:58:58
ORD03136,CSTMR0568,"Jul 09, 2024",15:58:36
ord03137,CSTMR0168,05-13-22,22:05:59
ORD03138,CSTMR0148,26/05/2023,15:24:02
ORD03139,CSTMR0313,2023.05.26,09:03:23
ORD03140,CSTMR0912,07-03-2025,10:47:58
ORD03141,cstmr0283,11-13-22,09:56:52
ord03142,CSTMR0106,09/25/2025,11:33:47
ORD03143,cstmr0936,05/07/2024,19:02:57
ORD03144,CSTMR0352,"Mar 23, 2023",11:15:55
ORD03145,cstmr0550,10/14/2023,10:28:30
ord03146,CSTMR0851,2024.01.12,08:42:29
ord03147,CSTMR0963,"Apr 12, 2026",08:35:47
ORD03148,CSTMR0629,07/11/2024,14:03:14
ORD03149,CSTMR0949,2022-06-21,08:52:51
ord03150,CSTMR0459,"Apr 11, 2025",20:22:11
ord03151,CSTMR0333,2022-07-31,12:45:05
ORD03152,CSTMR0671,07/04/2024,10:04:32
ORD03153,CSTMR0825,22 Jan 2022,20:43:23
ORD03154,CSTMR0597,2025-11-01,22:40:25
ord03155,cstmr0424,27 Dec 2022,19:48:31
ORD03156,CSTMR0209,2025-11-19,19:40:26
ORD03157,CSTMR0722,2022.11.04,11:16:28
ORD03158,CSTMR0660,2022-11-29,22:08:27
ord03159,CSTMR0485,15/12/2023,19:32:02
ord03160,CSTMR0285,03/04/2022,22:01:07
ORD03161,cstmr0320,2024.06.23,11:39:13
ord03162,cstmr0887,2021-11-19,13:55:53
ORD03163,CSTMR0650,03 Nov 2022,16:04:53
ORD03164,CSTMR0931,"Feb 06, 2026",19:30:13
ORD03165,CSTMR0375,2022.04.19,14:28:02
ORD03166,CSTMR0708,12-24-21,19:16:10
ord03167,CSTMR0765,2025.08.17,16:08:23
ORD03168,CSTMR0306,11-13-22,13:37:02
ORD03169,cstmr0228,25 Apr 2026,14:00:26
ORD03170,CSTMR0200,"Aug 08, 2024",18:31:56
ORD03171,cstmr0220,2024-06-09,16:59:00
ORD03172,cstmr0108,2023-12-13,19:26:21
ord03173,CSTMR0706,2026.03.29,08:42:55
ORD03174,CSTMR0990,01/09/2026,22:20:00
ord03175,cstmr0552,"Sep 14, 2025",16:53:51
ORD03176,CSTMR0466,23 Apr 2021,16:09:24
ORD03177,CSTMR0845,21 Jun 2024,12:57:13
ORD03178,cstmr0019,2024.08.09,16:05:24
ORD03179,CSTMR0513,22-05-2022,13:01:10
ORD03180,CSTMR0974,2026-04-19,22:51:09
ord03181,CSTMR0241,05/14/2022,19:50:39
ord03182,CSTMR0383,11 Jun 2023,12:23:05
ORD03183,cstmr0420,"Jan 05, 2022",13:02:44
ORD03184,CSTMR0160,"Apr 12, 2024",18:30:55
ORD03185,CSTMR0600,01 Feb 2024,20:28:51
ord03186,cstmr0838,22/02/2026,17:17:35
ORD03187,cstmr0051,09-12-2022,13:09:20
ORD03188,CSTMR0151,04-02-23,08:15:41
ORD03189,CSTMR0962,04-25-23,21:35:45
ORD03190,cstmr0109,16 Jun 2023,22:59:53
ord03191,cstmr0058,"Dec 08, 2023",10:09:12
ORD03192,CSTMR0333,23 Mar 2022,19:58:04
ORD03193,cstmr0033,20-11-2022,14:55:50
ORD03194,CSTMR0179,11/19/2024,17:06:58
ORD03195,cstmr0764,10-11-2024,13:36:22
ORD03196,CSTMR0890,05 Jul 2025,16:54:30
ord03197,CSTMR0130,2025-06-08,09:59:23
ORD03198,CSTMR0155,18 Oct 2024,13:34:32
ORD03199,CSTMR0714,08/08/2023,13:08:49
ORD03200,CSTMR0629,18/10/2021,19:26:49
ORD03201,CSTMR0765,2023-09-05,19:21:27
ORD03202,cstmr0710,12/28/2025,20:24:51
ORD03203,CSTMR0260,09/29/2022,22:17:38
ord03204,CSTMR0843,30-10-2024,09:40:57
ORD03205,CSTMR0290,27 May 2022,22:24:53
ORD03206,CSTMR0203,2022-08-21,13:40:36
ord03207,cstmr0155,2023.11.09,18:10:20
ORD03208,CSTMR0131,12-23-23,14:02:25
ORD03209,CSTMR0470,2024.11.09,20:25:44
ORD03210,cstmr0885,06-10-21,11:40:49
ORD03211,CSTMR0108,02/07/2026,13:49:33
ord03212,cstmr0545,2025-09-24,12:15:40
ORD03213,CSTMR0327,15-08-2024,09:30:47
ord03214,cstmr0462,2023-01-04,16:30:15
ORD03215,CSTMR0904,17-06-2024,12:18:26
ORD03216,CSTMR0959,"Mar 24, 2026",09:51:47
ORD03217,CSTMR0420,04/03/2022,21:50:23
ORD03218,CSTMR0086,2025.10.22,21:43:29
ord03219,CSTMR0624,"Oct 20, 2025",21:13:20
ORD03220,CSTMR0976,16-03-2024,14:47:30
ord03221,cstmr0266,15/02/2025,12:17:56
ORD03222,CSTMR0208,2022.03.19,21:10:34
ORD03223,CSTMR0640,2022.07.10,21:38:08
ord03224,CSTMR0485,09/21/2023,16:27:10
ORD03225,CSTMR0454,07/29/2023,20:00:07
ORD03226,cstmr0056,2024.01.16,12:28:35
ORD03227,cstmr0859,06-11-23,19:11:46
ORD03228,cstmr0987,2026-05-16,14:05:00
ORD03229,CSTMR0961,"Jan 07, 2023",17:43:51
ORD03230,CSTMR0720,10-04-2023,20:10:54
ord03231,cstmr0616,2024.08.23,11:44:49
ORD03232,cstmr0777,06-14-24,12:25:32
ORD03233,CSTMR0846,11/10/2025,13:13:14
ORD03234,CSTMR0937,24-07-2025,20:46:05
ORD03235,CSTMR0347,"Nov 10, 2021",16:56:55
ord03236,cstmr0822,02/04/2024,20:37:01
ord03237,CSTMR0174,21 Feb 2026,17:06:15
ORD03238,CSTMR0378,05-29-25,19:14:06
ord03239,CSTMR0104,28-12-2023,13:30:02
ORD03240,cstmr0620,2023-01-09,11:13:19
ord03241,CSTMR0098,"Apr 27, 2022",13:06:49
ORD03242,cstmr0488,26-04-2022,11:09:00
ORD03243,CSTMR0095,16/11/2021,19:26:49
ORD03244,CSTMR0988,27 Jul 2025,09:45:01
ord03245,CSTMR0317,05-04-26,10:20:04
ORD03246,CSTMR0319,2025-08-25,13:37:48
ORD03247,CSTMR0393,2022.12.23,21:39:34
ORD03248,cstmr0616,11 Nov 2024,12:54:41
ORD03249,CSTMR0545,27 May 2023,17:24:47
ord03250,CSTMR0890,"Aug 24, 2022",20:55:57
ORD03251,CSTMR0052,23 Feb 2025,21:51:45
ord03252,cstmr0538,07/06/2025,09:41:04
ORD03253,CSTMR0648,13/06/2024,09:56:36
ORD03254,cstmr0654,"May 01, 2022",20:14:43
ord03255,cstmr0405,04/05/2022,19:36:40
ORD03256,CSTMR0478,09/05/2023,21:39:03
ord03257,CSTMR0416,29/08/2021,22:34:52
ORD03258,cstmr0660,2024-12-24,22:26:15
ORD03259,CSTMR0645,01/15/2026,13:48:37
ORD03260,CSTMR0174,15-09-2025,15:23:26
ord03261,CSTMR0476,21/09/2024,21:16:33
ord03262,cstmr0083,06-05-2024,21:59:17
ORD03263,cstmr0541,"Jun 11, 2025",12:50:42
ord03264,CSTMR0480,17-12-2023,13:57:45
ord03265,cstmr0536,2024-12-31,12:17:43
ORD03266,CSTMR0676,01 May 2026,13:09:41
ORD03267,CSTMR0362,"Aug 05, 2025",12:03:02
ORD03268,CSTMR0564,23 Jul 2021,13:36:32
ord03269,CSTMR0102,2024.12.23,17:04:56
ORD03270,cstmr0517,07 Dec 2023,19:34:31
ORD03271,CSTMR0183,10-25-23,13:43:09
ORD03272,CSTMR0486,19 Dec 2023,10:16:40
ord03273,CSTMR0304,01-21-23,21:55:07
ord03274,CSTMR0397,2024-06-27,19:18:22
ORD03275,CSTMR0085,27 Sep 2022,20:30:59
ord03276,CSTMR0865,2024.02.14,18:09:15
ORD03277,cstmr0274,"Mar 09, 2025",10:13:10
ord03278,CSTMR0865,11-07-2023,10:53:06
ord03279,CSTMR0222,03-31-23,19:40:20
ORD03280,CSTMR0772,2023.11.02,16:58:15
ORD03281,CSTMR0585,2024.06.29,19:45:23
ord03282,CSTMR0930,"Dec 13, 2023",08:04:40
ORD03283,CSTMR0058,03-08-24,11:45:55
ORD03284,cstmr0378,"Sep 26, 2023",18:08:29
ord03285,CSTMR0467,31/10/2022,21:49:57
ORD03286,cstmr0768,07/10/2025,16:33:43
ord03287,CSTMR0351,13-02-2025,20:21:32
ORD03288,CSTMR0197,"Nov 28, 2022",19:37:01
ORD03289,CSTMR0579,09-04-2025,15:22:49
ord03290,CSTMR0171,07/09/2023,13:03:02
ORD03291,CSTMR0161,04-03-22,22:02:37
ORD03292,CSTMR0763,"Sep 22, 2025",09:48:30
ORD03293,CSTMR0068,"Dec 21, 2022",17:15:29
ord03294,CSTMR0868,"May 02, 2025",14:05:31
ord03295,CSTMR0283,11/07/2022,13:47:50
ORD03296,CSTMR0492,05-11-24,19:00:40
ord03297,CSTMR0687,2022.06.20,08:21:19
ORD03298,CSTMR0837,09-04-25,13:23:30
ORD03299,CSTMR0919,2023.10.27,13:50:17
ORD03300,cstmr0687,03/30/2025,20:02:08
ORD03301,cstmr0517,09/03/2022,20:15:32
ord03302,CSTMR0705,2025.07.20,16:06:27
ord03303,CSTMR0994,14 Apr 2023,20:19:36
ORD03304,CSTMR0509,15/05/2025,15:44:52
ord03305,CSTMR0158,18 Oct 2021,18:54:33
ORD03306,cstmr0056,07-26-24,13:16:08
ord03307,cstmr0686,"Jun 27, 2025",20:33:50
ORD03308,cstmr0424,10/06/2024,18:51:22
ord03309,CSTMR0295,05/20/2024,13:08:45
ORD03310,cstmr0121,04-19-23,12:06:29
ORD03311,cstmr0375,23 Nov 2024,13:24:37
ORD03312,CSTMR0670,2022.03.23,19:05:39
ORD03313,CSTMR0743,"Mar 09, 2024",09:30:16
ORD03314,CSTMR0404,25-12-2024,09:48:04
ORD03315,cstmr0119,2026.04.21,12:26:26
ORD03316,cstmr0359,15 Dec 2025,13:07:45
ord03317,cstmr0308,"Feb 18, 2023",22:50:00
ord03318,CSTMR0797,"Jul 16, 2023",11:24:37
ORD03319,cstmr0778,10/27/2022,09:15:09
ORD03320,CSTMR0239,"Jun 15, 2023",10:04:28
ORD03321,CSTMR0943,02 Jun 2021,13:57:02
ord03322,cstmr0190,2025.06.02,17:11:46
ORD03323,cstmr0688,03/25/2026,21:00:36
ORD03324,CSTMR0132,08 Oct 2023,10:50:22
ORD03325,CSTMR0357,11-14-24,11:37:28
ord03326,cstmr0696,21 Mar 2021,13:08:31
ord03327,CSTMR0688,22-04-2026,13:31:02
ORD03328,CSTMR0798,2026-03-15,12:30:31
ORD03329,cstmr0332,2023-05-22,18:33:57
ORD03330,CSTMR0900,29-01-2023,18:43:37
ORD03331,CSTMR0971,"Apr 10, 2024",22:14:01
ORD03332,cstmr0206,18/03/2025,15:47:09
ORD03333,CSTMR0971,2024-07-29,20:06:42
ORD03334,CSTMR0739,04/01/2025,17:56:15
ORD03335,CSTMR0546,21 Jan 2025,11:02:04
ord03336,CSTMR0527,13-05-2026,17:13:22
ORD03337,CSTMR0523,2023-03-10,22:09:57
ord03338,CSTMR0251,03/18/2026,21:23:45
ORD03339,CSTMR0174,"Apr 30, 2026",21:26:38
ORD03340,CSTMR0246,03-19-25,17:58:52
ord03341,CSTMR0036,09/10/2025,22:23:28
ORD03342,CSTMR0533,02/09/2023,22:08:06
ORD03343,cstmr0813,2025.09.19,21:27:16
ORD03344,CSTMR0292,04/02/2024,21:46:48
ord03345,CSTMR0990,20/02/2024,08:19:36
ORD03346,CSTMR0172,2026.03.25,19:10:48
ORD03347,CSTMR0158,19-09-2023,18:33:24
ORD03348,CSTMR0937,2023.09.30,15:56:09
ORD03349,CSTMR0539,18/04/2022,19:31:26
ORD03350,cstmr0443,10-13-23,16:34:34
ord03351,CSTMR0168,08 Jun 2022,13:31:56
ORD03352,CSTMR0604,05 May 2023,08:54:10
ORD03353,cstmr0826,2022-12-11,20:59:20
ORD03354,cstmr0396,2025.11.03,21:47:17
ORD03355,CSTMR0857,20 Oct 2023,12:25:32
ord03356,cstmr0525,2025-12-13,16:14:25
ORD03357,CSTMR0134,01/05/2026,14:54:45
ORD03358,CSTMR0320,2021-07-09,08:38:42
ORD03359,cstmr0205,2026.03.10,20:51:52
ord03360,CSTMR0211,2023-12-10,12:42:53
ORD03361,CSTMR0302,01-05-2026,21:21:05
ord03362,cstmr0188,04-07-2023,09:31:57
ord03363,cstmr0668,2023.12.10,11:37:53
ORD03364,cstmr0564,2024-02-14,14:57:21
ORD03365,cstmr0066,01/12/2024,08:55:35
ORD03366,CSTMR0521,"Feb 17, 2023",18:34:16
ORD03367,CSTMR0653,25-01-2023,19:55:33
ord03368,CSTMR0278,11-20-23,13:25:50
ORD03369,cstmr0604,01-07-2022,14:53:42
ORD03370,cstmr0107,"Jul 16, 2023",09:38:21
ord03371,CSTMR0160,12 Feb 2023,19:51:13
ORD03372,cstmr0070,23 Jul 2024,22:30:37
ORD03373,cstmr0608,05-24-24,13:11:44
ORD03374,CSTMR0766,02/07/2026,21:50:41
ord03375,cstmr0740,"Dec 08, 2025",13:08:33
ORD03376,CSTMR0979,"Feb 05, 2025",21:09:07
ord03377,cstmr0537,2025.11.05,22:02:54
ORD03378,cstmr0976,2026.01.24,21:28:05
ORD03379,CSTMR0541,21 Sep 2025,09:48:26
ORD03380,cstmr0506,2023-02-27,10:26:57
ORD03381,CSTMR0340,"Aug 08, 2025",11:21:03
ord03382,cstmr0025,04-05-2025,17:34:44
ord03383,CSTMR0541,24/04/2025,09:40:08
ord03384,CSTMR0273,02 Aug 2023,16:40:09
ORD03385,CSTMR0474,2026-05-22,14:34:13
ord03386,CSTMR0469,23 May 2024,21:25:27
ORD03387,CSTMR0826,11-15-25,20:52:19
ORD03388,CSTMR0219,2021.10.26,14:00:15
ord03389,cstmr0216,31 Oct 2021,18:22:43
ORD03390,CSTMR0798,21/11/2025,13:38:48
ord03391,CSTMR0802,05-07-26,13:46:00
ORD03392,CSTMR0717,22/12/2022,11:58:49
ord03393,CSTMR0083,2024-05-17,09:08:32
ORD03394,CSTMR0374,"Jul 12, 2024",08:26:14
ORD03395,cstmr0685,01-05-2025,12:33:04
ORD03396,cstmr0870,19 Dec 2022,20:24:38
ord03397,cstmr0392,2026.02.02,20:41:37
ORD03398,CSTMR0298,04/13/2023,10:50:29
ord03399,CSTMR0135,11/08/2022,20:26:10
ORD03400,CSTMR0273,09/05/2025,21:12:13
ord03401,CSTMR0081,"Apr 07, 2023",22:29:42
ORD03402,CSTMR0700,15 Feb 2024,21:52:59
ORD03403,cstmr0620,03-24-25,13:14:28
ord03404,cstmr0253,21/03/2026,18:14:50
ORD03405,cstmr0831,"Dec 28, 2025",12:41:25
ORD03406,CSTMR0463,2022-09-15,18:04:24
ORD03407,cstmr0563,24/01/2024,21:58:12
ORD03408,CSTMR0108,08/06/2025,10:23:02
ORD03409,CSTMR0162,"Aug 22, 2025",09:52:23
ord03410,cstmr0462,"Nov 26, 2022",13:37:27
ORD03411,CSTMR0588,04-04-2026,08:10:11
ORD03412,CSTMR0894,08-03-2022,12:39:27
ORD03413,cstmr0144,2026-01-23,12:37:45
ord03414,CSTMR0104,04-18-25,19:26:55
ORD03415,CSTMR0436,01-29-23,11:38:26
ord03416,cstmr0100,"May 18, 2021",11:27:35
ORD03417,CSTMR0869,"May 04, 2024",19:47:09
ORD03418,cstmr0026,14/05/2024,18:54:03
ORD03419,cstmr0044,02/18/2023,12:41:03
ORD03420,cstmr0804,15/12/2022,10:31:55
ORD03421,CSTMR0170,19 Jul 2024,19:02:30
ORD03422,CSTMR0455,15/08/2023,15:34:16
ORD03423,CSTMR0115,09 Nov 2024,12:05:52
ORD03424,CSTMR0149,2025.12.04,20:39:07
ord03425,CSTMR0236,25-01-2023,13:44:46
ORD03426,CSTMR0948,"Aug 26, 2022",10:34:35
ORD03427,cstmr0375,12 Jan 2022,19:14:24
ORD03428,CSTMR0889,02-16-26,15:20:50
ord03429,CSTMR0727,2023.03.02,21:53:29
ORD03430,CSTMR0295,2023.06.12,21:44:25
ORD03431,CSTMR0046,14 Feb 2025,17:48:15
ORD03432,cstmr0418,2021-07-17,21:40:47
ORD03433,CSTMR0381,10-29-24,10:02:51
ORD03434,CSTMR0258,2025-06-04,17:15:35
ORD03435,cstmr0801,06-16-23,19:34:14
ORD03436,CSTMR0108,"Mar 19, 2026",17:44:01
ORD03437,CSTMR0288,12/02/2025,18:33:43
ORD03438,cstmr0742,10/31/2021,08:29:16
ord03439,CSTMR0725,02/21/2026,17:31:25
ORD03440,CSTMR0355,10-07-23,13:02:02
ord03441,CSTMR0778,11-27-23,20:19:39
ord03442,CSTMR0082,"May 19, 2024",19:04:17
ORD03443,CSTMR0507,"Mar 24, 2023",12:51:12
ORD03444,CSTMR0800,04/22/2024,15:52:48
ORD03445,cstmr0529,10/11/2022,12:52:29
ord03446,cstmr0427,2025.03.21,12:52:06
ord03447,cstmr0132,2023.06.07,08:20:55
ORD03448,CSTMR0058,01/17/2023,09:41:42
ORD03449,cstmr0336,2025.01.18,20:44:02
ord03450,CSTMR0590,13/05/2026,13:31:17
ORD03451,CSTMR0705,"Aug 16, 2023",20:52:32
ORD03452,cstmr0436,24-05-2023,17:27:19
ORD03453,cstmr1000,06/01/2025,21:36:54
ORD03454,CSTMR0877,01 Jul 2023,10:58:48
ORD03455,CSTMR0417,2023.01.19,13:20:54
ORD03456,CSTMR0519,12/09/2024,19:18:02
ORD03457,CSTMR0837,27-05-2021,18:37:12
ord03458,CSTMR0987,"Nov 07, 2025",12:51:05
ORD03459,CSTMR0297,02-06-21,14:31:18
ord03460,CSTMR0706,2022.11.11,20:00:17
ORD03461,cstmr0772,07-13-21,21:47:37
ord03462,CSTMR0475,02-15-24,14:17:23
ORD03463,CSTMR0652,17 May 2022,22:55:53
ord03464,cstmr0886,"Feb 22, 2025",21:43:47
ord03465,CSTMR0980,27 Dec 2025,16:40:36
ORD03466,CSTMR0133,"Jun 22, 2025",10:51:23
ORD03467,CSTMR0638,2025-01-26,19:56:35
ORD03468,cstmr0846,02-20-25,20:08:29
ORD03469,cstmr0546,2023-12-31,18:32:05
ORD03470,CSTMR0090,"Dec 09, 2022",11:17:50
ord03471,CSTMR0562,"Oct 06, 2022",20:09:53
ORD03472,cstmr0442,2021.07.28,17:40:46
ord03473,cstmr0993,2022.11.03,14:50:55
ORD03474,cstmr0303,22-11-2025,12:49:18
ORD03475,cstmr0363,2021.03.07,11:15:44
ORD03476,CSTMR0800,11-05-2024,13:35:58
ORD03477,CSTMR0745,07 Mar 2023,09:52:15
ORD03478,CSTMR0657,02-28-21,14:03:40
ORD03479,cstmr0978,04-11-26,22:29:25
ord03480,cstmr0767,05/31/2022,08:47:17
ORD03481,CSTMR0330,"Feb 11, 2025",14:24:12
ord03482,cstmr0298,07 May 2022,17:29:37
ORD03483,cstmr0875,25/10/2021,13:01:03
ord03484,CSTMR0424,30/05/2026,19:29:55
ORD03485,CSTMR0323,2023-01-06,21:08:22
ORD03486,CSTMR0473,2024.12.19,21:53:43
ORD03487,CSTMR0998,2026-04-28,16:24:04
ord03488,CSTMR0728,02-25-22,21:30:00
ORD03489,CSTMR0899,01 Dec 2023,16:59:58
ORD03490,CSTMR0095,06-08-2021,10:45:28
ord03491,CSTMR0833,2022.05.02,19:30:36
ord03492,CSTMR0846,03/09/2024,12:12:20
ORD03493,cstmr0866,"May 07, 2025",15:44:48
ORD03494,CSTMR0498,08-11-2024,14:05:14
ord03495,CSTMR0541,"Feb 14, 2021",14:54:19
ORD03496,cstmr0426,06-11-23,11:29:39
ord03497,CSTMR0692,05-12-23,20:23:03
ORD03498,CSTMR0092,02/15/2026,18:37:58
ORD03499,CSTMR0939,2023-08-18,19:34:51
ORD03500,CSTMR0620,2023-05-16,13:04:53
ORD03501,CSTMR0392,06/05/2023,21:04:20
ORD03502,CSTMR0782,11/25/2024,21:17:01
ord03503,CSTMR0787,"Nov 25, 2023",21:46:34
ORD03504,CSTMR0797,2024.05.31,16:40:25
ord03505,CSTMR0253,10-04-24,14:18:26
ORD03506,CSTMR0396,09-16-25,21:24:58
ORD03507,cstmr0533,27-06-2025,14:42:45
ORD03508,CSTMR0115,2022.08.03,14:47:54
ORD03509,CSTMR0685,2022.07.05,15:26:51
ORD03510,cstmr0944,29-03-2023,12:58:37
ord03511,cstmr0292,02/07/2026,12:49:42
ORD03512,CSTMR0425,2023.10.03,22:34:10
ORD03513,CSTMR0922,02-28-24,20:19:39
ord03514,cstmr0741,15/08/2022,18:59:52
ORD03515,cstmr0790,11/11/2022,20:52:27
ord03516,CSTMR0209,"Apr 02, 2023",12:05:03
ord03517,CSTMR0820,"Dec 25, 2021",16:39:29
ord03518,cstmr0749,02-11-24,21:56:47
ORD03519,CSTMR0924,"Aug 31, 2023",13:34:09
ORD03520,CSTMR0055,08 Sep 2024,15:10:09
ORD03521,cstmr0854,2022.12.10,16:51:22
ORD03522,cstmr0652,02/10/2023,13:24:39
ORD03523,CSTMR0719,02-09-2023,16:20:57
ord03524,cstmr0917,"Feb 24, 2022",12:19:25
ORD03525,CSTMR0227,2023.02.28,20:30:53
ORD03526,CSTMR0149,05-25-24,20:52:32
ord03527,CSTMR0656,2024.03.04,15:37:40
ORD03528,CSTMR0055,07/31/2025,15:08:06
ORD03529,CSTMR0875,01 Jan 2026,10:17:08
ORD03530,CSTMR0880,"Sep 26, 2023",20:33:50
ORD03531,CSTMR0684,"Sep 22, 2024",12:47:15
ORD03532,CSTMR0443,10-04-22,19:09:56
ORD03533,CSTMR0685,09-02-2025,19:37:21
ORD03534,CSTMR0218,"Oct 26, 2025",16:48:47
ORD03535,cstmr0112,25/05/2021,19:57:25
ORD03536,cstmr0761,10-05-2023,13:11:19
ORD03537,cstmr0150,20/09/2025,17:45:54
ord03538,CSTMR0237,"Mar 15, 2023",16:23:38
ord03539,cstmr0967,"Jul 17, 2022",14:11:04
ord03540,CSTMR0744,"Feb 05, 2026",11:14:48
ORD03541,CSTMR0256,2026-03-18,20:44:57
ord03542,CSTMR0609,"May 10, 2024",19:55:32
ORD03543,cstmr0428,07-18-25,09:22:41
ORD03544,CSTMR0475,2025.04.02,09:38:13
ORD03545,CSTMR0009,07-31-25,21:31:53
ORD03546,CSTMR0130,"Jun 17, 2023",20:57:01
ORD03547,CSTMR0918,09/28/2024,13:51:41
ORD03548,cstmr0124,07 Feb 2022,11:28:18
ord03549,CSTMR0805,08 Jul 2022,20:00:32
ORD03550,cstmr0651,2022-06-16,19:40:20
ord03551,CSTMR0037,15/12/2024,18:42:02
ORD03552,CSTMR0572,2025.03.09,09:10:16
ORD03553,CSTMR0410,12/08/2022,15:52:20
ORD03554,CSTMR0065,10-02-2025,14:17:07
ORD03555,cstmr0212,26 Nov 2022,12:56:54
ord03556,CSTMR0656,09/04/2023,12:25:21
ORD03557,CSTMR0528,20-01-2025,16:45:15
ORD03558,cstmr0213,13-08-2023,16:03:15
ORD03559,cstmr0727,2022.09.02,18:44:19
ORD03560,CSTMR0999,12-17-25,19:20:49
ord03561,cstmr0859,2026-04-07,13:25:27
ord03562,cstmr0823,2025.08.20,22:57:15
ord03563,cstmr0797,2023-07-25,12:56:42
ORD03564,CSTMR0073,11-06-25,15:06:14
ORD03565,CSTMR0305,07/16/2022,20:34:05
ORD03566,CSTMR0905,2023.09.12,08:25:31
ord03567,CSTMR0308,26 Jul 2024,18:32:23
ORD03568,CSTMR0934,01-27-25,21:08:57
ord03569,CSTMR0322,11/30/2022,20:27:51
ORD03570,CSTMR0860,2026.01.31,08:07:47
ORD03571,CSTMR0895,02-15-24,11:14:53
ORD03572,CSTMR0604,04-06-23,12:02:26
ORD03573,CSTMR0715,09-03-2023,11:01:02
ORD03574,cstmr0134,2026.03.13,20:55:38
ORD03575,CSTMR0434,01/21/2022,19:50:45
ord03576,CSTMR0948,"Aug 17, 2025",20:18:39
ORD03577,CSTMR0205,"Jul 30, 2024",10:41:48
ORD03578,cstmr0805,"Dec 05, 2025",10:32:05
ORD03579,CSTMR0749,2024-08-01,19:59:16
ORD03580,CSTMR0707,31-03-2023,16:41:56
ORD03581,CSTMR0479,05-21-25,10:35:21
ORD03582,CSTMR0080,2021.01.16,20:20:33
ORD03583,CSTMR0416,"Feb 04, 2024",20:53:12
ord03584,cstmr0854,03 Jun 2021,19:56:02
ORD03585,CSTMR0084,2024-11-24,18:54:08
ord03586,cstmr0015,05/17/2026,21:52:15
ord03587,CSTMR0067,08-31-25,09:19:23
ORD03588,CSTMR0420,2022-06-05,12:54:33
ORD03589,CSTMR0584,05-11-2024,19:28:01
ord03590,CSTMR0699,21 Nov 2024,20:20:25
ORD03591,CSTMR0164,09/14/2021,12:56:52
ord03592,cstmr0936,2022-01-04,14:00:25
ord03593,CSTMR0718,09/19/2021,14:43:06
ord03594,CSTMR0281,04-08-24,18:42:37
ORD03595,cstmr0048,"Mar 08, 2022",17:08:14
ORD03596,cstmr0169,2022-08-09,21:18:20
ORD03597,CSTMR0832,2024-05-11,17:19:20
ORD03598,CSTMR0798,04/28/2023,21:28:09
ORD03599,cstmr0116,08-20-24,11:30:38
ord03600,CSTMR0698,2025-08-18,21:08:06
ord03601,CSTMR0754,23 Mar 2025,13:39:16
ord03602,CSTMR0377,04-03-23,21:55:08
ord03603,CSTMR0135,2026.05.20,15:30:19
ORD03604,CSTMR0978,2023-11-09,13:09:37
ord03605,cstmr0649,09-06-23,10:04:51
ORD03606,cstmr0732,01 Dec 2025,21:50:44
ORD03607,CSTMR0409,30/11/2025,19:38:24
ord03608,cstmr0752,"Oct 16, 2022",21:00:13
ORD03609,CSTMR0589,"Feb 27, 2025",21:01:33
ORD03610,CSTMR0253,06/14/2024,12:59:16
ORD03611,CSTMR0344,27 Aug 2023,22:32:07
ORD03612,CSTMR0440,14/04/2026,10:58:19
ORD03613,CSTMR0023,04/25/2023,13:29:34
ord03614,CSTMR0873,"Nov 24, 2021",12:53:29
ORD03615,CSTMR0481,21-03-2021,13:22:28
ORD03616,CSTMR0982,14 Mar 2026,22:06:55
ORD03617,CSTMR0963,10-14-21,20:14:49
ord03618,CSTMR0590,28 Apr 2025,13:12:08
ord03619,cstmr0753,12-08-2021,21:20:13
ORD03620,cstmr0222,"Mar 30, 2025",19:47:10
ORD03621,CSTMR0511,12-07-2025,09:18:08
ORD03622,CSTMR0403,20 Jun 2025,13:49:01
ORD03623,cstmr0543,05-25-23,17:46:53
ORD03624,CSTMR0829,07-07-2023,16:14:18
ORD03625,cstmr0338,"Jul 24, 2021",20:43:25
ORD03626,CSTMR0539,"May 05, 2026",18:58:10
ord03627,CSTMR0022,09 Feb 2022,12:53:49
ORD03628,CSTMR0587,2025-06-06,13:12:23
ORD03629,cstmr0647,05-08-26,21:04:42
ORD03630,CSTMR0117,2021-01-29,21:00:59
ORD03631,CSTMR0181,05-06-24,20:02:16
ORD03632,CSTMR0914,10/05/2024,13:46:16
ORD03633,CSTMR0487,16/03/2021,22:26:50
ORD03634,CSTMR0979,06-05-2024,20:47:02
ord03635,cstmr0906,2025.10.21,15:56:50
ORD03636,CSTMR0903,12/27/2024,09:26:49
ORD03637,cstmr0705,30-05-2024,19:09:50
ord03638,CSTMR0863,01-08-2021,12:11:07
ord03639,CSTMR0671,"Aug 04, 2021",21:10:22
ord03640,CSTMR0159,01/21/2026,21:15:24
ORD03641,CSTMR0175,26-10-2024,09:41:43
ORD03642,cstmr0269,2025-11-23,18:58:45
ORD03643,CSTMR0753,02/21/2023,19:12:10
ord03644,CSTMR0830,2024.12.26,19:13:32
ord03645,CSTMR0122,23-06-2025,16:03:32
ORD03646,CSTMR0988,2024-01-17,15:12:28
ord03647,CSTMR0221,03-26-23,18:49:30
ORD03648,cstmr0654,2025.11.30,12:39:49
ORD03649,CSTMR0511,07/03/2022,18:58:32
ORD03650,cstmr0759,01-01-23,19:18:14
ORD03651,cstmr0521,2025.01.30,12:43:09
ORD03652,CSTMR0225,25-04-2026,16:46:43
ORD03653,cstmr0620,08 Sep 2025,21:49:36
ord03654,cstmr0039,25 Apr 2021,09:11:04
ORD03655,CSTMR0561,21-01-2023,15:11:21
ORD03656,CSTMR0150,"Dec 07, 2023",21:40:30
ORD03657,CSTMR0727,10-21-25,21:18:57
ord03658,cstmr0481,31 Mar 2024,12:18:12
ORD03659,CSTMR0492,01-10-26,13:58:32
ord03660,CSTMR0545,06/18/2023,11:06:08
ORD03661,cstmr0945,2022.10.12,11:44:34
ord03662,cstmr0324,2023-10-08,20:27:41
ORD03663,CSTMR0331,19-07-2025,19:44:31
ORD03664,CSTMR0355,2023-02-22,21:15:37
ORD03665,cstmr0857,2024-01-22,13:53:30
ORD03666,CSTMR0841,05-19-23,20:13:16
ord03667,CSTMR0686,09-12-2025,19:17:53
ORD03668,CSTMR0061,"Oct 22, 2025",13:44:28
ord03669,cstmr0573,09 Apr 2026,13:55:56
ORD03670,CSTMR0320,"Mar 08, 2022",11:31:58
ord03671,cstmr0580,04/02/2023,11:34:37
ORD03672,CSTMR0488,22 Mar 2026,13:07:54
ORD03673,CSTMR0383,2022-04-21,17:44:53
ord03674,cstmr0253,28/11/2021,12:25:05
ord03675,CSTMR0473,"Oct 28, 2024",20:49:58
ORD03676,CSTMR0128,06/03/2025,09:04:19
ORD03677,CSTMR0318,15 May 2026,18:01:42
ORD03678,CSTMR0975,20-10-2025,14:50:36
ORD03679,cstmr0037,04-05-25,10:31:24
ord03680,CSTMR0373,2022.01.05,17:50:58
ord03681,cstmr0938,07/17/2024,21:21:49
ORD03682,CSTMR0046,14/09/2025,10:51:21
ORD03683,CSTMR0860,20 Jan 2022,21:40:40
ord03684,CSTMR0638,14 May 2023,12:05:41
ORD03685,cstmr0773,01/31/2023,19:07:43
ORD03686,cstmr0859,12/11/2024,19:21:00
ord03687,cstmr0718,07/02/2025,17:10:12
ORD03688,CSTMR0271,29/10/2025,15:56:20
ORD03689,CSTMR0537,07-10-2023,12:39:58
ord03690,cstmr0911,08/01/2025,19:55:43
ORD03691,CSTMR0202,03/16/2024,22:56:33
ORD03692,CSTMR0668,2022.09.27,11:37:36
ord03693,CSTMR0802,04/07/2024,11:50:58
ord03694,CSTMR0930,"Aug 21, 2022",12:00:04
ORD03695,CSTMR0956,31/12/2025,09:56:19
ord03696,cstmr0017,12 Nov 2021,18:46:57
ORD03697,CSTMR0228,12/09/2022,11:07:10
ORD03698,CSTMR0322,03/10/2024,14:55:54
ORD03699,cstmr0666,03-24-24,18:49:54
ORD03700,CSTMR0682,11/06/2023,20:20:12
ord03701,cstmr0560,"Jul 04, 2025",12:25:11
ORD03702,CSTMR0308,2025.08.03,13:04:57
ORD03703,CSTMR0305,04 Feb 2024,12:18:28
ORD03704,CSTMR0993,"Mar 07, 2026",15:50:06
ORD03705,CSTMR0410,08-03-25,22:51:36
ORD03706,cstmr0232,2023.12.03,17:01:29
ord03707,cstmr0014,2025.01.17,21:05:14
ORD03708,CSTMR0486,24 May 2025,17:35:41
ORD03709,CSTMR0093,"May 22, 2024",19:58:17
ord03710,CSTMR0350,11-09-2022,12:32:45
ORD03711,CSTMR0996,06/07/2025,14:10:16
ORD03712,CSTMR0926,"Jan 22, 2024",15:11:07
ord03713,CSTMR0691,"Jan 02, 2022",17:24:56
ORD03714,cstmr0576,2022.06.03,18:15:45
ORD03715,CSTMR0186,2025.09.28,11:59:55
ORD03716,cstmr0174,09/19/2022,21:24:39
ORD03717,cstmr0798,05/01/2022,09:31:06
ORD03718,cstmr0996,06/25/2024,18:11:52
ORD03719,cstmr0503,"Sep 26, 2025",16:34:04
ord03720,cstmr0403,05/25/2022,10:56:36
ORD03721,CSTMR0678,22-04-2024,13:37:09
ord03722,CSTMR0785,26 Mar 2025,19:19:01
ord03723,CSTMR0461,06-18-23,13:58:09
ORD03724,CSTMR0035,21-04-2024,21:27:04
ORD03725,CSTMR0180,2025-01-01,16:11:00
ORD03726,CSTMR0425,"Oct 07, 2022",19:46:46
ORD03727,CSTMR0786,21/04/2025,21:12:04
ord03728,CSTMR0637,2022-03-16,13:08:59
ord03729,cstmr0852,24-02-2022,13:09:25
ORD03730,CSTMR0593,09/25/2023,11:10:37
ORD03731,CSTMR0367,28-03-2025,21:17:10
ORD03732,cstmr0636,04-30-25,16:19:26
ORD03733,CSTMR0921,12 Aug 2024,17:48:31
ord03734,cstmr0693,2024.03.24,16:27:10
ord03735,cstmr0421,05/20/2023,13:05:47
ORD03736,CSTMR0525,2022.03.18,13:21:06
ORD03737,CSTMR0093,07-29-23,17:38:18
ORD03738,cstmr0881,04/10/2022,12:27:54
ORD03739,cstmr0526,2021.09.10,12:33:42
ORD03740,CSTMR0894,21 Oct 2024,13:40:11
ord03741,CSTMR0493,03/10/2023,19:37:16
ord03742,cstmr0125,30/11/2025,11:37:08
ORD03743,CSTMR0811,2024-09-20,21:28:14
ord03744,CSTMR0341,08/09/2023,21:01:51
ord03745,cstmr0969,2026.04.27,14:08:08
ORD03746,cstmr0722,20-02-2026,19:03:39
ORD03747,CSTMR0522,04-07-2023,21:34:00
ORD03748,CSTMR0606,09-10-2022,15:00:01
ORD03749,cstmr0822,"Jun 23, 2024",19:20:24
ORD03750,CSTMR0088,2025.08.23,20:35:44
ORD03751,CSTMR0884,2023-06-04,16:51:07
ORD03752,CSTMR0306,04/14/2025,13:13:13
ord03753,cstmr0804,03/20/2023,20:44:03
ord03754,cstmr0491,27/07/2025,09:10:21
ORD03755,CSTMR0008,10-01-25,08:29:21
ord03756,CSTMR0365,14/04/2022,13:57:06
ord03757,CSTMR0948,05-03-2022,21:52:09
ORD03758,cstmr0359,11 Mar 2024,15:20:57
ORD03759,cstmr0904,2025-12-21,10:43:10
ord03760,cstmr0247,28-06-2023,22:00:35
ord03761,CSTMR0850,2025-02-12,19:35:03
ORD03762,CSTMR0480,06-06-23,19:44:37
ORD03763,CSTMR0633,06 Jul 2023,20:29:54
ORD03764,CSTMR0466,2025.04.21,13:47:37
ORD03765,CSTMR0492,01-18-22,12:27:21
ORD03766,cstmr0765,04-04-23,10:29:20
ORD03767,CSTMR0899,2024-02-25,14:48:41
ORD03768,CSTMR0545,2026-01-13,12:53:45
ORD03769,CSTMR0710,31 Oct 2025,09:49:37
ord03770,CSTMR0698,04-08-25,08:50:13
ORD03771,CSTMR0279,19 Jan 2024,20:13:45
ord03772,CSTMR0211,04/11/2026,16:45:28
ORD03773,CSTMR0206,30-10-2023,10:23:25
ord03774,cstmr0606,10-08-23,13:38:12
ORD03775,cstmr0163,12 Jan 2024,11:29:39
ord03776,CSTMR0504,12/05/2023,21:42:44
ORD03777,CSTMR0236,"Dec 18, 2022",21:16:17
ORD03778,CSTMR0502,2021-08-04,12:32:31
ORD03779,CSTMR0683,06-15-23,18:09:17
ORD03780,CSTMR0318,11 Sep 2025,21:44:53
ord03781,cstmr0382,07-19-24,19:52:20
ORD03782,cstmr0212,03/05/2023,16:49:42
ORD03783,CSTMR0862,25 Nov 2024,16:25:17
ORD03784,cstmr0930,21/04/2024,10:54:19
ORD03785,cstmr0444,12/01/2023,18:03:41
ORD03786,CSTMR0624,04-12-25,09:01:23
ORD03787,cstmr0994,30/04/2026,20:36:44
ORD03788,CSTMR0660,2022-06-07,16:34:20
ord03789,CSTMR0118,2025.05.14,13:23:25
ORD03790,cstmr0835,18 Mar 2023,19:04:17
ORD03791,cstmr0038,2025-08-01,12:43:58
ord03792,CSTMR0940,2021.09.11,12:26:56
ord03793,cstmr0842,07/18/2024,12:16:58
ord03794,cstmr0957,19 Jan 2023,13:16:49
ord03795,CSTMR0208,01-03-2025,12:56:56
ORD03796,CSTMR0220,2022-07-09,16:17:25
ORD03797,CSTMR0036,16-12-2025,17:43:43
ORD03798,CSTMR0722,23/06/2025,09:43:08
ORD03799,cstmr0414,14 Feb 2022,18:28:36
ORD03800,CSTMR0848,2023.11.03,15:46:51
ORD03801,CSTMR0155,"Feb 17, 2023",13:27:19
ord03802,CSTMR0059,14 Sep 2025,20:58:59
ORD03803,CSTMR0031,2023.06.06,12:08:29
ord03804,CSTMR0003,08 May 2026,15:30:11
ord03805,CSTMR0055,02-24-24,12:06:40
ord03806,CSTMR0589,2024.11.18,09:52:01
ORD03807,cstmr0033,09/25/2022,20:25:51
ORD03808,cstmr0071,03/02/2025,12:29:46
ord03809,cstmr0984,12 Mar 2024,20:31:30
ORD03810,CSTMR0142,2023-09-21,20:34:24
ORD03811,CSTMR0063,"Sep 10, 2025",08:24:03
ORD03812,cstmr0682,14-04-2026,12:34:49
ord03813,CSTMR0558,2024-02-21,13:50:01
ORD03814,CSTMR0553,22 Sep 2021,21:12:49
ord03815,CSTMR0295,2022.03.30,21:19:41
ORD03816,CSTMR0416,2025-08-27,19:57:19
ORD03817,cstmr0188,05-25-23,09:51:36
ord03818,CSTMR0723,2024-04-07,19:03:31
ORD03819,cstmr0657,30-09-2022,11:22:49
ord03820,CSTMR0156,2026.04.26,12:27:46
ORD03821,cstmr0118,15/03/2024,13:42:29
ORD03822,cstmr0570,"Mar 24, 2023",19:49:32
ORD03823,CSTMR0577,10/12/2024,18:09:02
ORD03824,cstmr0389,07-31-25,20:24:38
ORD03825,CSTMR0434,2021-07-30,22:14:42
ORD03826,CSTMR0152,04/21/2023,08:57:55
ORD03827,CSTMR0079,10/22/2023,08:59:39
ORD03828,CSTMR0079,"Sep 30, 2022",17:25:55
ORD03829,cstmr0709,09/03/2023,13:57:39
ORD03830,CSTMR0285,28-05-2022,08:42:16
ORD03831,CSTMR0589,19 Oct 2024,21:30:29
ORD03832,cstmr0635,10/05/2023,20:32:46
ORD03833,CSTMR0232,26 May 2023,22:39:29
ORD03834,CSTMR0302,11-19-22,18:39:59
ORD03835,CSTMR0635,2026-03-15,11:22:04
ORD03836,CSTMR0710,08-29-21,19:40:07
ORD03837,CSTMR0508,2022.10.23,12:42:12
ORD03838,CSTMR0446,05/12/2025,12:15:58
ord03839,CSTMR0888,01/03/2023,10:31:15
ORD03840,CSTMR0752,"Sep 07, 2025",17:29:01
ORD03841,cstmr0473,08-09-2022,09:57:20
ORD03842,cstmr0155,06/02/2023,10:30:43
ORD03843,CSTMR0987,28-09-2025,13:02:45
ord03844,CSTMR0240,18 Jul 2024,14:15:17
ORD03845,cstmr0941,05/12/2024,21:35:35
ORD03846,CSTMR0010,"Jun 27, 2024",12:25:52
ORD03847,CSTMR0231,02/08/2025,22:34:46
ORD03848,CSTMR0573,01 Nov 2025,13:23:57
ORD03849,CSTMR0448,2024-09-17,08:31:45
ORD03850,CSTMR0111,17/11/2023,13:02:58
ord03851,cstmr0512,11/11/2023,20:33:09
ORD03852,cstmr0257,10/30/2022,09:44:11
ORD03853,CSTMR0539,29 Mar 2024,22:59:18
ORD03854,CSTMR0235,2021-01-30,19:53:26
ORD03855,cstmr0797,03-31-24,12:01:53
ord03856,CSTMR0009,"Mar 10, 2024",16:03:37
ORD03857,CSTMR0770,2023.09.15,21:15:31
ord03858,CSTMR0163,2024-11-29,11:25:10
ORD03859,CSTMR0846,22/12/2023,11:49:17
ORD03860,CSTMR0797,26-05-2025,19:15:25
ord03861,CSTMR0165,21-10-2022,12:01:40
ORD03862,CSTMR0363,"Dec 09, 2025",22:55:04
ord03863,CSTMR0148,06-12-2024,08:26:19
ORD03864,cstmr0832,2023.04.21,10:05:45
ORD03865,CSTMR0224,18-12-2021,10:04:25
ORD03866,cstmr0985,01/21/2026,09:22:15
ORD03867,cstmr0980,2021-06-18,20:52:14
ORD03868,CSTMR0417,29 May 2024,13:00:39
ord03869,cstmr0835,"Aug 02, 2023",12:56:31
ORD03870,cstmr0620,09-12-24,21:44:46
ORD03871,cstmr0156,01-11-2024,18:44:09
ORD03872,cstmr0294,"Nov 09, 2022",08:45:14
ord03873,CSTMR0420,09/03/2024,12:57:24
ORD03874,CSTMR0562,06-08-24,20:04:28
ord03875,CSTMR0970,2022.04.08,15:23:24
ord03876,CSTMR0866,"Nov 17, 2025",13:24:47
ord03877,CSTMR0089,2023.11.20,20:06:18
ORD03878,cstmr0855,05 Jan 2026,09:41:46
ORD03879,cstmr0688,19-10-2023,10:27:31
ord03880,CSTMR0118,"Feb 17, 2026",13:20:09
ord03881,CSTMR0630,02/28/2024,12:46:02
ORD03882,CSTMR0472,2025-08-17,19:05:20
ORD03883,cstmr0431,28/02/2026,09:10:22
ORD03884,CSTMR0084,01/03/2024,15:50:26
ORD03885,cstmr0865,2024.07.29,20:03:20
ORD03886,CSTMR0553,2024-04-21,13:55:41
ORD03887,cstmr0387,10/02/2022,21:22:41
ORD03888,CSTMR0895,29/12/2023,13:59:48
ORD03889,CSTMR0770,08-05-2025,08:36:07
ORD03890,CSTMR0860,19-11-2024,17:21:14
ord03891,CSTMR0038,12/09/2023,17:20:52
ORD03892,cstmr0498,"Jan 17, 2023",08:51:08
ORD03893,CSTMR0159,"Aug 13, 2023",12:50:34
ORD03894,cstmr0162,03-06-26,21:11:21
ORD03895,cstmr0947,2023-07-26,09:00:47
ord03896,CSTMR0722,18-12-2021,21:02:28
ORD03897,CSTMR0174,"Nov 24, 2023",16:04:47
ORD03898,CSTMR0064,03-15-25,19:04:54
ord03899,cstmr0923,01/23/2026,17:02:44
ord03900,CSTMR0062,04-24-22,19:01:54
ORD03901,CSTMR0011,06-20-25,19:21:30
ORD03902,CSTMR0150,11/05/2023,16:14:35
ORD03903,cstmr0717,03-11-26,20:38:27
ORD03904,CSTMR0092,2023-06-18,20:05:08
ORD03905,CSTMR0162,27-01-2023,13:13:02
ord03906,cstmr0199,2026-05-12,21:50:06
ORD03907,CSTMR0147,"Dec 18, 2025",20:33:54
ORD03908,CSTMR0684,21 Nov 2023,19:11:31
ORD03909,CSTMR0629,02-20-23,20:41:13
ord03910,CSTMR0338,2026-03-08,21:44:21
ORD03911,cstmr0373,2022.08.14,18:32:45
ord03912,cstmr0451,07/21/2024,19:52:34
ord03913,CSTMR0700,14/05/2025,12:27:05
ORD03914,CSTMR0870,2021.12.23,11:30:04
ORD03915,cstmr0917,07 Apr 2023,19:31:18
ord03916,CSTMR0182,2026-03-01,09:07:14
ord03917,CSTMR0797,"Dec 03, 2023",20:39:58
ORD03918,CSTMR0039,03/29/2023,19:01:17
ORD03919,CSTMR0166,27 May 2026,19:15:10
ORD03920,cstmr0296,2023.02.05,09:14:17
ORD03921,CSTMR0796,30-04-2025,08:25:14
ORD03922,cstmr0882,"Oct 29, 2021",17:30:13
ORD03923,CSTMR0102,19-07-2023,21:14:23
ord03924,CSTMR0619,10-12-2023,10:31:09
ORD03925,cstmr0898,02-27-22,12:01:59
ORD03926,CSTMR0733,02 Dec 2023,19:03:53
ORD03927,cstmr0809,2024.07.06,20:33:35
ORD03928,cstmr0512,07/06/2021,20:46:16
ORD03929,CSTMR0064,06-19-21,12:06:19
ORD03930,cstmr0830,21 Jul 2023,10:53:29
ord03931,CSTMR0599,09-27-24,10:07:51
ORD03932,CSTMR0534,03-30-25,12:28:49
ORD03933,CSTMR0421,26 Mar 2025,20:42:02
ord03934,CSTMR0709,2022-11-02,22:58:53
ord03935,cstmr0909,2022-05-13,12:20:12
ord03936,cstmr0525,10 Feb 2021,21:02:16
ord03937,CSTMR0194,2026.03.21,12:23:25
ord03938,CSTMR0704,13-12-2021,22:44:19
ord03939,cstmr0618,2021.05.28,11:11:34
ORD03940,CSTMR0987,"Oct 27, 2024",15:11:07
ORD03941,cstmr0233,09-28-25,15:15:39
ORD03942,CSTMR0067,02-06-2023,21:34:45
ORD03943,CSTMR0961,10/04/2025,15:10:35
ord03944,CSTMR0567,01-10-24,18:38:22
ord03945,cstmr0007,20-03-2022,19:19:10
ORD03946,CSTMR0712,2022-12-28,17:06:18
ORD03947,CSTMR0220,21-05-2025,10:54:38
ORD03948,CSTMR0076,03-10-2025,19:24:17
ORD03949,cstmr0542,22/09/2022,14:05:03
ORD03950,CSTMR0703,2025.01.18,11:41:10
ORD03951,CSTMR0414,14 Mar 2023,14:19:54
ord03952,cstmr0120,07-31-24,22:52:57
ORD03953,cstmr0187,"Nov 07, 2025",22:43:59
ORD03954,CSTMR0327,11-14-24,22:55:41
ord03955,cstmr0375,2024.03.02,10:23:33
ORD03956,cstmr0280,"Mar 24, 2023",21:27:02
ORD03957,CSTMR0933,05/19/2024,19:45:11
ORD03958,CSTMR0855,2026-04-08,22:04:15
ORD03959,cstmr0026,2023.04.16,22:40:34
ORD03960,cstmr0467,2025.04.06,17:33:36
ORD03961,cstmr0711,2024-07-22,22:41:16
ord03962,cstmr0173,2023.09.20,13:23:54
ord03963,CSTMR0702,07-20-21,21:16:42
ORD03964,CSTMR0801,25-08-2025,19:56:40
ord03965,CSTMR0820,07/21/2024,08:07:40
ORD03966,cstmr0938,02/15/2023,13:47:19
ord03967,CSTMR0709,"Jul 11, 2021",13:12:41
ORD03968,CSTMR0033,23 Aug 2024,16:41:46
ORD03969,cstmr0221,2026-05-22,16:03:41
ord03970,cstmr0401,"Sep 15, 2023",09:24:34
ORD03971,cstmr0358,2023.03.23,12:51:17
ord03972,cstmr0011,12/01/2025,12:16:50
ORD03973,CSTMR0556,08-13-23,12:21:02
ord03974,CSTMR0852,2025-08-04,19:57:38
ord03975,CSTMR0604,02-19-24,21:12:26
ORD03976,CSTMR0380,"Jan 30, 2026",12:47:44
ord03977,cstmr0799,2026.04.08,19:14:49
ORD03978,CSTMR0571,08-16-25,13:48:04
ORD03979,CSTMR0270,27 Jul 2024,08:11:46
ORD03980,cstmr0240,05/08/2022,20:21:04
ord03981,CSTMR0251,01/30/2024,19:20:08
ORD03982,cstmr0431,01/14/2023,09:06:40
ORD03983,CSTMR0193,2026-05-29,20:18:03
ord03984,CSTMR0314,01-02-26,15:11:37
ORD03985,CSTMR0226,03-23-26,18:10:21
ORD03986,CSTMR0301,21 Jan 2024,16:47:28
ord03987,CSTMR0722,2025.04.27,14:26:47
ORD03988,CSTMR0860,05-03-25,08:46:14
ord03989,CSTMR0815,"Jan 27, 2024",08:26:14
ord03990,CSTMR0524,2024.02.27,12:14:02
ORD03991,cstmr0142,"Jan 06, 2022",15:15:05
ord03992,CSTMR0242,02 Sep 2025,18:30:47
ord03993,CSTMR0524,"Nov 11, 2021",20:27:54
ord03994,CSTMR0321,09-12-25,19:30:17
ORD03995,cstmr0581,22/03/2022,19:32:25
ord03996,CSTMR0064,06-01-25,14:33:32
ord03997,CSTMR0858,24/10/2024,15:39:47
ORD03998,CSTMR0639,13/06/2023,11:07:59
ORD03999,CSTMR0106,27 Jun 2025,20:48:40
ORD04000,CSTMR0481,22-05-2026,18:11:38
ORD04001,CSTMR0645,2023.05.25,19:20:20
ORD04002,CSTMR0322,"Aug 07, 2023",21:11:50
ord04003,CSTMR0151,2022.10.03,21:22:42
ORD04004,CSTMR0672,2023-06-14,20:21:14
ORD04005,CSTMR0244,10-02-2024,14:45:33
ORD04006,CSTMR0141,2023-11-09,21:36:50
ord04007,CSTMR0920,2026.05.05,12:20:15
ORD04008,CSTMR0331,13 Feb 2023,15:56:33
ord04009,CSTMR0003,"Apr 16, 2025",13:07:24
ord04010,CSTMR0229,27 Sep 2024,12:54:51
ord04011,CSTMR0589,2025-12-05,16:40:45
ord04012,cstmr0136,10 Apr 2023,14:53:42
ORD04013,cstmr0798,26 Jul 2025,18:38:46
ord04014,CSTMR0455,26/12/2025,22:33:43
ord04015,CSTMR0730,29 May 2023,22:26:12
ORD04016,cstmr0803,11/15/2025,16:13:05
ORD04017,CSTMR0576,05-04-2026,22:30:04
ORD04018,CSTMR0377,16/10/2025,16:28:56
ORD04019,CSTMR0184,26 Dec 2024,12:35:15
ORD04020,CSTMR0090,01-29-21,13:34:11
ORD04021,CSTMR0502,2026-01-09,13:19:43
ord04022,cstmr0790,02-13-23,22:54:45
ORD04023,CSTMR0420,11-14-25,20:22:22
ord04024,cstmr0593,05-24-24,22:29:19
ORD04025,cstmr0302,04-05-22,13:02:34
ORD04026,CSTMR0245,"Oct 28, 2025",12:03:00
ORD04027,CSTMR0050,01-11-25,13:51:54
ord04028,CSTMR0037,2023-09-08,16:18:03
ORD04029,cstmr0229,26-08-2025,20:59:37
ord04030,cstmr0226,19 Jun 2021,13:00:19
ord04031,CSTMR0107,05/09/2023,13:04:09
ord04032,CSTMR0250,20 Mar 2022,18:46:07
ORD04033,CSTMR0402,20-11-2022,18:12:46
ORD04034,cstmr0693,08-30-25,17:58:31
ORD04035,CSTMR0380,08-14-22,19:43:08
ORD04036,CSTMR0714,23/01/2026,19:53:09
ord04037,CSTMR0357,04-15-26,22:40:37
ORD04038,cstmr0312,04/21/2024,21:18:02
ORD04039,CSTMR0037,05/21/2022,12:00:24
ord04040,cstmr0577,2022-09-29,12:10:32
ord04041,CSTMR0205,06-08-25,17:57:32
ord04042,cstmr0402,08-06-2023,18:30:35
ord04043,cstmr0558,"Oct 22, 2022",16:04:03
ORD04044,cstmr0318,05/23/2025,12:44:40
ORD04045,CSTMR0907,31/03/2024,22:02:29
ORD04046,CSTMR0448,25 Jul 2023,20:59:54
ord04047,CSTMR0129,03/11/2024,13:31:48
ORD04048,cstmr0775,21/07/2023,15:59:40
ORD04049,cstmr0466,2024-12-29,18:29:05
ORD04050,cstmr0097,24 Apr 2023,09:23:23
ord04051,CSTMR0939,10/04/2022,09:48:31
ORD04052,cstmr0980,2023.05.02,10:16:17
ORD04053,CSTMR0345,06-03-2022,16:17:13
ORD04054,CSTMR0998,26/05/2023,12:42:56
ORD04055,CSTMR0633,05-06-2024,09:09:49
ORD04056,cstmr0325,05-09-2023,09:54:45
ORD04057,CSTMR0521,17-03-2021,19:28:06
ORD04058,CSTMR0321,2024-09-13,10:28:19
ORD04059,cstmr0070,23/01/2022,09:54:36
ord04060,CSTMR0464,30-09-2025,13:18:52
ORD04061,cstmr0797,20-11-2021,18:24:46
ORD04062,CSTMR0178,2025.03.27,18:19:56
ord04063,CSTMR0316,2023.08.10,08:14:00
ORD04064,CSTMR0621,21 Aug 2022,19:26:07
ORD04065,CSTMR0523,2023-07-15,16:28:52
ord04066,cstmr0126,03 Dec 2022,20:35:55
ord04067,cstmr0798,2021-09-07,20:46:37
ORD04068,CSTMR0239,25 Sep 2025,22:09:18
ord04069,cstmr0373,2021.06.09,09:39:29
ord04070,CSTMR0678,25-02-2024,15:43:57
ord04071,cstmr0043,2025-10-13,09:16:01
ORD04072,CSTMR0309,29 Jul 2025,11:25:52
ORD04073,CSTMR0952,"May 03, 2025",08:42:36
ORD04074,CSTMR0381,14/03/2026,21:40:08
ORD04075,CSTMR0259,11-11-2023,15:59:01
ORD04076,CSTMR0826,"Apr 02, 2024",11:56:17
ord04077,cstmr0654,04-23-24,20:56:25
ORD04078,CSTMR0072,04 Oct 2024,20:27:54
ORD04079,CSTMR0819,"Feb 06, 2023",11:04:51
ORD04080,CSTMR0987,12/03/2023,19:18:02
ord04081,CSTMR0020,2023.02.07,08:59:01
ORD04082,cstmr0173,10/18/2025,20:19:44
ord04083,CSTMR0311,27/09/2025,17:13:28
ord04084,CSTMR0257,"Oct 24, 2022",12:19:54
ORD04085,cstmr0376,02-01-2023,12:09:47
ord04086,CSTMR0202,07-15-23,13:22:09
ord04087,cstmr0733,2024-09-14,22:28:28
ord04088,CSTMR0601,2025-03-25,09:18:35
ord04089,cstmr0860,15 Oct 2025,17:39:12
ord04090,CSTMR0785,2025.09.07,15:17:10
ORD04091,cstmr0433,2025.07.26,15:29:36
ORD04092,cstmr0852,"Jul 28, 2024",14:25:09
ORD04093,CSTMR0455,2025.05.13,21:42:10
ORD04094,CSTMR0392,10-12-22,17:49:00
ord04095,cstmr0810,"Jun 28, 2023",13:24:33
ORD04096,cstmr0842,11-02-2022,08:24:02
ORD04097,CSTMR0948,01/01/2025,20:05:58
ORD04098,CSTMR0091,01/18/2023,16:15:48
ORD04099,cstmr0971,2021-07-04,18:16:40
ord04100,cstmr0861,2025.01.25,21:44:31
ORD04101,CSTMR0480,09/03/2024,18:50:51
ord04102,CSTMR0424,"Oct 25, 2024",19:55:45
ORD04103,CSTMR0945,"Jan 15, 2025",12:06:08
ord04104,cstmr0060,2024.02.05,12:26:11
ord04105,cstmr0760,07/12/2024,21:34:04
ORD04106,cstmr0371,2023-04-30,10:35:06
ORD04107,CSTMR0073,"Jun 13, 2025",13:20:00
ORD04108,CSTMR0381,21-03-2026,22:24:57
ORD04109,CSTMR0154,01-13-22,20:40:19
ord04110,CSTMR0236,01 Jun 2024,19:21:42
ord04111,CSTMR0212,2022.10.16,21:46:35
ord04112,CSTMR0883,27/07/2022,21:44:51
ord04113,cstmr0837,"Jan 08, 2023",12:29:08
ORD04114,cstmr0949,"Jun 20, 2022",18:59:02
ORD04115,CSTMR0754,2023-08-15,20:08:52
ORD04116,CSTMR0909,12-15-24,20:21:31
ORD04117,CSTMR0354,13 May 2022,20:28:08
ORD04118,cstmr0790,09-28-23,22:53:41
ord04119,CSTMR0092,23 Jan 2021,21:46:47
ORD04120,CSTMR0284,2022-07-17,16:35:30
ORD04121,CSTMR0325,02/07/2022,12:43:11
ORD04122,CSTMR0318,2024-10-09,12:28:17
ord04123,CSTMR0561,22-11-2025,20:44:01
ORD04124,CSTMR0442,18/04/2026,22:52:39
ORD04125,CSTMR0808,10/04/2023,20:06:14
ORD04126,CSTMR0524,03/11/2023,08:31:51
ord04127,CSTMR0721,24-04-2022,12:33:23
ORD04128,cstmr0851,09/03/2022,21:47:05
ORD04129,CSTMR0952,07-31-23,21:10:35
ord04130,CSTMR0404,2022-10-05,12:52:08
ord04131,CSTMR0732,03/22/2026,18:33:18
ord04132,CSTMR0104,"Mar 22, 2024",22:51:41
ORD04133,CSTMR0080,08 Sep 2023,12:22:50
ORD04134,cstmr0959,24 Jun 2025,22:21:54
ORD04135,CSTMR0198,13-02-2026,14:30:26
ORD04136,CSTMR0362,31/05/2023,13:59:17
ORD04137,cstmr0185,07-30-22,14:14:54
ORD04138,CSTMR0074,08-03-23,10:19:13
ORD04139,cstmr0546,20/12/2025,15:20:04
ord04140,CSTMR0210,12-08-23,11:03:40
ORD04141,CSTMR0252,26-06-2023,19:11:00
ORD04142,CSTMR0674,12/18/2025,21:28:16
ORD04143,CSTMR0808,2021.07.24,20:02:24
ORD04144,CSTMR0815,03/06/2023,22:49:42
ORD04145,CSTMR0572,2022.01.30,12:19:28
ORD04146,CSTMR0514,"Dec 28, 2025",21:30:57
ORD04147,CSTMR0395,23 Aug 2024,19:03:39
ORD04148,CSTMR0773,06/09/2024,20:46:32
ORD04149,CSTMR0345,01/24/2023,13:34:33
ord04150,cstmr0052,08-26-25,21:25:27
ord04151,CSTMR0402,24 Dec 2022,10:04:19
ORD04152,CSTMR0462,2024.07.13,16:58:39
ORD04153,cstmr0364,2023.08.13,11:48:40
ord04154,cstmr0556,11/03/2022,09:13:18
ORD04155,CSTMR0805,01 Nov 2024,10:11:27
ORD04156,cstmr0944,2026-02-23,16:53:18
ORD04157,cstmr0719,13-02-2025,18:24:49
ord04158,CSTMR0111,24-12-2024,16:12:34
ORD04159,CSTMR0209,08/02/2025,17:16:34
ord04160,CSTMR0396,2021-06-17,13:32:51
ord04161,CSTMR0735,02-08-22,15:34:51
ord04162,cstmr0193,2024-07-25,19:16:13
ORD04163,CSTMR0654,2025-12-12,20:55:50
ORD04164,cstmr0645,"Aug 10, 2025",17:46:05
ord04165,CSTMR0519,08/29/2022,22:40:25
ORD04166,cstmr0115,2024-11-30,18:09:29
ORD04167,cstmr0151,31/10/2024,16:11:19
ORD04168,cstmr0801,11-17-22,22:08:17
ORD04169,CSTMR0930,2023.02.12,08:29:38
ord04170,CSTMR0384,"Jan 26, 2023",12:05:43
ORD04171,CSTMR0852,03/04/2023,22:35:50
ORD04172,CSTMR0731,15/04/2024,11:28:44
ORD04173,cstmr0863,2021-11-13,12:45:53
ORD04174,cstmr0186,21/03/2025,16:50:01
ord04175,cstmr0034,12/01/2025,20:49:39
ORD04176,CSTMR0373,2021-05-19,11:29:51
ord04177,CSTMR0142,01/18/2026,12:35:46
ORD04178,CSTMR0910,07-29-23,16:07:27
ORD04179,CSTMR0762,"Sep 15, 2025",09:25:42
ORD04180,CSTMR0397,2024.09.13,10:20:26
ORD04181,cstmr0121,"Aug 10, 2024",11:23:56
ord04182,CSTMR0982,2025.03.06,20:31:01
ORD04183,cstmr0753,06/26/2024,08:07:45
ORD04184,CSTMR0849,07 Nov 2021,08:21:24
ord04185,CSTMR0731,2022.08.05,17:36:27
ORD04186,CSTMR0138,05-22-26,12:57:18
ORD04187,cstmr0283,21/12/2021,16:23:18
ORD04188,CSTMR0259,12/09/2025,11:35:46
ORD04189,cstmr0924,2026-03-10,21:34:44
ord04190,CSTMR0648,2023.05.09,11:22:55
ORD04191,CSTMR0099,01 Nov 2024,12:49:13
ord04192,CSTMR0906,10 Apr 2025,08:46:17
ORD04193,CSTMR0554,30/06/2023,22:50:37
ORD04194,CSTMR0992,08-28-23,15:34:11
ORD04195,CSTMR0806,"Feb 25, 2023",10:50:58
ORD04196,CSTMR0207,2022-10-01,22:32:08
ORD04197,cstmr0439,12/01/2025,19:33:33
ORD04198,CSTMR0724,"Mar 25, 2024",10:24:24
ORD04199,CSTMR0908,18/09/2024,13:46:39
ORD04200,cstmr0618,03 Mar 2025,17:23:43
ord04201,CSTMR0339,04-10-24,20:29:27
ORD04202,cstmr0871,2024.04.22,08:18:43
ORD04203,cstmr0510,2023.05.02,20:34:24
ord04204,cstmr0323,20/02/2026,11:46:01
ORD04205,CSTMR0129,2023-12-13,17:43:36
ORD04206,CSTMR0115,03-05-2024,16:32:55
ORD04207,cstmr0378,10 Oct 2021,20:21:07
ORD04208,CSTMR0760,2022-04-03,19:16:32
ord04209,cstmr0206,01-20-22,09:14:02
ord04210,cstmr0827,"Dec 26, 2023",20:37:02
ORD04211,CSTMR0955,2025.01.04,20:19:20
ORD04212,cstmr0535,16-04-2022,15:16:40
ORD04213,CSTMR0474,14-10-2024,16:33:28
ORD04214,CSTMR0860,2025-11-02,14:18:46
ORD04215,cstmr0953,"Nov 14, 2024",12:12:36
ORD04216,CSTMR0146,12-04-22,18:35:00
ord04217,cstmr0597,12/02/2023,12:04:51
ord04218,CSTMR0748,16-06-2024,13:49:57
ord04219,cstmr0283,13-08-2025,19:39:17
ORD04220,CSTMR0534,13 Mar 2026,22:01:05
ORD04221,CSTMR0264,2025-09-20,10:44:49
ord04222,CSTMR0269,21 Feb 2025,16:09:04
ORD04223,CSTMR0001,2021-09-15,20:10:22
ORD04224,cstmr0030,12/31/2024,08:54:39
ord04225,CSTMR0676,2023.09.21,19:13:45
ord04226,cstmr0908,"Nov 10, 2022",19:51:35
ORD04227,cstmr0519,04-06-25,09:26:48
ORD04228,CSTMR0322,16/05/2022,15:19:06
ord04229,CSTMR0519,24-09-2022,13:13:15
ord04230,CSTMR0706,08/04/2025,08:41:46
ORD04231,CSTMR0792,22 Jan 2021,10:22:18
ORD04232,CSTMR0927,01-21-24,08:33:18
ORD04233,CSTMR0496,10/19/2022,19:00:40
ord04234,CSTMR0607,2022.12.27,21:53:56
ORD04235,CSTMR0604,"Mar 01, 2024",16:41:38
ORD04236,cstmr0741,08/16/2022,21:53:40
ORD04237,CSTMR0369,02-05-25,20:10:05
ORD04238,cstmr0588,2024-07-29,09:57:58
ORD04239,CSTMR0301,08/12/2023,12:57:35
ORD04240,CSTMR0538,"May 19, 2024",20:52:44
ORD04241,CSTMR0642,2025-09-01,17:02:54
ord04242,cstmr0801,05/10/2021,13:36:01
ORD04243,CSTMR0677,05 Apr 2026,09:01:31
ORD04244,CSTMR0877,08-23-25,18:52:23
ORD04245,cstmr0171,11-19-24,12:30:36
ORD04246,CSTMR0899,13/10/2023,13:24:18
ORD04247,CSTMR0127,2025-06-13,11:14:32
ORD04248,CSTMR0503,29/05/2026,10:00:10
ord04249,CSTMR0982,"May 14, 2026",12:12:45
ORD04250,cstmr0636,09/21/2025,17:07:54
ORD04251,CSTMR0341,10/01/2024,12:36:00
ORD04252,cstmr0117,2024-12-27,13:01:30
ORD04253,CSTMR0588,04/05/2026,21:47:23
ORD04254,CSTMR0972,03/10/2021,15:13:32
ORD04255,cstmr0367,"Jul 01, 2025",20:54:34
ORD04256,cstmr0774,12/09/2025,21:32:26
ord04257,CSTMR0365,19-10-2022,15:35:25
ord04258,CSTMR0301,03-01-2022,12:45:31
ORD04259,cstmr0960,03/01/2026,19:17:41
ORD04260,CSTMR0938,07-03-25,12:37:08
ORD04261,cstmr0477,2023-12-26,19:51:57
ORD04262,CSTMR0071,2024.06.07,15:36:29
ORD04263,CSTMR0125,08-08-2025,19:03:39
ord04264,cstmr0510,02-04-23,12:44:06
ord04265,cstmr0237,"Feb 17, 2024",20:40:31
ORD04266,CSTMR0712,02/04/2025,21:21:43
ORD04267,CSTMR0309,05/04/2023,18:54:18
ord04268,CSTMR0064,"Aug 05, 2024",19:57:13
ORD04269,cstmr0121,"Feb 09, 2025",13:57:10
ORD04270,CSTMR0117,"Oct 24, 2025",19:22:27
ORD04271,cstmr0925,01/31/2026,12:16:21
ord04272,CSTMR0524,10/07/2023,11:25:36
ORD04273,CSTMR0421,20 Feb 2025,20:13:52
ord04274,CSTMR0734,05-05-2025,16:48:56
ORD04275,cstmr0100,07-06-25,13:00:58
ORD04276,CSTMR0433,10/15/2023,12:05:05
ORD04277,cstmr0573,2023.09.17,13:07:28
ORD04278,CSTMR0798,07/12/2023,21:35:31
ORD04279,CSTMR0078,2024-08-28,15:34:28
ORD04280,CSTMR0893,02-11-23,12:29:47
ORD04281,CSTMR0624,"Mar 17, 2023",21:50:21
ord04282,CSTMR0415,01-17-26,21:07:06
ORD04283,CSTMR0767,2025.07.20,10:55:42
ORD04284,CSTMR0431,09/06/2025,13:20:29
ord04285,CSTMR0163,2023.08.26,20:13:22
ORD04286,cstmr0691,27/03/2026,09:02:23
ORD04287,CSTMR0412,2024.09.17,17:10:41
ORD04288,cstmr0713,05-04-24,13:17:06
ord04289,cstmr0748,27-07-2022,10:46:23
ord04290,CSTMR0398,30 Apr 2022,21:41:50
ORD04291,CSTMR0489,26/09/2024,14:39:56
ORD04292,CSTMR0747,12 Sep 2024,16:23:01
ORD04293,cstmr0895,29/11/2022,10:01:29
ord04294,CSTMR0257,"Jan 17, 2025",19:02:13
ORD04295,CSTMR0492,02/11/2023,22:31:25
ord04296,CSTMR0866,17-12-2024,16:10:44
ORD04297,CSTMR0213,06/18/2022,14:31:35
ord04298,CSTMR0018,15/10/2023,17:35:10
ORD04299,cstmr0470,2026.05.11,19:24:12
ORD04300,CSTMR0635,04-26-24,21:32:27
ORD04301,CSTMR0811,11-18-23,13:32:43
ORD04302,cstmr0264,02-08-2025,19:56:10
ORD04303,cstmr0035,16 Jan 2025,19:09:29
ORD04304,CSTMR0085,02-05-23,12:50:12
ORD04305,cstmr0016,03-02-26,21:47:59
ORD04306,CSTMR0110,18/06/2023,18:42:04
ORD04307,CSTMR0238,2021.08.21,13:40:44
ORD04308,cstmr0397,2023.09.13,13:13:01
ORD04309,CSTMR0586,03-02-2021,09:13:41
ORD04310,CSTMR0516,2026.04.23,15:05:04
ORD04311,CSTMR0615,26-04-2024,13:27:57
ORD04312,CSTMR0036,"Dec 07, 2025",10:57:56
ORD04313,cstmr0242,2024.11.15,21:53:05
ORD04314,CSTMR0434,02-13-26,20:25:50
ORD04315,cstmr0911,04-28-22,13:35:48
ord04316,CSTMR0050,12/02/2025,10:53:56
ORD04317,cstmr0156,05 Feb 2022,13:57:55
ORD04318,cstmr0749,"Aug 01, 2023",13:07:22
ORD04319,cstmr0891,11-15-25,13:21:26
ord04320,CSTMR0203,08/10/2024,21:09:09
ORD04321,CSTMR0964,"Sep 12, 2025",13:07:17
ord04322,CSTMR0644,18 Jun 2025,20:34:54
ord04323,cstmr0392,2024.03.18,13:04:53
ORD04324,cstmr0573,14-04-2022,20:45:45
ord04325,cstmr0819,2021-10-19,13:40:18
ord04326,cstmr0283,27/06/2021,20:43:17
ORD04327,CSTMR0169,2025-08-24,16:06:52
ord04328,CSTMR0284,10-12-2024,15:55:01
ORD04329,CSTMR0095,2023.07.31,22:09:38
ORD04330,CSTMR0132,2025-01-04,14:49:50
ORD04331,CSTMR0664,2025.10.18,21:25:41
ORD04332,CSTMR0925,26/03/2021,19:08:41
ord04333,cstmr0318,2022.12.26,17:49:05
ORD04334,CSTMR0726,02-15-22,16:05:20
ORD04335,cstmr0522,15 Feb 2023,12:12:21
ORD04336,CSTMR0611,2021-05-28,08:00:45
ORD04337,cstmr0430,2023-02-18,14:41:03
ORD04338,CSTMR0978,2025-03-15,21:15:59
ORD04339,cstmr0672,2023.11.21,09:26:00
ORD04340,CSTMR0066,2022-01-19,10:41:32
ORD04341,CSTMR0199,07/01/2023,13:08:14
ORD04342,CSTMR0849,21 Dec 2024,21:31:48
ORD04343,cstmr0938,"May 30, 2023",11:58:30
ord04344,CSTMR0350,08-24-22,10:04:11
ORD04345,cstmr0696,03-12-2021,08:20:49
ORD04346,CSTMR0637,03-11-24,20:12:25
ORD04347,CSTMR0212,14 Apr 2025,15:58:17
ORD04348,CSTMR0924,13/10/2025,16:35:23
ORD04349,CSTMR0929,2024.08.21,08:38:37
ORD04350,cstmr0025,04/11/2021,17:28:58
ORD04351,cstmr0547,02 Aug 2024,15:09:53
ORD04352,CSTMR0272,17 Apr 2023,16:39:49
ORD04353,CSTMR0465,16/11/2025,19:12:23
ord04354,cstmr0217,26/11/2024,17:39:28
ORD04355,CSTMR0686,"Apr 18, 2026",08:08:19
ORD04356,CSTMR0456,2023.01.03,10:40:03
ORD04357,CSTMR0268,05/10/2023,20:51:36
ORD04358,cstmr0302,2024-12-08,21:41:52
ORD04359,cstmr0305,18-12-2021,10:35:09
ORD04360,cstmr0474,09 Dec 2021,11:56:18
ORD04361,CSTMR0176,31-05-2023,20:35:48
ord04362,CSTMR0818,2023-03-14,16:00:53
ORD04363,cstmr0620,12/24/2025,22:54:30
ORD04364,CSTMR0960,2026.05.01,17:57:29
ORD04365,cstmr0561,2025-01-19,10:56:43
ord04366,cstmr0457,05/18/2021,20:09:43
ORD04367,CSTMR0872,"Dec 29, 2024",12:43:42
ord04368,cstmr0756,02/11/2025,15:12:25
ord04369,CSTMR0705,02-12-22,15:04:06
ORD04370,CSTMR0860,16-01-2025,19:35:05
ORD04371,CSTMR0680,01/01/2021,10:19:17
ORD04372,CSTMR0099,10/09/2022,14:55:38
ORD04373,CSTMR0732,10-09-22,10:15:02
ORD04374,CSTMR0067,29/05/2025,19:56:45
ORD04375,CSTMR0719,19/04/2026,10:11:31
ORD04376,CSTMR0655,29 Sep 2023,17:53:18
ord04377,CSTMR0748,2025.08.29,19:07:47
ORD04378,cstmr0859,08/09/2024,10:59:08
ORD04379,cstmr0785,2023.01.08,21:37:32
ord04380,CSTMR0323,09-22-25,12:27:03
ord04381,CSTMR0756,"Jan 10, 2021",09:55:44
ORD04382,cstmr0091,01 Jan 2022,15:23:49
ord04383,cstmr0470,2023-06-27,09:03:15
ord04384,CSTMR0639,2022-09-20,20:01:20
ord04385,cstmr0914,04/07/2023,09:46:55
ORD04386,CSTMR0654,2024.07.22,10:12:58
ORD04387,cstmr0996,26/01/2026,21:28:25
ORD04388,cstmr0316,03-07-2025,10:18:43
ORD04389,CSTMR0673,29-03-2025,17:37:16
ORD04390,CSTMR0930,"Sep 25, 2023",16:30:52
ORD04391,CSTMR0085,2021.04.17,08:18:31
ORD04392,cstmr0940,09-04-22,15:35:13
ord04393,CSTMR0788,2026.04.10,22:52:05
ord04394,CSTMR0528,13/05/2026,19:54:06
ORD04395,CSTMR0711,04/12/2025,17:58:08
ORD04396,CSTMR0988,11-06-2025,22:35:46
ORD04397,cstmr0562,"Jan 19, 2026",19:12:46
ORD04398,CSTMR0624,22 Jun 2022,12:37:49
ORD04399,cstmr0414,23 Nov 2021,08:47:38
ord04400,cstmr0959,02-06-26,16:21:23
ord04401,CSTMR0718,07-26-25,16:28:31
ORD04402,cstmr0017,03/31/2026,20:47:21
ord04403,CSTMR0852,"Oct 29, 2022",14:50:35
ORD04404,cstmr0479,08-10-2024,20:20:32
ORD04405,cstmr0859,2025-05-19,17:54:42
ord04406,CSTMR0866,26/01/2025,20:04:54
ORD04407,CSTMR0258,21/02/2025,16:20:07
ORD04408,cstmr0986,27 Aug 2023,12:53:36
ORD04409,CSTMR0832,02/06/2023,13:55:28
ORD04410,CSTMR0854,2024.06.21,19:42:08
ORD04411,CSTMR0991,10-09-24,17:05:40
ord04412,cstmr0796,24-09-2023,13:50:13
ORD04413,CSTMR0814,04 Sep 2025,12:57:45
ORD04414,CSTMR0170,"Apr 21, 2023",18:07:14
ord04415,CSTMR0043,2024-12-26,08:24:17
ORD04416,CSTMR0375,2022-03-22,13:39:04
ORD04417,CSTMR0122,03-04-2024,20:38:16
ORD04418,CSTMR0939,15/12/2022,20:03:03
ORD04419,CSTMR0897,2021-09-06,17:22:46
ord04420,cstmr0300,2023-01-13,17:59:36
ord04421,CSTMR0499,2022-12-09,19:13:47
ORD04422,cstmr0541,23 Nov 2025,13:36:04
ORD04423,CSTMR0589,2023.02.07,20:22:34
ORD04424,CSTMR0315,09-24-24,19:08:16
ORD04425,CSTMR0081,02 Nov 2023,18:24:21
ORD04426,cstmr0694,05/13/2023,18:53:09
ORD04427,cstmr0472,2025.12.30,13:18:27
ORD04428,CSTMR0447,2023.04.29,13:18:50
ORD04429,CSTMR0770,19/12/2025,21:58:53
ORD04430,CSTMR0804,02-17-26,12:35:35
ord04431,cstmr0142,06-12-22,16:16:19
ORD04432,CSTMR0228,07-02-2024,18:18:46
ord04433,cstmr0714,"Apr 24, 2024",19:27:55
ord04434,cstmr0123,"Sep 23, 2023",20:27:24
ORD04435,CSTMR0162,2024.01.12,11:56:26
ORD04436,CSTMR0977,2025-02-08,19:53:32
ORD04437,cstmr0427,2025.03.13,19:31:54
ORD04438,CSTMR0147,13/05/2021,21:01:49
ord04439,CSTMR0577,22-09-2022,12:16:47
ORD04440,CSTMR0295,12/22/2024,12:01:50
ord04441,CSTMR0361,14 Oct 2022,13:10:52
ord04442,CSTMR0523,07-28-24,13:32:25
ORD04443,CSTMR0849,04/09/2024,12:41:41
ord04444,CSTMR0311,2024-04-03,18:39:00
ord04445,CSTMR0410,26 Jan 2021,16:01:05
ord04446,CSTMR0110,11-23-22,22:07:46
ORD04447,cstmr0040,"Apr 09, 2025",10:05:52
ORD04448,CSTMR0663,2025.09.26,15:00:10
ord04449,cstmr0901,10-05-2026,15:25:05
ord04450,CSTMR0128,01-01-2021,13:01:25
ord04451,cstmr0917,2022.07.03,20:16:43
ORD04452,CSTMR0056,25-06-2022,11:42:51
ord04453,cstmr0162,23 Mar 2025,10:21:35
ord04454,cstmr0588,2024-11-11,14:43:19
ORD04455,CSTMR0445,2026.01.24,17:06:13
ORD04456,CSTMR0885,"Sep 28, 2023",14:21:29
ORD04457,CSTMR0688,25-02-2026,16:57:01
ord04458,cstmr0570,14/02/2024,13:37:53
ord04459,cstmr0851,"Jun 18, 2024",12:34:22
ord04460,CSTMR0898,05/07/2021,09:00:10
ORD04461,CSTMR0624,02-12-22,18:50:50
ord04462,cstmr0904,24-02-2023,19:33:01
ORD04463,cstmr0325,"Mar 01, 2021",19:13:06
ord04464,cstmr0005,07-15-25,22:44:09
ORD04465,CSTMR0191,08-10-2023,14:33:25
ORD04466,cstmr0528,16-11-2025,10:43:23
ORD04467,CSTMR0837,09/10/2023,22:37:51
ORD04468,cstmr0349,20-12-2024,21:30:12
ord04469,cstmr0137,10-07-2024,09:54:40
ORD04470,cstmr0083,2022-12-02,10:25:22
ORD04471,cstmr0082,08-06-25,20:21:19
ORD04472,cstmr0341,06-12-2022,09:29:59
ORD04473,CSTMR0923,2025.02.21,15:05:58
ORD04474,cstmr0906,"Sep 20, 2025",11:36:10
ord04475,CSTMR0260,10-03-2026,22:30:26
ORD04476,cstmr0854,26-02-2024,14:22:50
ord04477,CSTMR0481,2025-01-20,22:32:40
ord04478,CSTMR0003,30/09/2025,19:51:28
ORD04479,CSTMR0569,24-06-2025,14:23:15
ORD04480,CSTMR0206,27 Jan 2022,11:13:36
ORD04481,cstmr0945,2025.11.06,13:17:47
ord04482,cstmr0331,11/16/2022,16:24:28
ORD04483,CSTMR0676,08/07/2023,18:43:46
ord04484,cstmr0551,21/08/2021,17:38:08
ORD04485,CSTMR0355,2026.05.29,17:03:50
ORD04486,CSTMR0124,06-04-21,09:18:41
ord04487,cstmr0375,2023.02.01,22:19:16
ORD04488,CSTMR0724,2022-07-08,19:01:33
ORD04489,CSTMR0510,"Apr 24, 2024",17:18:46
ORD04490,CSTMR0622,21-02-2022,15:43:04
ord04491,CSTMR0831,11-14-23,20:54:20
ord04492,CSTMR0036,23/12/2023,09:39:07
ORD04493,cstmr0671,2021-03-23,19:45:10
ord04494,CSTMR0549,01-11-2023,14:21:48
ORD04495,cstmr0529,31-01-2021,19:58:18
ORD04496,cstmr0546,"Mar 15, 2024",15:01:02
ORD04497,CSTMR0230,2023-08-24,13:20:39
ORD04498,CSTMR0331,"May 19, 2025",20:38:16
ORD04499,CSTMR0425,01/06/2025,18:21:03
ORD04500,CSTMR0524,29 Aug 2022,12:01:25
ord04501,cstmr0932,2022-10-02,16:24:14
ORD04502,CSTMR0700,26/06/2025,16:01:20
ORD04503,CSTMR0821,01-07-2023,20:02:48
ord04504,CSTMR0685,12/10/2023,13:40:27
ORD04505,cstmr0642,"May 04, 2025",21:09:03
ORD04506,CSTMR0637,01/15/2021,09:05:35
ORD04507,CSTMR0780,2021-01-15,20:10:22
ord04508,cstmr0860,11-22-25,21:55:12
ORD04509,CSTMR0119,04/01/2023,14:42:37
ORD04510,CSTMR0845,"May 13, 2024",20:41:00
ORD04511,CSTMR0093,"Jun 01, 2024",20:03:12
ord04512,cstmr0545,"Jun 30, 2023",12:26:36
ord04513,cstmr0825,06-24-21,13:32:10
ord04514,CSTMR0326,2022-04-16,19:11:45
ORD04515,CSTMR0935,2025.01.21,17:54:53
ord04516,CSTMR0942,2024-08-24,08:46:02
ORD04517,CSTMR0456,2025.02.03,18:35:40
ORD04518,cstmr0443,10/12/2025,12:14:02
ord04519,CSTMR0701,02/03/2023,18:51:55
ORD04520,CSTMR0325,2025.03.05,20:12:22
ORD04521,CSTMR0519,"Oct 08, 2024",20:46:12
ORD04522,CSTMR0107,13 Jan 2025,12:49:33
ORD04523,cstmr0987,2024.12.26,22:29:49
ORD04524,CSTMR0616,02/14/2026,15:26:31
ORD04525,cstmr0936,01/04/2022,20:37:05
ORD04526,cstmr0725,23/06/2024,13:51:16
ORD04527,CSTMR0947,"Apr 23, 2024",19:56:02
ord04528,cstmr0262,"Jul 30, 2025",13:46:17
ord04529,CSTMR0607,02/27/2024,22:59:54
ord04530,CSTMR0754,13/05/2025,12:53:08
ord04531,CSTMR0061,"Sep 03, 2022",09:43:39
ORD04532,CSTMR0230,03-07-2024,12:18:00
ORD04533,cstmr0339,2022-12-27,22:09:44
ORD04534,cstmr0716,09-17-24,19:30:43
ord04535,CSTMR0335,05/26/2023,17:48:57
ord04536,CSTMR0677,12/31/2023,11:57:26
ORD04537,CSTMR0702,25-09-2021,13:26:52
ORD04538,CSTMR0906,"Jul 31, 2024",17:50:01
ORD04539,CSTMR0068,2026-03-28,19:13:36
ORD04540,CSTMR0094,"Feb 16, 2026",13:31:23
ORD04541,CSTMR0772,05-11-2022,09:24:20
ord04542,CSTMR0658,2025.11.30,19:59:14
ORD04543,cstmr0084,2025.10.24,20:21:14
ord04544,CSTMR0824,03/06/2022,21:18:20
ORD04545,cstmr0390,10-11-22,12:27:24
ord04546,CSTMR0712,06/25/2022,09:26:36
ORD04547,CSTMR0207,"Mar 02, 2024",13:42:53
ORD04548,CSTMR0214,10-14-22,13:22:40
ORD04549,CSTMR0867,"Jun 30, 2023",22:24:59
ord04550,CSTMR0599,"May 26, 2023",16:55:25
ORD04551,CSTMR0230,11-09-21,19:05:09
ORD04552,CSTMR0280,02/10/2024,11:46:24
ORD04553,cstmr0970,11 May 2024,14:01:49
ORD04554,CSTMR0170,12 Oct 2021,21:27:27
ord04555,CSTMR0617,16-06-2024,12:13:30
ord04556,CSTMR0426,31/12/2025,21:45:26
ORD04557,CSTMR0614,07/08/2024,11:55:09
ord04558,CSTMR0705,2025.03.05,13:52:30
ord04559,cstmr0399,03 May 2022,14:14:47
ord04560,CSTMR0845,28-09-2022,12:21:16
ord04561,CSTMR0458,2025-06-16,12:40:26
ORD04562,cstmr0426,20 Jul 2025,16:08:27
ORD04563,CSTMR0821,12/06/2024,13:22:59
ord04564,cstmr0125,24 Nov 2024,19:43:32
ORD04565,CSTMR0356,09/06/2023,13:28:47
ord04566,CSTMR0090,05/22/2022,19:57:25
ord04567,CSTMR0502,"Feb 21, 2026",17:29:44
ORD04568,cstmr0095,19 Apr 2023,12:46:41
ORD04569,CSTMR0309,29-05-2022,15:27:25
ORD04570,CSTMR0321,"May 03, 2021",11:10:28
ord04571,cstmr0087,27/12/2022,12:23:47
ord04572,CSTMR0890,2025-10-30,13:21:00
ord04573,CSTMR0826,2023-09-17,16:40:35
ORD04574,CSTMR0863,02-28-22,22:54:36
ord04575,CSTMR0380,31 May 2022,13:27:47
ORD04576,CSTMR0649,01/13/2025,08:02:48
ORD04577,cstmr0479,"May 03, 2024",08:23:03
ORD04578,CSTMR0635,2023-05-12,14:35:19
ORD04579,CSTMR0429,2025.02.26,19:58:49
ord04580,CSTMR0265,18/12/2024,21:19:42
ORD04581,CSTMR0178,2025-01-21,15:07:14
ORD04582,CSTMR0106,"Aug 25, 2024",08:55:55
ORD04583,CSTMR0271,07 Apr 2024,22:53:45
ORD04584,CSTMR0882,"Apr 05, 2023",20:54:44
ord04585,cstmr0271,27 Apr 2025,22:04:35
ORD04586,cstmr0224,10-05-21,14:48:39
ord04587,CSTMR0809,08-17-23,08:13:12
ORD04588,CSTMR0710,05/16/2022,20:46:59
ORD04589,CSTMR0135,2023.05.21,21:25:27
ORD04590,cstmr0858,23-02-2022,12:53:55
ORD04591,cstmr0185,29-03-2022,21:16:33
ORD04592,CSTMR0787,23 Jun 2025,21:44:02
ORD04593,cstmr0141,2024-12-25,13:26:14
ORD04594,cstmr0312,2023-03-27,20:10:42
ORD04595,CSTMR0321,2023-03-19,11:09:18
ORD04596,CSTMR0067,05/30/2022,22:08:27
ORD04597,CSTMR0687,2026-02-23,14:24:56
ord04598,cstmr0222,10/06/2022,20:35:24
ORD04599,CSTMR0799,2022.12.10,08:16:10
ORD04600,cstmr0903,08 Oct 2025,16:53:44
ord04601,CSTMR0247,12/10/2023,12:30:31
ORD04602,CSTMR0394,2025-02-07,08:54:54
ORD04603,CSTMR0477,18-12-2022,20:08:05
ord04604,CSTMR0598,25/09/2025,12:45:35
ORD04605,CSTMR0814,06-30-22,13:25:22
ord04606,CSTMR0743,05/02/2024,14:20:42
ORD04607,CSTMR0856,16-02-2023,19:32:45
ORD04608,CSTMR0403,2025-12-20,15:22:57
ORD04609,CSTMR0596,2024.05.25,19:29:52
ORD04610,CSTMR0318,02 Sep 2024,15:53:55
ORD04611,CSTMR0751,08/15/2025,17:36:41
ORD04612,CSTMR0574,09 Jan 2026,22:28:01
ord04613,CSTMR0156,13-12-2022,15:38:32
ORD04614,cstmr0980,04/25/2021,16:38:29
ORD04615,CSTMR0235,30 Apr 2022,12:35:42
ORD04616,CSTMR0068,10-23-25,13:19:44
ORD04617,CSTMR0494,"Mar 25, 2022",08:50:58
ORD04618,cstmr0478,11/10/2021,20:29:39
ord04619,CSTMR0125,"Jul 19, 2022",21:56:24
ord04620,CSTMR0757,22 May 2026,19:16:54
ORD04621,CSTMR0370,2025-01-27,13:44:06
ORD04622,CSTMR0708,"Nov 23, 2023",12:42:22
ORD04623,CSTMR0989,2025-08-03,14:03:04
ord04624,CSTMR0270,24 Apr 2026,15:29:19
ord04625,CSTMR0562,"May 11, 2025",13:47:45
ORD04626,cstmr0093,03 Jul 2023,21:44:13
ORD04627,CSTMR0287,31/08/2021,14:57:03
ORD04628,cstmr0748,02 Aug 2022,12:08:41
ORD04629,CSTMR0892,10-18-22,09:14:30
ORD04630,CSTMR0906,21/03/2023,18:52:02
ord04631,CSTMR0156,2025-10-15,10:54:24
ord04632,CSTMR0018,2024-04-09,18:38:28
ORD04633,cstmr0250,10-28-23,16:11:20
ORD04634,cstmr0932,23/09/2023,17:04:00
ord04635,cstmr0972,01-14-26,21:55:51
ord04636,cstmr0971,20/08/2022,20:37:54
ORD04637,CSTMR0994,2022-10-15,13:02:58
ORD04638,cstmr0003,08/14/2022,11:23:24
ORD04639,CSTMR0474,2023.07.09,13:29:31
ord04640,CSTMR0374,03-08-25,14:02:08
ORD04641,CSTMR0375,13/05/2023,14:35:22
ORD04642,CSTMR0098,22-06-2024,08:13:44
ORD04643,cstmr0484,02-26-24,11:37:27
ORD04644,CSTMR0879,02-12-2023,20:25:48
ORD04645,CSTMR0699,"Jun 30, 2024",21:07:45
ord04646,CSTMR0158,10 Jan 2026,19:13:02
ORD04647,cstmr0281,2023.12.30,12:26:05
ORD04648,CSTMR0328,2023-11-25,10:03:23
ORD04649,cstmr0846,10-09-25,08:45:08
ORD04650,CSTMR0122,20-10-2022,16:21:00
ord04651,CSTMR0493,2024-02-23,20:15:27
ord04652,CSTMR0175,17-11-2022,20:53:04
ORD04653,CSTMR0617,2026-01-29,18:03:43
ORD04654,CSTMR0318,15 Oct 2025,10:58:36
ord04655,CSTMR0510,03-13-23,20:11:40
ORD04656,CSTMR0782,"Aug 21, 2024",21:58:50
ORD04657,CSTMR0509,06/01/2026,19:55:34
ORD04658,cstmr0937,2021.07.22,16:38:21
ord04659,cstmr0965,"Aug 17, 2024",20:46:19
ord04660,cstmr0477,2023.09.17,13:33:25
ORD04661,CSTMR0708,24-06-2025,18:00:52
ORD04662,CSTMR0753,07 Apr 2026,21:04:53
ORD04663,cstmr0508,12-04-22,19:33:45
ord04664,CSTMR0467,10/31/2021,15:35:30
ord04665,CSTMR0545,2021.10.23,19:01:34
ORD04666,CSTMR0051,07 Feb 2026,19:37:40
ord04667,CSTMR0852,07-12-22,13:15:47
ORD04668,cstmr0326,2025.07.06,12:36:29
ord04669,cstmr0013,2022-09-18,14:28:56
ord04670,CSTMR0612,03 Jan 2026,10:41:04
ORD04671,CSTMR0701,18 Aug 2025,20:37:31
ORD04672,CSTMR0507,27 Feb 2025,14:18:52
ord04673,CSTMR0218,05-20-21,11:30:39
ORD04674,cstmr0801,"Apr 23, 2024",22:31:02
ORD04675,cstmr0254,03/29/2024,22:25:44
ord04676,CSTMR0484,"Sep 10, 2022",21:39:46
ord04677,cstmr0694,02-24-25,19:29:58
ord04678,CSTMR0445,07/27/2024,22:06:19
ORD04679,cstmr0818,12/23/2021,21:24:14
ORD04680,CSTMR0609,12 Jan 2026,21:28:32
ord04681,cstmr0967,2024.09.15,22:44:40
ORD04682,CSTMR0562,"Aug 19, 2022",13:25:13
ORD04683,CSTMR0463,08 Aug 2024,16:57:45
ORD04684,CSTMR0724,2024-12-19,12:43:03
ORD04685,CSTMR0567,"Jan 07, 2026",21:53:34
ORD04686,cstmr0305,"May 08, 2021",18:11:39
ORD04687,cstmr0432,26 Dec 2025,11:33:04
ORD04688,CSTMR0870,03-12-2022,14:54:21
ORD04689,CSTMR0867,2022.07.06,20:54:53
ORD04690,CSTMR0571,03-09-2023,21:18:30
ORD04691,CSTMR0627,10/26/2024,13:31:00
ORD04692,CSTMR0306,2025-08-25,13:48:42
ord04693,cstmr0244,04-20-23,21:57:26
ord04694,CSTMR0762,24-01-2025,11:17:57
ORD04695,cstmr0793,22/03/2026,13:13:02
ORD04696,CSTMR0447,2025-07-08,21:57:49
ord04697,CSTMR0701,2024-06-18,10:00:27
ORD04698,CSTMR0862,05/10/2024,21:28:33
ord04699,cstmr0440,"May 15, 2023",20:09:36
ord04700,cstmr0998,"Mar 08, 2025",21:32:05
ORD04701,CSTMR0727,01 Apr 2023,13:15:02
ord04702,CSTMR0320,"Dec 16, 2023",10:08:38
ORD04703,cstmr0334,16-02-2026,21:57:04
ord04704,cstmr0369,26-09-2024,10:52:21
ORD04705,cstmr0908,09-16-23,08:43:13
ORD04706,cstmr0723,05-16-25,20:05:39
ORD04707,cstmr0610,02-24-24,17:41:06
ORD04708,CSTMR0251,24-08-2021,19:03:03
ORD04709,CSTMR0164,2024-07-17,21:47:25
ord04710,CSTMR0617,02-02-2023,19:06:20
ORD04711,cstmr0062,06/18/2023,20:26:12
ORD04712,cstmr0456,07 Oct 2024,15:45:00
ord04713,CSTMR0471,10-27-23,08:49:26
ORD04714,CSTMR0434,03-20-21,20:57:10
ord04715,CSTMR0919,05/11/2023,11:30:42
ORD04716,cstmr0401,17/08/2024,12:54:48
ord04717,CSTMR0314,23 Sep 2025,08:03:43
ORD04718,CSTMR0438,06/17/2024,20:50:52
ORD04719,cstmr0441,"Apr 04, 2025",19:54:02
ORD04720,cstmr0345,2023.11.17,19:06:19
ord04721,CSTMR0560,12-03-25,15:57:47
ORD04722,CSTMR0213,25/03/2022,17:44:22
ORD04723,CSTMR0132,2023-04-22,12:04:46
ORD04724,CSTMR0948,04/08/2022,10:47:45
ORD04725,CSTMR0223,05/05/2022,20:43:44
ORD04726,CSTMR0351,2024.05.06,19:52:51
ORD04727,CSTMR0408,2021-08-16,13:25:29
ORD04728,CSTMR0935,12/12/2021,18:12:43
ORD04729,CSTMR0333,"Mar 02, 2022",12:52:08
ORD04730,CSTMR0732,2022.09.11,12:27:12
ORD04731,CSTMR0878,"Nov 29, 2022",14:55:19
ord04732,CSTMR0354,"Jan 01, 2026",08:37:47
ord04733,CSTMR0887,2024-03-23,08:09:22
ORD04734,CSTMR0744,2026-01-29,19:23:05
ORD04735,CSTMR0750,"Nov 04, 2025",19:10:18
ORD04736,CSTMR0383,2023.12.08,13:06:45
ORD04737,CSTMR0403,2025-10-14,21:06:16
ord04738,CSTMR0631,2021-06-24,17:07:48
ORD04739,cstmr0422,14-04-2021,16:58:49
ORD04740,CSTMR0429,11-06-22,18:19:54
ORD04741,CSTMR0482,07 Aug 2025,12:44:39
ORD04742,CSTMR0602,09-01-25,12:30:24
ORD04743,CSTMR0728,26-06-2023,08:58:53
ORD04744,CSTMR0495,01-09-25,14:49:09
ord04745,CSTMR0768,24/03/2024,13:57:25
ord04746,CSTMR0661,2025.01.23,20:23:29
ord04747,CSTMR0064,12 Feb 2024,13:50:10
ORD04748,CSTMR0210,02/25/2026,12:24:50
ord04749,cstmr0257,22 May 2022,12:57:41
ORD04750,CSTMR0905,28-11-2025,13:17:35
ORD04751,CSTMR0170,2025-10-19,08:57:22
ORD04752,cstmr0946,09-03-2025,13:08:03
ord04753,CSTMR0279,2023.08.07,19:01:01
ORD04754,CSTMR0806,14-04-2023,21:29:44
ORD04755,CSTMR0554,19-10-2023,20:04:27
ORD04756,cstmr0692,2026-05-24,12:26:08
ord04757,CSTMR0815,2026-05-31,22:53:09
ORD04758,CSTMR0194,2024-08-05,09:19:01
ord04759,CSTMR0744,12/20/2025,09:04:48
ord04760,CSTMR0358,2022.01.13,18:13:15
ord04761,CSTMR0259,02-04-2024,10:57:34
ord04762,CSTMR0624,"Jul 27, 2022",20:42:09
ORD04763,CSTMR0785,19/04/2024,19:37:14
ORD04764,CSTMR0650,2024.05.05,12:12:28
ORD04765,CSTMR0301,30-01-2026,12:45:13
ORD04766,cstmr0358,2024-09-11,21:04:35
ORD04767,CSTMR0691,12-14-24,13:48:03
ord04768,CSTMR0199,2022.02.09,21:15:00
ORD04769,cstmr0635,06/17/2024,20:57:57
ORD04770,cstmr0688,03-27-26,14:51:40
ord04771,CSTMR0020,20 Mar 2023,10:55:46
ORD04772,CSTMR0911,"Nov 29, 2024",20:23:55
ord04773,CSTMR0171,2024.05.04,11:09:29
ORD04774,cstmr0806,02 Jun 2022,10:15:00
ORD04775,CSTMR0952,19 Jul 2025,22:26:37
ORD04776,CSTMR0401,30/12/2024,15:13:12
ORD04777,CSTMR0489,04-19-25,19:22:35
ORD04778,cstmr0298,20-05-2025,08:56:29
ORD04779,cstmr0750,"Sep 08, 2024",21:42:38
ord04780,CSTMR0482,01/07/2023,16:54:52
ord04781,CSTMR0469,21 Dec 2025,12:51:50
ord04782,cstmr0583,29/02/2024,15:25:31
ord04783,cstmr0713,26/05/2021,16:51:20
ord04784,CSTMR0816,"Mar 31, 2026",12:38:33
ord04785,CSTMR0537,16/06/2023,14:14:05
ord04786,CSTMR0052,05-03-26,09:18:17
ORD04787,CSTMR0166,"Jun 06, 2023",19:39:01
ord04788,CSTMR0177,23 Jan 2022,19:07:29
ord04789,cstmr0786,2025-03-16,21:04:58
ord04790,CSTMR0070,2024-11-30,21:52:42
ORD04791,cstmr0356,17/03/2022,09:41:04
ord04792,CSTMR0909,04/08/2023,15:34:45
ORD04793,CSTMR0937,07-06-2022,18:54:51
ORD04794,CSTMR0953,2026-03-23,21:06:31
ORD04795,CSTMR0945,31/12/2025,13:48:45
ORD04796,cstmr0781,12-02-2023,22:17:32
ORD04797,CSTMR0445,2025.10.17,11:36:51
ORD04798,cstmr0270,2024-02-04,17:21:06
ORD04799,CSTMR0108,"Mar 26, 2023",09:50:20
ORD04800,CSTMR0351,08 Oct 2024,11:49:48
ORD04801,cstmr0532,04-07-23,19:43:35
ORD04802,cstmr0536,05-12-23,20:21:25
ord04803,CSTMR0325,08/06/2024,11:10:07
ORD04804,CSTMR0777,20/07/2021,12:43:15
ORD04805,CSTMR0254,"Dec 13, 2024",12:29:55
ord04806,cstmr0708,03/31/2024,17:21:59
ORD04807,cstmr0876,"Jul 26, 2025",12:38:38
ord04808,CSTMR0104,2023-05-10,20:13:15
ord04809,CSTMR0002,2021.03.26,22:13:26
ORD04810,CSTMR0554,10/28/2024,18:16:36
ord04811,CSTMR0570,04/01/2026,19:38:54
ORD04812,cstmr0010,2025-04-02,15:41:09
ORD04813,CSTMR0676,"Jan 06, 2026",12:26:44
ord04814,CSTMR0158,12/15/2023,13:57:55
ORD04815,cstmr0767,06 Feb 2024,22:33:26
ORD04816,CSTMR0119,28 May 2025,18:06:34
ord04817,CSTMR0903,26 Feb 2025,18:35:06
ORD04818,cstmr0980,2026-04-13,22:03:59
ORD04819,cstmr0952,10/30/2024,12:23:48
ord04820,CSTMR0013,06/12/2024,09:35:50
ORD04821,cstmr0018,02-12-2022,20:08:51
ORD04822,CSTMR0753,07/11/2021,21:25:17
ORD04823,CSTMR0441,12-03-24,18:42:45
ORD04824,CSTMR0012,2025.07.24,17:32:36
ORD04825,cstmr0019,2023.07.05,19:07:44
ord04826,cstmr0669,07-02-21,12:26:19
ORD04827,cstmr0285,2021-07-01,21:40:13
ord04828,cstmr0888,03 Oct 2022,16:06:32
ORD04829,cstmr0662,18-09-2025,10:17:04
ord04830,CSTMR0564,21 Jan 2022,21:49:13
ord04831,CSTMR0204,01/09/2025,19:14:32
ord04832,CSTMR0746,"Aug 28, 2023",08:51:41
ORD04833,cstmr0826,03/05/2025,12:47:45
ORD04834,CSTMR0067,09-08-24,19:07:25
ord04835,cstmr0430,03 Jun 2023,22:11:06
ORD04836,CSTMR0178,"Mar 24, 2026",12:02:28
ord04837,CSTMR0039,2025.05.30,16:49:34
ORD04838,CSTMR0864,2025.01.19,20:00:08
ord04839,cstmr0127,2024.07.10,16:36:28
ord04840,CSTMR0583,23/09/2023,11:15:13
ord04841,CSTMR0146,2023-05-11,21:17:43
ord04842,CSTMR0853,23/03/2026,09:53:33
ORD04843,CSTMR0031,24/05/2025,20:34:56
ORD04844,cstmr0234,2025.02.14,18:27:27
ORD04845,cstmr0108,26/01/2025,16:00:21
ord04846,CSTMR0365,2025.10.04,16:47:54
ord04847,cstmr0422,21 Feb 2025,13:23:30
ORD04848,CSTMR0798,03-09-2021,13:18:41
ord04849,cstmr0515,09/17/2022,19:02:33
ord04850,CSTMR0945,21-02-2025,18:20:35
ORD04851,CSTMR0803,10-05-22,17:43:23
ORD04852,cstmr0166,15-05-2026,10:24:30
ORD04853,cstmr0336,08-25-25,20:22:41
ord04854,CSTMR0228,09/01/2025,08:41:46
ORD04855,CSTMR0067,2024.10.30,20:40:01
ORD04856,CSTMR0463,"Jan 04, 2026",20:32:16
ord04857,CSTMR0206,2024-06-30,22:16:35
ORD04858,cstmr0703,17-05-2021,11:06:20
ORD04859,CSTMR0007,05/09/2023,08:05:48
ord04860,CSTMR0361,11/05/2021,12:34:36
ORD04861,CSTMR0497,2023-09-15,13:13:15
ord04862,cstmr0920,02/10/2025,13:24:59
ORD04863,CSTMR0302,10 Dec 2022,12:59:38
ord04864,CSTMR0099,08 Mar 2024,09:29:10
ord04865,CSTMR0795,10/13/2022,12:58:04
ORD04866,CSTMR0941,2025.07.21,11:35:12
ord04867,cstmr0138,02/07/2024,12:12:52
ORD04868,CSTMR0718,31-07-2024,21:15:39
ord04869,CSTMR0535,04 Mar 2026,14:57:59
ORD04870,CSTMR0291,2026-05-27,20:39:44
ORD04871,CSTMR0416,11 Jun 2021,21:40:55
ORD04872,CSTMR0640,04/09/2021,10:34:29
ORD04873,CSTMR0873,2021-08-13,20:55:55
ORD04874,CSTMR0333,2022.04.29,13:54:24
ORD04875,CSTMR0570,12-17-23,16:30:20
ORD04876,CSTMR0983,04/30/2023,19:47:04
ORD04877,CSTMR0468,07/04/2022,08:57:24
ORD04878,CSTMR0952,08/02/2024,19:40:14
ord04879,CSTMR0350,03/02/2026,22:04:48
ORD04880,CSTMR0149,"Apr 24, 2026",19:55:49
ord04881,CSTMR0909,21 May 2025,12:22:18
ord04882,cstmr0469,14/08/2025,14:44:13
ORD04883,CSTMR0218,2021.01.22,19:00:31
ORD04884,cstmr0720,03-13-22,20:03:41
ORD04885,CSTMR0767,18 Jun 2025,17:00:18
ord04886,CSTMR0368,02-02-2023,13:46:50
ord04887,cstmr0915,2023.07.21,20:50:06
ORD04888,CSTMR0525,02/28/2021,19:10:09
ORD04889,cstmr0164,2026-03-29,21:06:19
ORD04890,CSTMR0553,14-07-2022,08:58:23
ORD04891,CSTMR0274,2023.07.15,17:48:22
ORD04892,CSTMR0976,01/25/2026,21:47:46
ORD04893,CSTMR0744,2024.07.24,09:22:27
ORD04894,cstmr0915,01/19/2023,20:53:05
ORD04895,CSTMR0017,29-09-2023,20:26:18
ORD04896,CSTMR0395,09/23/2024,11:13:55
ORD04897,CSTMR0358,06/04/2021,19:12:43
ord04898,CSTMR0459,08/14/2025,14:23:29
ORD04899,CSTMR0190,11/16/2023,12:03:36
ord04900,CSTMR0274,2024.05.04,08:57:35
ORD04901,CSTMR0945,2024-05-27,18:18:30
ORD04902,cstmr0034,"Jul 20, 2024",18:08:49
ORD04903,CSTMR0662,12/14/2024,21:30:24
ord04904,CSTMR0843,05-11-2021,15:04:12
ORD04905,cstmr0130,17/05/2022,19:28:38
ord04906,CSTMR0342,"Aug 28, 2023",20:10:23
ORD04907,cstmr0342,04/28/2024,14:05:24
ord04908,CSTMR0583,10-31-23,11:35:40
ORD04909,CSTMR0679,2026-05-15,09:52:19
ORD04910,CSTMR0510,2023.03.10,14:37:48
ORD04911,cstmr0692,2023.03.11,15:32:51
ORD04912,cstmr0423,12-31-23,09:12:25
ord04913,cstmr0782,2021-05-22,09:52:05
ord04914,CSTMR0184,"Jun 01, 2024",21:19:50
ORD04915,CSTMR0056,20 Mar 2023,12:04:36
ord04916,CSTMR0190,2026-03-07,21:16:58
ORD04917,CSTMR0251,2023.04.04,09:41:25
ORD04918,CSTMR0142,2024-04-22,12:44:28
ord04919,CSTMR0793,30 Mar 2024,09:42:17
ord04920,CSTMR0971,01-21-25,14:06:00
ord04921,CSTMR0890,03/16/2026,21:03:52
ord04922,CSTMR0495,2025.08.06,12:44:18
ORD04923,cstmr0421,11-30-24,11:14:16
ORD04924,cstmr0650,04-01-2024,21:05:16
ORD04925,CSTMR0983,05/29/2021,19:12:57
ORD04926,cstmr0618,2025-11-10,15:16:57
ORD04927,cstmr0713,26-07-2024,21:45:02
ORD04928,CSTMR0720,01/06/2025,18:56:14
ord04929,cstmr0616,2023.10.30,09:42:03
ORD04930,CSTMR0639,"Apr 22, 2024",11:10:21
ORD04931,cstmr0743,10 Aug 2022,08:44:57
ord04932,CSTMR0747,2026.04.19,20:12:15
ORD04933,cstmr0377,"Apr 18, 2025",12:14:07
ord04934,CSTMR0594,01-13-24,11:04:57
ORD04935,CSTMR0572,01/06/2026,08:07:30
ORD04936,cstmr0718,27/03/2024,22:52:45
ord04937,CSTMR0878,09-01-25,18:56:27
ORD04938,cstmr0603,"Oct 22, 2024",19:03:13
ORD04939,CSTMR0508,02-12-26,22:29:36
ord04940,CSTMR0625,2021.05.02,19:15:45
ord04941,CSTMR0975,2024-11-03,13:00:18
ORD04942,CSTMR0674,12-06-24,20:08:29
ord04943,CSTMR0720,2024.12.20,11:19:19
ORD04944,cstmr0471,2023-07-22,21:05:56
ord04945,CSTMR0280,03-01-2026,21:57:51
ORD04946,CSTMR0728,26-07-2024,12:32:49
ORD04947,cstmr0702,05-09-25,15:02:44
ORD04948,CSTMR0358,2021.06.04,12:38:10
ORD04949,CSTMR0875,2021.05.27,21:47:26
ORD04950,CSTMR0502,08-17-24,14:33:08
ord04951,cstmr0638,2024-10-31,08:43:04
ord04952,cstmr0267,22-03-2026,08:17:37
ORD04953,CSTMR0887,31-01-2023,22:15:49
ord04954,cstmr0017,03/15/2022,16:44:45
ord04955,CSTMR0963,29-08-2025,09:42:01
ord04956,cstmr0646,18 Mar 2025,19:16:57
ord04957,cstmr0787,2023.03.23,19:58:24
ord04958,CSTMR0121,06/06/2025,20:11:34
ORD04959,cstmr0832,10/01/2026,20:32:19
ORD04960,CSTMR0251,24 Sep 2024,12:02:49
ord04961,CSTMR0736,2025.02.07,21:12:27
ORD04962,CSTMR0970,04/16/2022,20:46:44
ord04963,cstmr0914,2023-03-01,08:11:22
ORD04964,CSTMR0841,18 Sep 2024,11:46:40
ORD04965,CSTMR0617,2023-09-23,09:49:34
ord04966,cstmr0208,11-03-2023,19:21:22
ORD04967,CSTMR0431,23/07/2024,21:34:12
ord04968,CSTMR0291,15 Aug 2025,13:30:34
ord04969,CSTMR0891,09-12-25,21:03:33
ORD04970,CSTMR0435,"Mar 30, 2023",15:50:17
ORD04971,CSTMR0646,07-12-2021,18:24:07
ORD04972,cstmr0779,06/14/2025,21:50:50
ord04973,CSTMR0522,2026-02-02,22:33:28
ORD04974,cstmr0511,"May 22, 2026",19:24:05
ORD04975,CSTMR0285,10-14-22,12:57:51
ord04976,cstmr0744,13 Mar 2026,21:02:29
ORD04977,cstmr0789,03-10-2025,20:40:00
ORD04978,CSTMR0206,09/22/2025,18:20:32
ord04979,cstmr0388,2025-03-04,19:26:30
ord04980,cstmr0636,01/26/2021,09:21:59
ord04981,CSTMR0764,2025-09-03,13:27:02
ORD04982,CSTMR0221,04 May 2024,11:45:29
ORD04983,CSTMR0334,"Apr 26, 2026",21:31:05
ord04984,CSTMR0676,2025.12.24,12:05:17
ORD04985,CSTMR0251,27 Sep 2023,13:24:09
ord04986,CSTMR0434,10/10/2021,13:45:48
ORD04987,CSTMR0855,11/03/2025,14:26:26
ORD04988,cstmr0862,"Feb 26, 2026",16:35:54
ord04989,CSTMR0002,08-08-2021,12:26:28
ORD04990,CSTMR0686,24 Dec 2024,09:41:38
ORD04991,CSTMR0550,2022-12-09,14:44:32
ORD04992,CSTMR0067,23 Apr 2023,15:36:13
ord04993,cstmr0871,2024.05.26,21:36:20
ORD04994,cstmr0448,2023-07-30,22:09:19
ord04995,cstmr0976,2026-03-11,14:49:24
ORD04996,cstmr0330,2024.02.22,17:26:55
ORD04997,CSTMR0029,02-25-26,10:43:03
ORD04998,CSTMR0692,2025.02.23,13:25:06
ORD04999,cstmr0632,04 Mar 2026,17:08:34
ORD05000,CSTMR0248,01-08-25,11:32:40
ord05001,CSTMR0917,2025.12.12,19:39:08
ORD05002,CSTMR0788,12 Nov 2022,12:03:35
ORD05003,cstmr0528,2025.09.11,19:39:21
ord05004,CSTMR0614,2025.04.17,13:04:32
ORD05005,CSTMR0730,03/16/2021,09:38:03
ORD05006,CSTMR0735,01-27-21,15:55:22
ORD05007,CSTMR0046,2022-09-17,21:40:18
ORD05008,cstmr0868,24-08-2024,18:21:19
ord05009,CSTMR0885,13 Mar 2022,17:05:53
ORD05010,cstmr0889,05/23/2022,11:54:07
ord05011,CSTMR0466,2025-12-22,16:45:29
ORD05012,cstmr0696,2022-07-30,08:26:05
ORD05013,cstmr0232,11-08-25,08:52:07
ORD05014,CSTMR0199,02-09-25,15:31:04
ORD05015,CSTMR0870,2023-04-16,21:14:30
ord05016,CSTMR0970,02/28/2023,11:17:27
ORD05017,cstmr0811,04-19-21,18:21:33
ord05018,CSTMR0416,05-23-22,19:56:12
ORD05019,CSTMR0597,11-06-2024,16:44:17
ORD05020,CSTMR0936,05-26-24,19:32:55
ORD05021,CSTMR0239,"Jun 08, 2021",17:33:11
ord05022,CSTMR0804,2022.02.09,18:58:10
ord05023,CSTMR0019,02-10-2023,15:05:22
ORD05024,CSTMR0524,13-04-2024,14:53:05
ORD05025,CSTMR0571,2024-01-14,14:43:08
ORD05026,CSTMR0125,12-27-24,08:37:48
ORD05027,cstmr0661,10/29/2025,11:22:46
ORD05028,CSTMR0426,03/30/2024,20:30:06
ORD05029,CSTMR0046,03/14/2024,20:42:05
ord05030,CSTMR0902,02-21-23,15:58:02
ORD05031,CSTMR0477,08/17/2024,20:45:40
ord05032,CSTMR0034,02 Jan 2024,18:42:28
ord05033,CSTMR0725,2022-06-18,13:51:51
ord05034,CSTMR0141,2024-04-21,13:43:07
ord05035,CSTMR0839,2023.07.09,21:02:30
ord05036,CSTMR0914,2024-02-24,09:13:58
ORD05037,CSTMR0035,24/07/2025,08:29:19
ord05038,CSTMR0358,02/20/2025,10:31:56
ORD05039,CSTMR0218,2021.04.30,13:41:23
ORD05040,CSTMR0054,2025.07.09,16:44:26
ORD05041,CSTMR0357,2024.04.01,22:09:24
ORD05042,CSTMR0564,12/26/2025,13:31:29
ord05043,cstmr0035,"Mar 29, 2025",10:36:17
ORD05044,CSTMR0795,"Nov 25, 2023",19:24:21
ord05045,CSTMR0220,24 Nov 2024,18:47:59
ORD05046,CSTMR0948,02-15-26,08:23:44
ORD05047,cstmr0688,2022.08.26,10:57:33
ORD05048,cstmr0805,09-12-2024,09:34:09
ORD05049,CSTMR0326,09-02-2025,13:14:48
ORD05050,CSTMR0882,23-07-2023,09:35:14
ord05051,cstmr0350,2026.01.17,15:59:49
ORD05052,CSTMR0795,15 Nov 2025,10:11:39
ord05053,CSTMR0074,"Dec 30, 2024",16:22:47
ord05054,CSTMR0389,"Sep 26, 2024",11:57:08
ORD05055,CSTMR0923,06/09/2021,22:58:36
ord05056,cstmr0620,21-08-2022,21:38:11
ORD05057,cstmr0694,06/05/2023,20:54:27
ORD05058,CSTMR0154,01-13-25,11:39:50
ORD05059,CSTMR0363,2021-07-21,11:26:21
ord05060,CSTMR0686,21-03-2026,12:41:01
ORD05061,cstmr0029,01-06-2026,10:15:47
ORD05062,cstmr0534,"Apr 15, 2026",13:15:21
ORD05063,cstmr0425,22-10-2025,19:38:53
ord05064,CSTMR0852,2023-10-24,17:02:23
ord05065,CSTMR0572,2022-09-11,12:21:03
ORD05066,CSTMR0388,2025.01.26,13:22:38
ORD05067,cstmr0719,11/05/2023,19:34:56
ORD05068,CSTMR0697,01 Sep 2022,14:07:09
ORD05069,CSTMR0363,18 Sep 2023,12:00:24
ord05070,CSTMR0796,"Jun 21, 2025",12:13:39
ord05071,CSTMR0295,05-05-2022,22:56:56
ORD05072,CSTMR0753,11 Nov 2023,14:48:37
ORD05073,CSTMR0681,05/04/2025,09:44:04
ORD05074,CSTMR0246,10-04-25,19:06:24
ord05075,cstmr0661,10-01-25,20:41:32
ORD05076,CSTMR0149,08-09-2023,12:16:33
ORD05077,cstmr0116,01/12/2021,21:02:26
ORD05078,CSTMR0446,03-10-25,21:02:26
ord05079,CSTMR0478,31-05-2026,18:18:16
ORD05080,CSTMR0643,2023.05.28,14:08:47
ORD05081,cstmr0004,24 Jun 2022,22:10:07
ORD05082,cstmr0071,24/06/2024,20:39:30
ORD05083,cstmr0749,2025.07.15,17:23:16
ord05084,cstmr0122,11-25-22,20:08:21
ORD05085,cstmr0048,04/04/2023,09:05:17
ord05086,CSTMR0043,04-01-2023,14:38:44
ORD05087,CSTMR0002,"Apr 08, 2021",12:48:28
ord05088,CSTMR0264,29 Dec 2022,22:49:55
ord05089,cstmr0140,"Dec 25, 2023",08:02:03
ORD05090,CSTMR0846,03-09-2022,15:36:12
ORD05091,CSTMR0911,30/01/2024,19:38:32
ORD05092,cstmr0304,08-15-24,08:25:48
ORD05093,CSTMR0546,28 Dec 2025,19:26:31
ord05094,CSTMR0400,12-21-25,19:42:45
ORD05095,CSTMR0828,11/27/2024,21:40:15
ORD05096,cstmr0076,2023.08.09,19:56:41
ORD05097,cstmr0167,08/17/2025,14:37:47
ORD05098,cstmr0167,06-01-2024,20:38:01
ORD05099,CSTMR0403,2024.02.23,13:12:45
ord05100,CSTMR0323,27-04-2024,11:31:36
ORD05101,CSTMR0204,01/25/2022,19:51:20
ord05102,CSTMR0316,11-14-22,20:34:17
ord05103,cstmr0860,08 Sep 2023,17:59:16
ORD05104,cstmr0231,09-14-23,17:10:14
ORD05105,cstmr0066,2024-02-16,13:20:01
ORD05106,CSTMR0438,10 Oct 2021,15:34:03
ORD05107,CSTMR0682,2023-04-07,20:40:00
ORD05108,cstmr0420,"May 05, 2021",11:06:15
ORD05109,CSTMR0168,"Mar 03, 2025",12:31:59
ORD05110,CSTMR0149,12/07/2022,09:33:37
ORD05111,cstmr0249,08-16-22,12:36:01
ord05112,CSTMR0035,23-04-2025,13:08:18
ORD05113,cstmr0718,"Dec 17, 2021",22:20:41
ord05114,cstmr0109,05-27-25,17:56:53
ORD05115,cstmr0303,20/11/2021,21:34:51
ORD05116,CSTMR0555,03/30/2023,13:11:16
ord05117,CSTMR0276,07/21/2023,14:14:19
ORD05118,CSTMR0405,09 Aug 2025,14:23:14
ord05119,CSTMR0936,22/03/2024,21:28:42
ORD05120,CSTMR0566,"Sep 10, 2022",20:15:43
ORD05121,CSTMR0445,2024-03-10,09:16:26
ORD05122,CSTMR0267,05 Sep 2023,14:56:23
ord05123,CSTMR0963,28-05-2021,21:55:48
ord05124,cstmr0371,"May 31, 2023",15:59:18
ORD05125,CSTMR0658,2024.07.05,08:53:39
ord05126,CSTMR0041,07 Feb 2022,09:32:40
ORD05127,cstmr0512,2021.12.19,17:14:14
ORD05128,cstmr0820,06 Jun 2024,14:12:45
ord05129,CSTMR0713,10-05-2021,20:22:43
ORD05130,CSTMR0559,05-05-23,09:09:02
ORD05131,CSTMR0403,2022-10-04,10:36:50
ORD05132,CSTMR0836,11/30/2023,21:19:38
ord05133,CSTMR0761,2024.06.15,13:02:23
ORD05134,cstmr0320,"Mar 29, 2021",21:51:50
ORD05135,CSTMR0453,"Jul 28, 2025",22:21:33
ORD05136,cstmr0692,12-26-21,13:38:48
ord05137,cstmr0657,2024-07-22,14:44:40
ORD05138,CSTMR0597,04-06-2023,16:13:47
ORD05139,CSTMR0011,13-04-2025,13:58:19
ORD05140,cstmr0625,2022.01.24,11:08:02
ord05141,CSTMR0122,16/10/2022,22:48:19
ord05142,CSTMR0343,09-16-25,11:13:24
ORD05143,CSTMR0940,07/13/2022,17:23:37
ord05144,CSTMR0555,23 Oct 2023,19:55:24
ORD05145,CSTMR0147,21 Feb 2021,19:03:45
ord05146,CSTMR0118,21/10/2023,09:01:15
ORD05147,CSTMR0978,"Feb 19, 2025",12:54:56
ORD05148,cstmr0578,"Jul 27, 2024",13:46:35
ORD05149,CSTMR0422,11/01/2022,20:52:02
ORD05150,CSTMR0968,2022-02-19,12:10:46
ord05151,CSTMR0849,"Jun 18, 2022",22:40:53
ORD05152,CSTMR0654,2023-08-23,13:39:09
ORD05153,CSTMR0573,30/04/2023,20:59:28
ORD05154,CSTMR0615,08 May 2024,22:26:00
ORD05155,CSTMR0994,2024-11-12,08:46:40
ORD05156,CSTMR0892,2024-06-11,13:54:45
ORD05157,CSTMR0496,2026-04-17,09:43:57
ORD05158,CSTMR0632,02/07/2022,10:53:08
ord05159,CSTMR0170,12/19/2021,21:30:45
ord05160,cstmr0431,2024-12-01,13:16:34
ORD05161,CSTMR0844,05/26/2024,19:25:56
ord05162,cstmr0873,"Aug 17, 2021",21:34:21
ORD05163,CSTMR0596,23 May 2025,16:06:51
ORD05164,CSTMR0161,12/02/2023,16:28:47
ord05165,CSTMR0499,26 Aug 2022,11:13:36
ORD05166,CSTMR0834,04/05/2026,20:31:23
ORD05167,CSTMR0131,10-25-23,13:37:59
ord05168,CSTMR0967,30-04-2023,08:31:01
ORD05169,CSTMR0794,2026.03.01,13:37:14
ORD05170,CSTMR0554,2023.09.19,12:41:09
ORD05171,CSTMR0046,05/06/2022,19:09:14
ORD05172,cstmr0547,29/11/2023,17:30:15
ord05173,cstmr0225,03/06/2021,19:22:55
ord05174,cstmr0471,13-01-2026,16:07:09
ORD05175,CSTMR0735,2026-02-06,19:18:41
ORD05176,cstmr0456,2022-06-24,20:53:59
ord05177,cstmr0246,12/03/2026,11:17:23
ORD05178,CSTMR0508,12-10-2023,14:29:50
ord05179,CSTMR0728,2024.04.19,19:19:52
ORD05180,cstmr0857,27 May 2023,08:53:09
ord05181,CSTMR0134,2025-06-11,14:55:31
ord05182,CSTMR0142,22 Aug 2024,10:16:24
ORD05183,cstmr0810,11-28-25,19:16:44
ord05184,cstmr0946,02/05/2026,18:36:49
ORD05185,CSTMR0680,28-07-2023,20:47:03
ORD05186,CSTMR0521,23-04-2021,21:50:01
ORD05187,CSTMR0065,03/12/2022,12:42:03
ORD05188,CSTMR0089,2022-06-19,13:11:52
ORD05189,CSTMR0144,2023.08.09,19:05:43
ORD05190,cstmr0564,2024.01.17,16:21:18
ord05191,CSTMR0728,10/24/2025,15:54:02
ORD05192,cstmr0391,01-03-26,12:47:25
ORD05193,CSTMR0605,04-25-24,17:51:30
ORD05194,cstmr0113,05-05-2023,20:00:18
ORD05195,cstmr0168,08 Jan 2022,22:54:33
ORD05196,CSTMR0508,"May 25, 2024",16:06:47
ORD05197,cstmr0986,"Jan 26, 2025",16:10:56
ORD05198,CSTMR0016,10 Sep 2022,18:43:36
ORD05199,cstmr0086,09/06/2024,13:00:38
ord05200,cstmr0035,22/07/2024,22:11:12
ORD05201,CSTMR0403,21/09/2022,21:34:26
ORD05202,CSTMR0200,02/07/2026,21:51:20
ORD05203,CSTMR0426,12/03/2023,18:01:06
ORD05204,CSTMR0308,05/07/2025,13:37:17
ORD05205,CSTMR0174,2025-06-26,14:09:23
ord05206,cstmr0544,21 Feb 2026,19:59:55
ORD05207,cstmr0358,28-06-2022,16:43:42
ORD05208,cstmr0376,12/04/2022,11:26:26
ORD05209,CSTMR0467,02 Apr 2024,17:54:16
ORD05210,cstmr0072,2025.06.03,17:12:30
ORD05211,CSTMR0789,10/19/2025,20:12:04
ORD05212,CSTMR0508,02-09-24,13:56:32
ORD05213,CSTMR0226,22 Apr 2026,17:45:48
ORD05214,CSTMR0284,03/20/2025,19:25:12
ord05215,CSTMR0690,14-08-2024,13:02:53
ORD05216,cstmr0679,2026-03-11,12:23:41
ORD05217,CSTMR0954,04/03/2025,13:28:33
ORD05218,cstmr0089,21-11-2021,08:45:39
ORD05219,CSTMR0669,03 Jun 2024,20:41:22
ORD05220,CSTMR0450,2022.08.27,21:49:41
ORD05221,cstmr0278,04/12/2024,20:28:08
ord05222,cstmr0064,14 Oct 2025,21:47:16
ORD05223,CSTMR0216,11-08-2023,20:32:19
ORD05224,CSTMR0207,09 Nov 2022,09:46:41
ORD05225,CSTMR0035,24-07-2025,14:58:09
ORD05226,CSTMR0380,"Apr 23, 2024",09:55:46
ORD05227,cstmr0372,01/26/2024,21:34:09
ORD05228,CSTMR0209,28 May 2023,19:15:35
ord05229,CSTMR0884,03-17-25,21:40:39
ORD05230,cstmr0174,27 Feb 2026,15:06:05
ORD05231,CSTMR0135,2026.04.21,15:10:07
ORD05232,CSTMR0645,2025-09-20,21:10:13
ORD05233,CSTMR0847,14-03-2025,18:44:57
ORD05234,cstmr0424,18/06/2023,19:07:48
ORD05235,CSTMR0763,16-11-2022,09:26:32
ORD05236,CSTMR0867,12/25/2023,11:29:52
ORD05237,CSTMR0517,02-07-2025,11:02:52
ORD05238,CSTMR0385,13/10/2024,20:13:59
ORD05239,cstmr0780,"Oct 11, 2024",20:57:53
ord05240,cstmr0404,23/12/2025,15:14:18
ord05241,CSTMR0423,01/09/2024,14:34:45
ord05242,CSTMR0152,23 Oct 2022,13:47:34
ORD05243,CSTMR0244,08-01-25,16:01:12
ORD05244,CSTMR0546,05/15/2025,16:55:25
ORD05245,CSTMR0236,14/04/2023,08:40:34
ord05246,CSTMR0586,05 May 2022,14:09:35
ORD05247,CSTMR0931,14-02-2024,17:24:18
ord05248,CSTMR0121,05-12-24,22:53:05
ORD05249,CSTMR0379,2022.10.07,19:09:56
ORD05250,cstmr0719,"Dec 29, 2023",19:26:20
ORD05251,CSTMR0779,24/02/2023,21:39:53
ORD05252,CSTMR0004,13/09/2023,19:47:15
ORD05253,CSTMR0081,"Oct 18, 2023",17:49:16
ORD05254,CSTMR0266,27/08/2024,17:23:29
ORD05255,CSTMR0678,22 Jul 2025,18:57:08
ORD05256,CSTMR0737,2022.02.21,20:30:53
ORD05257,cstmr0862,2023.09.12,21:19:08
ORD05258,CSTMR0863,2024.03.26,08:47:41
ord05259,CSTMR0497,2026.04.26,12:42:06
ord05260,CSTMR0109,07-12-2024,11:53:57
ORD05261,CSTMR0577,08 Oct 2023,14:37:19
ord05262,CSTMR0481,17 Feb 2022,19:53:23
ORD05263,CSTMR0361,01/27/2023,19:50:27
ord05264,CSTMR0820,02/20/2026,16:17:21
ord05265,cstmr0995,06/02/2024,15:41:34
ord05266,cstmr0953,2024.06.02,09:05:24
ord05267,CSTMR0429,25-05-2022,11:10:52
ORD05268,CSTMR0607,27-01-2023,12:02:43
ord05269,CSTMR0833,2025-11-19,16:05:05
ORD05270,CSTMR0395,07 Nov 2025,19:34:43
ORD05271,cstmr0026,2023.10.20,15:29:51
ord05272,CSTMR0611,2022-02-26,22:53:03
ORD05273,CSTMR0201,2022-06-25,20:17:15
ord05274,CSTMR0321,"May 06, 2023",12:59:07
ORD05275,cstmr0545,05-29-24,20:42:14
ord05276,CSTMR0950,06-17-23,20:06:38
ORD05277,CSTMR0297,12/25/2021,10:54:46
ORD05278,CSTMR0613,"May 02, 2025",19:23:33
ORD05279,CSTMR0508,"Jul 28, 2022",13:40:15
ORD05280,cstmr0122,"Aug 30, 2022",16:08:25
ord05281,CSTMR0550,2022-09-20,20:05:21
ORD05282,CSTMR0979,12 Mar 2024,17:03:43
ORD05283,cstmr0646,16/11/2024,12:50:17
ord05284,cstmr0877,07-23-25,20:02:54
ORD05285,CSTMR0072,02-19-26,09:04:47
ord05286,cstmr0337,2021-06-11,17:53:22
ord05287,CSTMR0468,15/01/2024,13:01:01
ORD05288,CSTMR0159,"Apr 19, 2026",09:29:44
ORD05289,cstmr0947,12/30/2022,12:14:55
ord05290,CSTMR0529,29/10/2021,12:03:31
ord05291,CSTMR0941,2025-11-10,13:07:56
ord05292,CSTMR0831,2025.10.28,20:02:34
ord05293,CSTMR0478,07 Sep 2024,13:41:07
ord05294,cstmr0833,12-06-2023,11:26:40
ord05295,cstmr0514,09-17-24,15:05:05
ord05296,cstmr0827,04/10/2024,17:43:24
ord05297,cstmr0080,10/18/2021,12:35:03
ORD05298,CSTMR0891,31 Aug 2025,19:55:09
ORD05299,CSTMR0128,12/01/2021,12:24:53
ord05300,cstmr0369,29 Jan 2025,15:21:38
ORD05301,CSTMR0814,15 Jul 2022,18:33:10
ORD05302,CSTMR0467,2025-02-15,21:30:20
ord05303,cstmr0421,02-06-2025,21:44:51
ord05304,CSTMR0483,27/11/2025,14:05:29
ORD05305,CSTMR0727,01-01-2024,14:26:17
ORD05306,CSTMR0862,"Nov 02, 2023",08:16:45
ord05307,CSTMR0358,2023.05.13,10:04:10
ord05308,CSTMR0796,11/05/2023,21:23:22
ORD05309,CSTMR0304,2023-04-22,14:15:33
ORD05310,CSTMR0735,07/05/2021,13:23:26
ORD05311,CSTMR0794,"Dec 14, 2021",08:51:37
ORD05312,cstmr0283,"Mar 06, 2022",14:23:34
ORD05313,cstmr0635,12-26-25,09:02:38
ORD05314,cstmr0527,01-05-21,21:29:09
ORD05315,CSTMR0282,04-07-2024,09:30:18
ORD05316,CSTMR0282,01-22-25,20:15:21
ORD05317,CSTMR0511,04-01-2023,19:55:11
ORD05318,CSTMR0583,"Oct 24, 2025",09:12:55
ORD05319,CSTMR0772,10-08-25,18:14:31
ORD05320,CSTMR0681,"May 29, 2023",11:46:11
ORD05321,CSTMR0041,"Apr 25, 2026",15:49:30
ORD05322,CSTMR0815,01/06/2026,12:59:36
ORD05323,cstmr0636,13/06/2023,14:30:43
ORD05324,CSTMR0894,2024.02.29,20:50:23
ORD05325,CSTMR0498,11-26-25,22:06:29
ORD05326,CSTMR0505,2024.03.18,21:41:15
ORD05327,CSTMR0128,03/07/2026,15:10:14
ORD05328,CSTMR0863,03/07/2026,17:54:57
ORD05329,CSTMR0462,07/16/2023,12:47:48
ORD05330,CSTMR0253,10-13-21,11:12:05
ord05331,CSTMR0057,10-10-2024,16:32:54
ord05332,CSTMR0062,16 Apr 2025,08:13:31
ord05333,cstmr0549,07-09-23,22:10:04
ord05334,cstmr0922,2025-06-16,19:05:31
ord05335,CSTMR0919,07-10-2025,18:35:39
ord05336,CSTMR0119,17 Mar 2025,21:38:36
ORD05337,CSTMR0839,27/12/2024,21:00:33
ORD05338,CSTMR0519,"Aug 06, 2021",13:00:11
ord05339,CSTMR0500,25 Jan 2025,16:32:42
ORD05340,cstmr0981,02-09-26,21:05:31
ORD05341,cstmr0596,16 Dec 2024,09:53:26
ord05342,CSTMR0856,04/13/2024,12:09:10
ord05343,CSTMR0222,01/06/2024,13:46:20
ORD05344,CSTMR0657,18/10/2023,08:07:20
ORD05345,CSTMR0517,"Sep 03, 2023",08:48:32
ORD05346,cstmr0577,2025.02.02,13:44:31
ord05347,CSTMR0985,02/06/2024,14:40:36
ORD05348,CSTMR0202,04-11-2025,13:17:15
ORD05349,CSTMR0604,22-09-2024,12:44:10
ORD05350,CSTMR0016,2022-09-14,20:05:22
ORD05351,cstmr0348,2022-03-06,19:06:04
ORD05352,CSTMR0396,2024-10-04,17:49:57
ORD05353,CSTMR0352,"Jul 29, 2023",13:37:22
ord05354,cstmr0985,16 Aug 2025,17:34:58
ord05355,CSTMR0603,24-07-2025,13:20:51
ord05356,cstmr0911,2023-09-11,20:37:13
ord05357,CSTMR0677,30/12/2025,21:26:15
ORD05358,CSTMR0506,18/06/2023,13:09:17
ORD05359,CSTMR0633,2023.02.26,10:43:04
ORD05360,cstmr0642,13/08/2023,11:56:10
ORD05361,CSTMR0570,03-08-24,12:19:25
ORD05362,cstmr0702,15-08-2025,10:30:03
ORD05363,CSTMR0120,22/09/2025,22:28:22
ord05364,CSTMR0524,12/14/2025,13:52:58
ORD05365,cstmr0659,2024-03-07,22:24:24
ord05366,cstmr0628,01-23-26,22:59:33
ORD05367,CSTMR0222,01-09-2024,13:39:54
ord05368,cstmr0244,06/29/2024,08:48:29
ORD05369,cstmr0313,26/04/2024,16:02:55
ORD05370,CSTMR0788,05-10-22,21:11:10
ORD05371,CSTMR0253,01-08-2025,13:07:44
ORD05372,CSTMR0650,17 May 2023,14:19:06
ORD05373,CSTMR0327,"Jun 02, 2022",13:11:59
ORD05374,CSTMR0119,2023.02.18,08:15:04
ORD05375,CSTMR0003,"Oct 27, 2024",12:44:41
ord05376,cstmr0271,03/11/2025,14:43:49
ord05377,cstmr0252,29/04/2023,11:02:51
ord05378,CSTMR0302,2022-11-06,12:21:58
ORD05379,cstmr0355,12-07-21,11:53:43
ORD05380,CSTMR0629,09/10/2022,12:21:58
ORD05381,CSTMR0073,2025-05-29,14:31:00
ord05382,CSTMR0066,04/19/2023,12:28:17
ord05383,CSTMR0768,03-14-26,13:24:32
ORD05384,CSTMR0126,2022-04-02,20:16:11
ORD05385,cstmr0767,2026.02.14,18:48:33
ord05386,CSTMR0292,13/12/2024,14:48:43
ord05387,CSTMR0719,12-25-25,22:58:28
ORD05388,cstmr0545,2023.07.24,21:59:15
ORD05389,CSTMR0622,02/19/2022,12:10:29
ORD05390,CSTMR0400,03 Jan 2025,08:15:24
ord05391,cstmr0669,20/10/2023,16:26:04
ORD05392,CSTMR0476,02-18-24,13:24:03
ORD05393,cstmr0696,31 Jul 2021,21:49:49
ord05394,CSTMR0969,09-06-2025,12:01:35
ORD05395,CSTMR0408,07 Sep 2024,11:48:54
ORD05396,cstmr0314,"Nov 03, 2023",09:55:35
ORD05397,CSTMR0826,01/29/2026,20:53:05
ORD05398,CSTMR0639,01/02/2026,20:02:09
ORD05399,CSTMR0919,"Nov 08, 2024",08:21:43
ord05400,CSTMR0107,"Jan 24, 2025",17:31:05
ORD05401,CSTMR0203,"Oct 03, 2023",13:30:38
ORD05402,cstmr0134,01/04/2024,13:36:50
ord05403,CSTMR0621,2023-11-26,20:51:55
ORD05404,CSTMR0937,2021-09-21,18:26:25
ORD05405,CSTMR0276,"Apr 13, 2023",12:53:25
ord05406,cstmr0745,11/12/2022,20:39:53
ORD05407,CSTMR0749,2023-08-07,12:19:44
ORD05408,cstmr0660,01/06/2023,14:35:41
ord05409,CSTMR0581,2023.02.12,21:22:37
ord05410,CSTMR0297,2022.04.24,18:42:05
ORD05411,CSTMR0522,30/04/2025,09:02:39
ORD05412,CSTMR0935,18/02/2021,20:02:13
ORD05413,cstmr0944,01 Nov 2024,19:20:53
ORD05414,CSTMR0926,14/10/2023,21:56:49
ORD05415,CSTMR0350,13-11-2021,20:30:42
ord05416,CSTMR0913,2023-02-02,10:26:25
ORD05417,CSTMR0145,2024-10-10,20:36:56
ord05418,CSTMR0303,04-12-2024,18:31:54
ord05419,CSTMR0392,30 Apr 2026,20:23:23
ORD05420,CSTMR0502,2021-02-23,21:44:22
ord05421,CSTMR0132,07-26-23,15:29:28
ord05422,CSTMR0800,07/09/2024,16:26:10
ORD05423,CSTMR0146,26/09/2025,09:14:54
ORD05424,cstmr0858,25-05-2025,13:25:20
ORD05425,cstmr0469,"Dec 23, 2022",12:22:18
ORD05426,CSTMR0689,2022-10-04,20:24:14
ORD05427,CSTMR0398,23/05/2025,19:13:24
ord05428,CSTMR0139,15-11-2024,17:41:40
ORD05429,cstmr0968,2023-01-15,11:37:25
ord05430,CSTMR0405,08-03-2022,20:04:48
ORD05431,CSTMR0257,2024.02.08,12:00:34
ORD05432,cstmr0600,15/09/2025,20:27:39
ord05433,CSTMR0065,2025.12.07,08:48:59
ord05434,cstmr0967,24-01-2026,09:54:14
ORD05435,CSTMR0296,11-13-23,12:23:54
ORD05436,CSTMR0430,"Jun 28, 2023",14:40:20
ORD05437,CSTMR0355,29-12-2025,20:33:34
ord05438,CSTMR0137,03/31/2024,16:29:46
ORD05439,cstmr0090,28 Feb 2024,14:30:48
ORD05440,cstmr0773,06/08/2023,19:57:06
ORD05441,CSTMR0087,2026-01-06,09:18:09
ord05442,cstmr0076,01/29/2024,19:37:40
ORD05443,CSTMR0588,13 Jan 2023,19:34:02
ORD05444,CSTMR0217,23 Feb 2025,13:42:27
ORD05445,cstmr0723,15-12-2025,21:06:23
ORD05446,CSTMR0036,12/10/2022,17:33:08
ORD05447,CSTMR0856,30 May 2023,22:23:03
ord05448,CSTMR0970,15 Aug 2024,18:15:19
ORD05449,CSTMR0295,07 Dec 2024,10:48:58
ORD05450,cstmr0611,03-31-23,08:54:43
ord05451,CSTMR0040,2024.01.03,12:52:53
ord05452,CSTMR0356,2025-11-27,12:03:21
ORD05453,cstmr0910,02-04-2024,19:33:37
ORD05454,cstmr0471,26-10-2024,21:11:14
ORD05455,CSTMR0558,2024-06-19,20:50:05
ORD05456,CSTMR0244,2024.02.03,19:13:22
ord05457,cstmr0944,"Feb 16, 2026",13:17:45
ORD05458,CSTMR0271,2026.03.22,11:41:04
ORD05459,CSTMR0176,2025.01.18,12:40:08
ORD05460,cstmr0477,07/02/2024,09:41:13
ORD05461,CSTMR0817,2023-01-25,12:28:34
ORD05462,CSTMR0652,29 Mar 2026,09:22:26
ord05463,CSTMR0292,08/11/2025,14:27:12
ORD05464,CSTMR0646,28 Aug 2022,11:49:10
ord05465,cstmr0935,05 Jul 2023,21:02:53
ORD05466,CSTMR0128,2025.09.28,21:50:06
ORD05467,CSTMR0505,05-12-26,11:52:53
ORD05468,cstmr0087,2023-02-11,11:15:33
ORD05469,CSTMR0426,2026-05-28,14:02:48
ORD05470,cstmr0794,2022.12.09,08:06:32
ord05471,cstmr0764,2025.12.05,16:14:40
ORD05472,CSTMR0901,"Jan 27, 2022",16:30:27
ord05473,CSTMR0879,2023-03-27,14:25:43
ord05474,cstmr0033,11/06/2022,10:28:26
ORD05475,CSTMR0787,"Apr 14, 2021",10:30:22
ORD05476,CSTMR0004,10/24/2022,14:33:37
ORD05477,cstmr0344,09-26-24,21:25:40
ord05478,cstmr0643,14 Feb 2025,09:08:07
ORD05479,CSTMR0285,2024.07.10,09:51:32
ORD05480,CSTMR0819,15/02/2024,12:48:49
ord05481,CSTMR0690,17 Dec 2024,11:03:23
ORD05482,CSTMR0635,30/04/2024,16:46:14
ORD05483,CSTMR0299,2025-08-09,20:58:18
ORD05484,cstmr0914,24/05/2024,16:59:13
ORD05485,CSTMR0479,2023.11.04,08:04:36
ORD05486,CSTMR0098,04/25/2023,13:51:25
ord05487,cstmr0910,08/29/2025,22:28:30
ORD05488,cstmr0274,"Nov 11, 2025",20:30:42
ord05489,cstmr0807,2023-01-02,13:52:55
ORD05490,CSTMR0447,"Mar 11, 2026",12:01:01
ORD05491,CSTMR0468,2023-10-25,16:09:11
ORD05492,cstmr0793,22 Sep 2025,13:52:14
ORD05493,CSTMR0255,08 Jul 2021,20:54:25
ORD05494,cstmr0476,01/03/2025,18:13:42
ORD05495,cstmr0777,22-03-2025,14:58:17
ORD05496,CSTMR0537,06/26/2024,21:54:33
ORD05497,CSTMR0951,"Jan 12, 2026",20:43:51
ORD05498,CSTMR0957,10/09/2023,08:30:07
ord05499,CSTMR0679,"May 08, 2021",22:29:53
ord05500,cstmr0242,"Mar 15, 2022",12:58:39
ORD05501,CSTMR0914,29/05/2024,12:25:57
ORD05502,CSTMR0919,02-12-2023,12:14:15
ORD05503,cstmr0207,12/05/2024,13:46:54
ORD05504,cstmr0414,03/04/2023,16:41:09
ord05505,CSTMR0135,2022-08-30,19:01:27
ORD05506,cstmr0731,"Oct 01, 2021",22:50:53
ORD05507,CSTMR0494,27-04-2024,21:05:03
ORD05508,CSTMR0262,01-15-26,17:30:09
ORD05509,CSTMR0470,07-12-24,19:33:33
ORD05510,cstmr0288,2022.07.30,10:45:23
ORD05511,CSTMR0905,21-11-2025,10:07:59
ORD05512,CSTMR0630,"Feb 09, 2022",21:48:04
ord05513,cstmr0912,2021.12.12,20:27:56
ORD05514,cstmr0699,2023-09-08,20:41:06
ORD05515,CSTMR0135,2022.08.31,18:27:46
ord05516,CSTMR0205,06-28-24,21:07:23
ORD05517,CSTMR0367,30 Nov 2024,13:08:34
ORD05518,CSTMR0572,09/04/2026,10:22:36
ORD05519,CSTMR0188,"Feb 03, 2023",08:12:32
ORD05520,cstmr0805,13-06-2023,19:42:41
ORD05521,CSTMR0509,"Sep 02, 2023",13:43:38
ORD05522,cstmr0993,2023-04-18,13:00:59
ord05523,CSTMR0880,11/02/2024,09:13:27
ORD05524,cstmr0368,10/09/2023,18:59:20
ORD05525,cstmr0527,10/26/2024,22:59:27
ord05526,cstmr0589,"Jan 21, 2022",12:02:55
ORD05527,cstmr0805,24/04/2024,19:53:18
ORD05528,cstmr0671,"Dec 01, 2023",09:40:37
ORD05529,cstmr0060,"Aug 05, 2025",22:26:30
ord05530,CSTMR0379,04 May 2022,20:16:56
ORD05531,CSTMR0929,19/01/2025,21:33:23
ORD05532,cstmr0808,05-15-25,21:18:46
ORD05533,cstmr0517,10-21-24,15:51:04
ORD05534,CSTMR0247,19/09/2023,13:39:52
ORD05535,cstmr0464,30 May 2024,20:40:26
ORD05536,CSTMR0296,2023-08-25,12:12:15
ord05537,CSTMR0331,07-04-2026,14:09:05
ORD05538,cstmr0998,11/11/2022,16:33:48
ORD05539,CSTMR0953,09-26-22,17:27:46
ord05540,CSTMR0912,2022.12.31,13:05:23
ORD05541,CSTMR0288,2023-09-27,22:53:38
ORD05542,CSTMR0102,30-08-2024,17:35:15
ord05543,CSTMR0378,2022-11-05,09:31:28
ORD05544,cstmr0102,2025.05.04,20:03:17
ORD05545,cstmr0576,"Aug 16, 2024",22:36:37
ORD05546,cstmr0689,2023-02-12,10:00:02
ord05547,cstmr0810,04-14-24,11:17:18
ORD05548,CSTMR0430,02/14/2026,15:04:09
ord05549,CSTMR0482,18 Jul 2023,12:03:00
ORD05550,CSTMR0554,05/23/2025,16:03:11
ord05551,CSTMR0266,2024.03.18,09:15:03
ord05552,CSTMR0513,27/05/2026,08:00:37
ORD05553,CSTMR0697,05/03/2024,13:26:09
ORD05554,CSTMR0093,21-02-2024,17:18:00
ord05555,CSTMR0066,"May 24, 2023",09:28:47
ord05556,CSTMR0738,"Jul 10, 2022",09:36:18
ORD05557,CSTMR0803,2026.05.09,15:58:37
ORD05558,CSTMR0261,"Oct 13, 2023",09:06:24
ORD05559,CSTMR0581,30/10/2022,11:14:29
ord05560,CSTMR0040,2025-11-01,19:24:33
ORD05561,CSTMR0028,"Jun 03, 2024",08:26:08
ORD05562,CSTMR0141,"Jun 01, 2026",13:26:19
ord05563,cstmr0644,02 Dec 2024,11:02:31
ORD05564,CSTMR0308,04-02-26,08:05:42
ORD05565,CSTMR0600,"Jul 03, 2024",13:48:49
ORD05566,CSTMR0791,02-13-26,20:33:59
ORD05567,CSTMR0723,05-14-24,19:17:26
ord05568,CSTMR0499,03/20/2022,19:07:35
ORD05569,CSTMR0314,06/07/2022,13:45:15
ORD05570,CSTMR0332,19-10-2025,12:14:49
ORD05571,cstmr0535,12-13-24,17:42:05
ORD05572,cstmr0717,05-05-2025,17:55:47
ORD05573,CSTMR0747,2023-12-27,08:14:39
ORD05574,cstmr0742,2024.03.02,14:56:09
ord05575,cstmr0505,"Jun 26, 2023",12:19:38
ORD05576,CSTMR0798,03-08-25,12:09:22
ORD05577,cstmr0694,27 Jul 2024,15:12:52
ORD05578,CSTMR0605,03/07/2024,15:36:28
ord05579,CSTMR0951,08-07-21,20:05:41
ORD05580,cstmr0665,2025.06.12,21:58:43
ord05581,cstmr0679,"Nov 17, 2021",17:34:38
ord05582,cstmr0275,04/02/2023,21:16:32
ord05583,CSTMR0542,07/20/2022,12:10:05
ord05584,cstmr0688,17 May 2026,11:39:54
ORD05585,cstmr0817,2025-09-01,22:08:34
ord05586,cstmr0253,"May 12, 2025",11:48:29
ORD05587,cstmr0744,02-24-26,17:11:30
ORD05588,cstmr0267,2022-12-07,15:12:49
ord05589,CSTMR0844,09/26/2024,16:55:35
ORD05590,CSTMR0897,"Nov 06, 2021",13:07:19
ORD05591,CSTMR0099,13/01/2023,12:22:57
ORD05592,CSTMR0222,04/12/2022,11:23:41
ORD05593,cstmr0045,12/24/2022,12:22:16
ord05594,cstmr0199,02-05-2025,19:38:35
ORD05595,CSTMR0830,11-07-2024,13:25:48
ord05596,CSTMR0477,22 May 2022,09:38:35
ORD05597,CSTMR0403,24 May 2023,20:00:15
ORD05598,CSTMR0517,2022-02-08,15:16:30
ORD05599,cstmr0334,2024-12-09,12:27:07
ORD05600,cstmr0368,04-09-2025,10:36:26
ORD05601,CSTMR0822,2026.05.21,21:33:16
ord05602,cstmr0527,08-29-25,09:43:31
ORD05603,CSTMR0645,19 May 2025,11:47:03
ORD05604,CSTMR0876,10/16/2025,21:19:29
ORD05605,CSTMR0384,15/02/2023,20:49:33
ORD05606,cstmr0671,14-05-2023,22:43:47
ord05607,cstmr0996,2023-04-04,18:02:17
ORD05608,CSTMR0727,09-08-25,21:44:37
ord05609,cstmr0365,2021.09.17,17:45:14
ORD05610,CSTMR0673,02 Sep 2023,18:41:11
ord05611,cstmr0386,07/06/2023,19:59:30
ORD05612,cstmr0783,07/27/2023,22:30:36
ORD05613,CSTMR0414,31-07-2021,19:19:37
ORD05614,CSTMR0497,09-05-24,09:29:17
ORD05615,CSTMR0322,23/09/2025,18:08:05
ORD05616,CSTMR0415,09-28-23,10:28:35
ord05617,CSTMR0442,03/31/2022,20:57:26
ORD05618,cstmr0143,"Jan 31, 2024",21:52:05
ord05619,CSTMR0412,22 Sep 2025,21:25:56
ORD05620,CSTMR0089,2022-12-26,13:32:35
ORD05621,cstmr0383,15-01-2022,13:24:16
ORD05622,CSTMR0175,21-07-2024,13:13:10
ord05623,CSTMR0446,05-31-26,19:45:03
ord05624,cstmr0037,"Jan 09, 2025",14:40:17
ORD05625,CSTMR0122,24/12/2023,21:19:51
ord05626,CSTMR0763,"Nov 12, 2022",11:35:47
ORD05627,CSTMR0033,17 Feb 2023,17:15:23
ORD05628,CSTMR0520,12/23/2021,13:20:59
ORD05629,cstmr0844,2022.12.08,12:41:59
ORD05630,CSTMR0526,09-03-2022,19:02:21
ord05631,cstmr0847,08-21-24,12:33:51
ORD05632,cstmr0566,16 Apr 2023,12:54:43
ORD05633,cstmr0295,04-10-2023,17:40:39
ORD05634,CSTMR0163,2025-10-03,15:50:42
ord05635,cstmr0603,2022-08-11,21:49:16
ORD05636,CSTMR0506,2023-12-01,08:57:14
ORD05637,cstmr0617,02-08-24,18:48:42
ORD05638,cstmr0121,06-04-2023,14:00:47
ORD05639,CSTMR0028,04-09-25,22:14:54
ORD05640,CSTMR0181,2023.01.23,22:16:35
ORD05641,CSTMR0997,2026.01.24,20:12:27
ORD05642,CSTMR0936,2021.09.26,17:36:42
ORD05643,CSTMR0146,"May 11, 2023",22:36:07
ORD05644,CSTMR0195,12-10-23,09:38:23
ORD05645,CSTMR0514,2025.07.24,21:57:55
ORD05646,CSTMR0226,2023.08.24,21:36:49
ord05647,CSTMR0621,2025.03.11,08:17:01
ord05648,CSTMR0944,04/20/2023,12:46:12
ORD05649,cstmr0847,2022-09-22,22:17:42
ORD05650,cstmr0564,04-22-22,15:14:26
ORD05651,CSTMR0581,21 Jun 2025,11:32:57
ORD05652,cstmr0883,08/03/2023,17:04:59
ord05653,CSTMR0800,28 May 2025,18:00:49
ORD05654,CSTMR0380,22/05/2023,08:30:30
ord05655,CSTMR0952,16 May 2026,14:10:18
ord05656,CSTMR0460,"Apr 19, 2023",12:56:03
ORD05657,CSTMR0228,2025.10.14,19:06:03
ORD05658,cstmr0613,29-12-2023,09:51:49
ORD05659,CSTMR0594,2024.04.24,19:30:25
ORD05660,CSTMR0673,07-07-25,09:48:08
ORD05661,CSTMR0931,"Nov 21, 2025",17:48:45
ord05662,CSTMR0282,12/03/2024,19:16:50
ORD05663,cstmr0304,08 Jul 2023,20:14:46
ORD05664,CSTMR0455,2024-01-24,19:02:12
ORD05665,cstmr0230,2024.10.06,21:20:30
ord05666,cstmr0356,10-03-2024,16:16:15
ORD05667,CSTMR0592,"Jan 20, 2021",21:22:42
ORD05668,CSTMR0795,24-04-2021,14:34:35
ORD05669,CSTMR0021,"Mar 10, 2025",11:38:45
ord05670,cstmr0214,2021-09-04,19:08:55
ord05671,cstmr0196,12-02-21,11:23:11
ord05672,cstmr0659,06 Sep 2024,11:08:12
ord05673,CSTMR0448,"Jun 17, 2023",10:55:27
ORD05674,CSTMR0004,"Mar 20, 2024",12:00:17
ORD05675,cstmr0603,05-23-26,11:16:19
ord05676,cstmr0406,25-03-2024,08:28:36
ORD05677,CSTMR0319,02-28-26,17:41:01
ORD05678,cstmr0722,"Feb 24, 2022",18:28:26
ORD05679,CSTMR0104,14 Feb 2025,21:19:55
ord05680,CSTMR0239,06/26/2022,17:24:16
ORD05681,CSTMR0932,16 Mar 2026,11:25:59
ord05682,CSTMR0557,10-12-22,19:36:59
ORD05683,CSTMR0626,2022.03.22,09:15:28
ORD05684,CSTMR0251,10-05-2023,21:55:13
ORD05685,cstmr0603,2026.01.11,19:43:19
ord05686,CSTMR0488,2023-12-17,17:16:30
ord05687,CSTMR0860,06-30-23,13:19:13
ord05688,CSTMR0296,01-03-2026,13:02:22
ord05689,cstmr0175,2022-07-18,14:30:24
ord05690,CSTMR0233,02-15-23,15:15:16
ORD05691,CSTMR0768,07/14/2024,10:03:36
ORD05692,CSTMR0138,03-22-26,20:18:29
ord05693,cstmr0403,06-01-24,09:56:51
ord05694,CSTMR0325,27 Sep 2024,16:15:25
ORD05695,cstmr0327,10/06/2025,18:14:07
ord05696,CSTMR0388,16-08-2021,19:45:53
ORD05697,cstmr0634,"Dec 12, 2023",22:29:40
ORD05698,cstmr0646,2022-01-19,16:49:12
ORD05699,cstmr0185,2022-10-21,21:35:05
ord05700,CSTMR0947,01-01-24,12:35:50
ord05701,CSTMR0658,07-11-2024,09:50:35
ORD05702,CSTMR0970,03 Dec 2023,20:50:21
ORD05703,CSTMR0849,26/01/2024,13:29:14
ord05704,CSTMR0956,04/02/2023,21:42:50
ORD05705,cstmr0076,21-11-2022,17:52:49
ORD05706,CSTMR0072,23-05-2024,20:33:31
ORD05707,CSTMR0939,"Dec 17, 2022",12:53:14
ORD05708,CSTMR0285,2021.12.06,20:27:36
ORD05709,cstmr0496,2022-01-01,19:23:34
ord05710,cstmr0141,22-03-2023,21:07:46
ORD05711,CSTMR0752,09-06-2021,22:20:08
ORD05712,CSTMR0069,05 Jan 2021,20:30:03
ord05713,CSTMR0295,"Aug 24, 2023",12:18:43
ORD05714,cstmr0707,11/04/2024,15:34:26
ord05715,CSTMR0223,"Apr 09, 2023",19:21:36
ORD05716,CSTMR0141,2024-12-12,22:37:14
ORD05717,CSTMR0774,04/12/2024,12:36:23
ord05718,cstmr0988,02-10-2024,16:29:33
ORD05719,CSTMR0049,09/23/2021,22:20:05
ORD05720,CSTMR0460,19/09/2024,18:13:38
ORD05721,cstmr0087,29 Jul 2023,20:30:49
ORD05722,cstmr0718,"Aug 28, 2022",17:45:46
ord05723,CSTMR0135,18-12-2025,13:04:32
ORD05724,cstmr0802,11/10/2022,20:19:57
ord05725,cstmr0361,06-12-24,21:17:27
ord05726,CSTMR0600,09-11-2025,12:44:04
ORD05727,CSTMR0600,"Apr 28, 2022",09:07:45
ord05728,cstmr0323,"Aug 06, 2025",22:10:51
ORD05729,cstmr0994,12/11/2023,21:29:22
ord05730,CSTMR0171,2024.07.01,20:59:26
ORD05731,CSTMR0548,08-30-23,20:45:11
ORD05732,cstmr0941,04/12/2022,18:26:59
ORD05733,CSTMR0100,2024.08.25,19:26:23
ORD05734,CSTMR0357,2022-01-25,15:01:24
ord05735,cstmr0512,23-06-2022,11:12:33
ord05736,CSTMR0104,19/09/2025,10:56:52
ORD05737,CSTMR0246,23/04/2023,19:49:39
ord05738,CSTMR0994,10-03-2023,20:58:30
ORD05739,cstmr0479,2023.06.09,18:09:21
ORD05740,CSTMR0904,12-13-25,21:38:25
ORD05741,CSTMR0014,09-27-24,17:14:10
ord05742,cstmr0918,09/15/2021,13:05:09
ORD05743,cstmr0265,2023.10.08,16:41:29
ord05744,CSTMR0718,15 May 2023,22:43:43
ORD05745,CSTMR0199,"Feb 17, 2022",13:05:13
ORD05746,CSTMR0938,2024-08-08,14:21:23
ORD05747,CSTMR0772,25-03-2026,16:47:44
ord05748,CSTMR0010,"Nov 22, 2023",09:19:57
ORD05749,CSTMR0046,"Aug 26, 2024",17:43:10
ORD05750,CSTMR0658,"Jun 12, 2024",16:07:27
ORD05751,CSTMR0520,"Sep 29, 2023",19:48:05
ORD05752,CSTMR0152,10-30-22,20:10:11
ORD05753,cstmr0221,2026-05-23,13:22:19
ORD05754,CSTMR0434,11/02/2024,10:31:08
ord05755,cstmr0319,2026-04-11,15:38:28
ord05756,cstmr0359,2025-11-24,12:42:00
ORD05757,CSTMR0253,28 Oct 2025,21:31:58
ORD05758,CSTMR0302,06/08/2024,20:15:08
ord05759,cstmr0421,07-04-24,15:37:03
ORD05760,cstmr0318,2025.03.13,20:47:14
ORD05761,cstmr0927,12/26/2025,09:23:57
ORD05762,CSTMR0225,24-03-2024,20:22:38
ORD05763,CSTMR0200,08 Jan 2023,14:58:18
ord05764,cstmr0991,2023.10.02,13:32:50
ORD05765,CSTMR0495,2024.11.24,20:25:11
ORD05766,CSTMR0954,"Mar 08, 2023",15:56:13
ORD05767,CSTMR0470,2025.07.02,13:27:10
ORD05768,CSTMR0545,03-26-23,13:16:08
ORD05769,CSTMR0434,07 Feb 2022,13:17:36
ORD05770,cstmr0645,06/21/2024,18:30:55
ORD05771,CSTMR0519,07/11/2021,21:34:29
ord05772,CSTMR0829,08/21/2025,08:53:14
ord05773,cstmr0248,07-07-2021,21:41:35
ord05774,CSTMR0215,01/01/2023,19:45:38
ORD05775,CSTMR0207,16/08/2025,16:12:32
ORD05776,CSTMR0969,02-22-23,16:15:27
ORD05777,CSTMR0021,2024-07-24,09:17:56
ord05778,CSTMR0978,19 Nov 2025,10:41:49
ORD05779,CSTMR0459,"Aug 22, 2025",11:16:08
ord05780,cstmr0404,2022-10-22,13:29:02
ord05781,cstmr0712,03-30-23,21:33:38
ord05782,CSTMR0905,15 Apr 2025,21:18:56
ORD05783,CSTMR0103,12/29/2024,21:48:57
ORD05784,CSTMR0270,24/03/2025,18:11:40
ORD05785,CSTMR0633,09/08/2024,09:46:28
ORD05786,CSTMR0082,13/01/2021,13:09:31
ORD05787,CSTMR0913,16-10-2021,17:00:29
ord05788,CSTMR0649,2024-09-12,08:26:41
ORD05789,CSTMR0771,"Mar 26, 2025",12:02:16
ORD05790,CSTMR0032,23 Feb 2023,22:17:58
ord05791,CSTMR0414,2021.04.25,16:52:04
ORD05792,CSTMR0876,2022.12.18,11:00:32
ord05793,CSTMR0623,30 Aug 2024,14:17:17
ORD05794,CSTMR0165,"Apr 23, 2026",10:52:15
ORD05795,cstmr0322,07-02-2023,10:08:25
ORD05796,CSTMR0153,2025-02-14,13:28:50
ord05797,cstmr0193,2024.01.04,08:59:18
ORD05798,CSTMR0058,"Jul 06, 2025",21:59:57
ord05799,CSTMR0045,"Aug 22, 2025",15:09:10
ord05800,CSTMR0967,"Jan 15, 2023",13:27:04
ORD05801,CSTMR0821,"Apr 21, 2026",21:26:56
ORD05802,CSTMR0459,"Jul 19, 2022",22:48:02
ORD05803,CSTMR0005,2024-04-14,21:27:27
ORD05804,CSTMR0586,15/02/2022,22:11:08
ord05805,CSTMR0908,30 Aug 2024,08:21:12
ord05806,cstmr0416,25-02-2024,18:54:07
ORD05807,CSTMR0312,"Dec 31, 2021",21:53:11
ord05808,CSTMR0669,09 Apr 2021,12:22:18
ORD05809,CSTMR0741,2025-01-31,20:49:03
ORD05810,cstmr0045,08-21-23,21:39:29
ord05811,CSTMR0688,03-05-25,20:56:11
ORD05812,CSTMR0360,02-13-24,17:49:04
ORD05813,CSTMR0906,2025.09.28,14:10:18
ORD05814,CSTMR0443,08-10-2024,17:04:29
ORD05815,CSTMR0153,13-09-2024,13:00:59
ord05816,CSTMR0930,18/06/2023,22:05:48
ORD05817,cstmr0401,10-20-25,20:40:12
ORD05818,CSTMR0999,11 Sep 2024,13:18:03
ORD05819,CSTMR0484,30-12-2025,19:09:01
ORD05820,CSTMR0006,2023-12-13,13:16:44
ord05821,cstmr0962,2024.10.14,19:57:51
ord05822,cstmr0512,06 May 2022,17:06:03
ord05823,CSTMR0698,2025-06-20,13:12:43
ord05824,CSTMR0012,2021-12-11,13:27:30
ord05825,CSTMR0006,24/10/2023,10:35:54
ORD05826,CSTMR0583,10-06-2021,14:43:25
ORD05827,cstmr0817,30 Jul 2024,17:10:19
ORD05828,cstmr0354,18 Feb 2022,15:01:02
ORD05829,CSTMR0545,18/11/2022,16:05:42
ORD05830,CSTMR0011,15 Apr 2025,20:22:07
ord05831,CSTMR0323,2024-05-29,13:35:38
ORD05832,CSTMR0774,01/05/2025,12:07:52
ORD05833,CSTMR0934,23/10/2024,19:43:31
ORD05834,cstmr0929,25/01/2024,13:18:45
ord05835,CSTMR0879,2023-03-28,17:24:51
ord05836,CSTMR0374,10-04-24,12:34:03
ord05837,CSTMR0795,"Oct 22, 2022",08:34:26
ord05838,CSTMR0608,"Sep 29, 2022",21:22:44
ORD05839,cstmr0198,2023-06-25,20:47:13
ord05840,CSTMR0691,30 Jan 2022,09:40:47
ORD05841,CSTMR0024,02/19/2023,15:20:01
ORD05842,CSTMR0434,08-20-21,15:14:52
ORD05843,CSTMR0326,2024-10-06,10:40:42
ORD05844,CSTMR0249,19 Jun 2022,21:44:36
ORD05845,CSTMR0149,03-02-25,15:59:20
ORD05846,CSTMR0440,2024-08-05,15:14:52
ORD05847,CSTMR0310,03/05/2026,15:32:23
ORD05848,cstmr0315,"Sep 20, 2022",16:14:12
ORD05849,cstmr1000,09/09/2025,20:04:42
ord05850,CSTMR0148,16/10/2022,11:01:51
ord05851,CSTMR0216,2021-11-26,12:19:52
ORD05852,CSTMR0556,2024-08-15,08:42:11
ord05853,CSTMR0552,13-10-2021,20:35:03
ORD05854,CSTMR0720,25-06-2022,12:59:03
ORD05855,CSTMR0348,2025.08.04,10:58:01
ORD05856,cstmr0316,2022.05.20,20:07:00
ORD05857,CSTMR0668,2022-08-20,10:02:35
ord05858,CSTMR0862,02-25-24,13:55:36
ORD05859,CSTMR0966,07 Aug 2024,12:36:40
ORD05860,CSTMR0891,04-03-21,21:27:24
ord05861,CSTMR0547,26/10/2023,21:56:26
ORD05862,CSTMR0376,07/28/2024,22:53:47
ord05863,CSTMR0987,19 Aug 2024,10:10:28
ORD05864,CSTMR0833,07/04/2024,19:45:29
ORD05865,CSTMR0520,02/24/2023,10:34:16
ORD05866,CSTMR0536,07-01-2024,14:56:32
ord05867,CSTMR0913,09-04-2022,13:36:27
ORD05868,cstmr0375,25-05-2025,19:06:10
ord05869,CSTMR0351,12/28/2025,21:58:56
ORD05870,CSTMR0648,20/05/2025,15:49:36
ORD05871,CSTMR0245,25 Oct 2025,11:52:16
ORD05872,cstmr0411,23/05/2023,20:01:38
ORD05873,CSTMR0818,06/21/2023,11:40:40
ORD05874,CSTMR0087,2023-10-30,12:06:15
ORD05875,CSTMR0855,"May 15, 2024",10:53:49
ORD05876,CSTMR0376,25-01-2026,19:13:52
ord05877,CSTMR0160,2023-11-12,10:46:07
ORD05878,cstmr0279,02-15-23,14:29:17
ORD05879,CSTMR0550,02/13/2023,13:55:49
ORD05880,CSTMR0010,12/07/2024,17:50:40
ord05881,CSTMR0958,29/05/2026,12:39:06
ORD05882,cstmr0268,22 Jan 2025,18:08:32
ORD05883,cstmr0269,2024-10-20,12:48:59
ORD05884,cstmr0483,2025-11-03,19:56:59
ORD05885,CSTMR0759,25/07/2023,20:28:10
ORD05886,CSTMR0149,18/04/2022,08:10:26
ORD05887,CSTMR0272,09-08-2025,18:48:14
ord05888,cstmr0176,08-29-25,13:00:59
ord05889,CSTMR0796,12-16-23,08:47:44
ord05890,CSTMR0180,2026.03.27,14:53:09
ORD05891,CSTMR0383,28/04/2024,19:19:54
ORD05892,CSTMR0377,11-07-24,12:00:26
ord05893,cstmr0043,2024-08-28,19:25:36
ord05894,CSTMR0625,"Aug 03, 2025",15:25:22
ord05895,cstmr0297,2024.12.05,21:46:13
ORD05896,CSTMR0363,"Apr 26, 2024",17:52:38
ORD05897,cstmr0904,09-11-22,22:25:24
ORD05898,CSTMR0137,01-11-24,21:23:49
ORD05899,CSTMR0252,03/01/2023,19:48:46
ORD05900,CSTMR0653,06/03/2023,11:32:36
ORD05901,cstmr0746,2023-07-25,16:52:52
ORD05902,CSTMR0302,17 Apr 2026,19:57:17
ORD05903,CSTMR0878,25-04-2026,16:03:42
ORD05904,cstmr0080,10/01/2021,17:57:50
ORD05905,cstmr0256,30/10/2023,13:18:29
ord05906,cstmr0296,2023-12-21,20:00:22
ORD05907,CSTMR0071,02/20/2026,16:36:08
ORD05908,CSTMR0496,28/10/2024,13:26:49
ord05909,CSTMR0099,27 Dec 2024,19:34:11
ORD05910,CSTMR0273,2025-08-16,20:46:40
ORD05911,CSTMR0463,2025.03.28,13:52:46
ord05912,CSTMR0523,2025.04.06,22:31:30
ORD05913,cstmr0113,19 Jul 2024,19:29:02
ORD05914,CSTMR0465,03 Jul 2025,09:05:11
ORD05915,CSTMR0433,"Apr 11, 2026",22:30:23
ord05916,CSTMR0950,"Apr 13, 2026",10:19:57
ORD05917,CSTMR0399,23/11/2024,13:20:32
ORD05918,cstmr0905,2026.05.15,19:29:43
ord05919,CSTMR0612,07-07-23,22:04:51
ord05920,CSTMR0783,05 Jul 2023,16:30:35
ORD05921,CSTMR0949,2025-05-25,20:47:22
ord05922,CSTMR0755,07 Mar 2021,20:35:51
ord05923,CSTMR0637,2023-04-06,19:05:54
ord05924,CSTMR0811,18 Aug 2025,14:38:07
ORD05925,CSTMR0924,2025.05.02,20:46:31
ORD05926,CSTMR0130,01-18-25,15:40:26
ORD05927,cstmr0195,08/11/2025,14:58:52
ord05928,CSTMR0466,2023.02.25,21:22:30
ord05929,CSTMR0408,"Aug 20, 2022",14:14:24
ord05930,CSTMR0838,03/09/2025,11:25:56
ORD05931,cstmr0878,"Feb 07, 2022",17:20:46
ord05932,cstmr0811,01-16-26,15:18:54
ORD05933,cstmr0913,13-04-2022,08:07:49
ORD05934,cstmr0278,12-03-22,20:53:01
ord05935,CSTMR0232,04-25-24,21:34:22
ORD05936,cstmr0842,2026.01.02,21:16:07
ORD05937,cstmr0504,06-28-24,22:18:57
ORD05938,CSTMR0047,11-05-24,09:31:49
ORD05939,CSTMR0086,2026.05.20,20:48:24
ORD05940,CSTMR0896,2025-01-15,12:16:35
ord05941,CSTMR0685,04-03-25,12:54:48
ORD05942,CSTMR0089,2022-04-26,08:00:28
ord05943,CSTMR0108,2025.03.03,18:42:45
ORD05944,CSTMR0168,03 Jun 2021,12:26:36
ord05945,CSTMR0505,"May 03, 2026",18:46:44
ORD05946,CSTMR0022,07-18-22,14:36:49
ORD05947,cstmr0381,08-21-22,21:58:53
ORD05948,CSTMR0600,09-23-23,21:50:33
ORD05949,CSTMR0769,2024-06-05,19:50:28
ORD05950,CSTMR0604,25 Nov 2025,13:39:56
ORD05951,CSTMR0903,02/27/2026,21:58:34
ORD05952,CSTMR0061,23/01/2023,19:32:50
ORD05953,CSTMR0479,06-27-25,21:59:02
ORD05954,CSTMR0419,06/03/2022,21:51:01
ORD05955,CSTMR0302,2023.02.18,18:57:10
ord05956,CSTMR0313,13/06/2021,19:36:05
ord05957,CSTMR0541,18 Dec 2023,22:12:25
ORD05958,cstmr0805,2025-02-13,21:29:47
ord05959,CSTMR0017,03/09/2024,08:35:38
ORD05960,CSTMR0696,30/11/2023,19:13:12
ORD05961,CSTMR0513,17 Feb 2023,09:15:56
ord05962,CSTMR0116,09/15/2022,14:18:00
ORD05963,cstmr0417,12 Jan 2024,14:58:24
ORD05964,CSTMR0079,2022.08.15,09:13:47
ORD05965,CSTMR0885,11/15/2023,21:43:02
ORD05966,CSTMR0818,09-04-22,15:05:09
ord05967,cstmr0995,2026-02-06,11:14:01
ord05968,CSTMR0474,2025-11-01,21:55:02
ORD05969,CSTMR0879,"Aug 20, 2025",10:52:23
ORD05970,cstmr0167,29-06-2023,17:44:40
ORD05971,cstmr0864,03-21-23,12:54:35
ORD05972,cstmr0856,05/16/2022,16:49:30
ord05973,cstmr0757,02 Aug 2024,12:47:05
ORD05974,CSTMR0379,2023-11-22,19:02:42
ORD05975,CSTMR0761,"Jun 16, 2023",16:18:21
ord05976,CSTMR0833,03 Dec 2023,13:37:12
ORD05977,CSTMR0608,07 Jun 2022,20:45:37
ORD05978,CSTMR0738,2026-02-18,20:10:49
ORD05979,cstmr0649,27-05-2025,16:35:44
ord05980,cstmr0757,11/08/2023,15:43:22
ORD05981,cstmr0932,21 Jun 2024,21:13:22
ORD05982,cstmr0281,11 Mar 2024,08:44:32
ORD05983,cstmr0703,2023.11.29,22:31:19
ORD05984,CSTMR0231,07-01-22,17:37:27
ORD05985,CSTMR0676,"Sep 14, 2025",10:07:47
ORD05986,CSTMR0140,02/23/2025,13:19:52
ORD05987,cstmr0211,03/05/2025,21:30:53
ORD05988,cstmr0315,05-02-24,11:34:37
ORD05989,CSTMR0907,26-04-2023,21:45:52
ORD05990,cstmr0960,02/02/2025,10:39:38
ord05991,cstmr0365,27/03/2026,10:31:20
ORD05992,CSTMR0127,2022.12.08,09:56:20
ORD05993,CSTMR0806,19/05/2024,15:32:11
ORD05994,cstmr0518,"Mar 05, 2023",10:47:32
ORD05995,CSTMR0225,19-01-2023,10:53:07
ord05996,CSTMR0211,"Aug 05, 2023",14:39:29
ORD05997,CSTMR0254,2026.01.11,13:48:27
ORD05998,CSTMR0095,03/22/2022,16:24:54
ORD05999,cstmr0214,21 Aug 2022,20:31:41
ORD06000,CSTMR0959,2026-03-29,22:41:24
ORD06001,CSTMR0469,05/29/2024,17:53:02
ORD06002,cstmr0630,12/28/2024,09:09:00
ORD06003,CSTMR0518,2022.10.29,20:22:50
ord06004,cstmr0646,2022-04-02,19:23:21
ord06005,CSTMR0721,03-12-24,18:22:05
ORD06006,cstmr0858,2024-09-04,19:24:53
ord06007,CSTMR0562,11/07/2023,13:52:00
ord06008,CSTMR0167,10-09-24,13:46:50
ORD06009,CSTMR0622,2025-02-22,09:35:51
ORD06010,cstmr0734,28 Nov 2022,12:29:47
ord06011,cstmr0982,12-02-25,19:51:06
ORD06012,CSTMR0550,03/12/2026,09:35:46
ORD06013,CSTMR0564,"Apr 17, 2023",14:03:50
ord06014,CSTMR0427,29/03/2026,20:19:33
ord06015,CSTMR0124,2023-10-08,09:03:06
ORD06016,CSTMR0478,08-26-23,12:34:31
ORD06017,CSTMR0328,01-29-23,17:32:52
ord06018,CSTMR0152,01/21/2023,20:39:33
ORD06019,CSTMR0214,2024-11-15,14:33:16
ORD06020,CSTMR0366,11-13-25,12:14:09
ord06021,CSTMR0973,2025.06.28,13:32:51
ORD06022,CSTMR0903,2023-10-27,11:45:10
ord06023,CSTMR0664,2025.10.17,19:13:37
ord06024,cstmr0933,08-12-2025,08:43:58
ORD06025,cstmr0037,20-02-2026,18:21:46
ORD06026,cstmr0313,11 Jun 2023,11:23:56
ord06027,CSTMR0804,"May 31, 2026",20:44:01
ord06028,CSTMR0570,06-09-25,13:27:40
ord06029,cstmr0388,24 Mar 2024,09:52:54
ORD06030,CSTMR0914,08-18-24,20:44:52
ord06031,CSTMR0788,07/05/2022,22:48:06
ord06032,cstmr0293,2022.11.03,17:51:25
ORD06033,CSTMR0045,02 May 2026,13:05:37
ORD06034,CSTMR0515,03/10/2024,15:12:23
ORD06035,cstmr0654,2022-11-16,17:29:31
ORD06036,CSTMR0843,"Aug 06, 2023",09:52:22
ord06037,CSTMR0663,12/19/2024,17:45:15
ord06038,cstmr0400,06/23/2023,12:44:08
ord06039,cstmr0742,2021-12-12,16:42:26
ord06040,cstmr0583,2023-07-19,08:06:38
ORD06041,CSTMR0035,2024-04-19,13:19:22
ORD06042,CSTMR0736,10-24-25,12:02:54
ORD06043,CSTMR0088,2024-10-15,20:07:25
ORD06044,cstmr0860,06/26/2024,12:07:37
ORD06045,CSTMR0853,05-06-23,18:31:57
ORD06046,CSTMR0959,"Nov 27, 2025",18:16:28
ORD06047,CSTMR0982,2024-07-09,21:08:30
ord06048,cstmr0637,11/05/2022,16:29:46
ord06049,CSTMR0593,2025-08-18,20:16:22
ORD06050,CSTMR0814,"Jan 08, 2024",14:24:04
ord06051,CSTMR0126,2024-10-29,18:33:50
ord06052,CSTMR0978,16/03/2025,20:04:53
ord06053,CSTMR0382,"Aug 12, 2023",12:09:19
ORD06054,CSTMR0784,2025.04.06,21:26:14
ORD06055,CSTMR0720,02-28-25,13:24:28
ORD06056,CSTMR0592,29/07/2024,12:35:56
ORD06057,CSTMR0171,04-11-2023,14:46:53
ORD06058,cstmr0009,20/02/2024,12:20:17
ORD06059,CSTMR0813,2023-09-16,15:28:02
ORD06060,cstmr0645,07/23/2025,18:54:10
ord06061,CSTMR0694,2024-02-16,14:26:27
ORD06062,CSTMR0587,16/02/2023,15:41:40
ord06063,cstmr0657,09-06-23,11:23:48
ORD06064,CSTMR0452,"Oct 15, 2025",19:48:29
ORD06065,cstmr0819,02-13-21,19:21:45
ORD06066,cstmr0626,2024.08.24,13:41:08
ORD06067,CSTMR0783,11-23-22,19:22:14
ORD06068,CSTMR0570,"Oct 12, 2024",18:26:59
ord06069,CSTMR0623,22-07-2022,08:38:11
ORD06070,CSTMR0855,12 Nov 2025,13:45:57
ORD06071,CSTMR0879,"Jul 11, 2023",21:20:23
ORD06072,CSTMR0237,06-14-24,21:36:19
ord06073,cstmr0294,2023.09.22,08:21:16
ord06074,CSTMR0268,2026.01.17,15:43:25
ord06075,CSTMR0446,10/12/2024,13:26:59
ord06076,CSTMR0790,"Nov 14, 2021",21:36:40
ORD06077,CSTMR0304,20/11/2024,10:20:59
ORD06078,CSTMR0676,17 Feb 2023,20:09:10
ORD06079,CSTMR0781,2026.04.24,12:58:01
ORD06080,CSTMR0982,20/03/2024,22:04:31
ord06081,CSTMR0054,2025-05-24,21:02:52
ORD06082,CSTMR0496,2024.08.05,16:03:12
ord06083,CSTMR0434,10/16/2022,17:05:11
ord06084,cstmr0252,24 Nov 2025,19:40:43
ord06085,cstmr0474,2025.06.27,21:31:47
ORD06086,cstmr0958,02/28/2024,11:05:38
ord06087,CSTMR0660,"Feb 16, 2026",13:33:56
ORD06088,cstmr0386,03-08-2021,13:22:23
ord06089,CSTMR0155,04-21-24,19:52:23
ord06090,CSTMR0923,2024.08.09,11:20:12
ORD06091,cstmr0771,2024-08-02,21:05:39
ORD06092,CSTMR0558,"Jun 13, 2025",21:36:50
ORD06093,CSTMR0620,10/02/2022,17:46:04
ORD06094,CSTMR0089,30-05-2023,22:47:50
ORD06095,CSTMR0052,29-01-2026,21:34:33
ORD06096,CSTMR0450,09-23-24,11:18:39
ORD06097,cstmr0482,25-09-2023,21:05:31
ORD06098,CSTMR0235,09-28-25,17:38:15
ord06099,CSTMR0369,19 Mar 2024,17:11:57
ORD06100,CSTMR0476,21 Jan 2023,15:51:51
ord06101,cstmr0181,12-09-22,20:20:43
ORD06102,CSTMR0973,07 Oct 2024,13:07:12
ord06103,cstmr0197,02/14/2025,12:11:05
ORD06104,CSTMR0986,07 Apr 2025,19:38:32
ORD06105,CSTMR0088,2024-10-25,22:55:52
ord06106,CSTMR0437,"Apr 24, 2022",15:51:19
ORD06107,CSTMR0302,"May 30, 2024",16:35:20
ord06108,CSTMR0725,05-22-25,19:15:40
ORD06109,CSTMR0432,01/04/2023,11:30:01
ORD06110,cstmr0998,05-22-25,12:58:07
ord06111,cstmr0622,2023.12.10,12:08:11
ORD06112,CSTMR0019,2025-11-30,08:40:59
ord06113,CSTMR0521,"Aug 25, 2024",12:11:02
ORD06114,CSTMR0461,2025.10.16,13:43:13
ORD06115,CSTMR0563,12 Jan 2022,20:29:13
ORD06116,CSTMR0156,01/05/2024,20:42:35
ORD06117,cstmr0219,2023.07.22,09:35:53
ORD06118,CSTMR0039,2023.05.23,21:52:27
ord06119,CSTMR0890,2023-07-13,12:12:15
ord06120,CSTMR0039,2024-05-04,09:43:28
ORD06121,CSTMR0238,17-10-2021,09:22:52
ord06122,cstmr0498,"Apr 23, 2022",18:47:21
ord06123,CSTMR0165,04 Jan 2026,16:58:41
ORD06124,cstmr0407,11/04/2025,20:50:36
ORD06125,cstmr0829,2024.12.23,19:55:17
ord06126,CSTMR0955,2023-05-26,12:11:09
ORD06127,CSTMR0001,"May 10, 2025",08:27:31
ord06128,CSTMR0979,01-19-22,22:46:54
ORD06129,CSTMR0126,2022.03.22,20:51:14
ORD06130,CSTMR0699,2024.03.09,16:20:41
ORD06131,CSTMR0657,"Jan 11, 2023",14:15:53
ord06132,CSTMR0002,2025-07-12,20:57:01
ORD06133,cstmr0717,02 Apr 2023,11:19:07
ord06134,CSTMR0717,10-10-2024,10:34:56
ord06135,CSTMR0117,12/12/2024,19:58:00
ORD06136,cstmr0704,2024.02.16,20:28:20
ORD06137,CSTMR0024,"Apr 06, 2024",17:37:24
ORD06138,CSTMR0672,16-12-2024,22:16:21
ORD06139,CSTMR0458,"Mar 10, 2025",21:42:30
ORD06140,CSTMR0314,03/11/2021,20:01:51
ord06141,CSTMR0854,04-04-24,22:39:38
ORD06142,CSTMR0552,07/08/2023,19:01:24
ord06143,CSTMR0150,03/19/2025,13:46:05
ORD06144,cstmr0632,10/27/2023,15:59:37
ORD06145,CSTMR0625,07/19/2024,20:10:35
ORD06146,cstmr0885,2024-07-12,17:24:04
ORD06147,CSTMR0156,"May 27, 2023",12:53:09
ORD06148,CSTMR0458,01/12/2026,21:15:18
ORD06149,cstmr0276,2024.01.01,17:31:46
ord06150,CSTMR0583,26 Sep 2021,14:02:25
ord06151,CSTMR0521,12 Oct 2023,13:29:19
ORD06152,CSTMR0104,"Apr 28, 2025",12:32:40
ORD06153,cstmr0189,22-06-2024,15:28:35
ord06154,CSTMR0204,23/03/2026,10:14:31
ord06155,CSTMR0351,11/22/2024,13:07:39
ORD06156,CSTMR0843,20-10-2022,08:16:44
ORD06157,cstmr0359,"Aug 16, 2022",08:05:49
ORD06158,CSTMR0355,09 Aug 2023,14:42:47
ord06159,cstmr0397,12/20/2025,22:15:52
ord06160,CSTMR0934,09-05-2025,12:10:18
ORD06161,CSTMR0051,2021-04-07,19:22:10
ORD06162,CSTMR0410,01-24-25,22:08:50
ord06163,CSTMR0327,28-07-2023,13:51:19
ord06164,CSTMR0735,2022.08.14,09:04:42
ORD06165,cstmr0436,2025-07-15,12:26:54
ord06166,cstmr0281,2026-03-29,20:49:29
ORD06167,cstmr0082,17/09/2023,20:17:11
ORD06168,CSTMR0139,22/10/2023,13:48:23
ord06169,CSTMR0667,10 Nov 2023,12:23:17
ORD06170,CSTMR0910,2025.09.16,09:14:52
ORD06171,CSTMR0186,16/07/2024,17:37:43
ord06172,CSTMR0304,"Sep 14, 2024",12:56:11
ORD06173,cstmr0036,01-18-25,09:35:42
ORD06174,CSTMR0275,23/12/2021,12:11:57
ORD06175,CSTMR0161,2021-02-25,13:54:32
ORD06176,cstmr0232,"Jul 21, 2024",21:00:58
ORD06177,CSTMR0917,"Oct 23, 2022",15:54:58
ORD06178,CSTMR0527,2024.03.18,22:15:30
ord06179,CSTMR0552,23/08/2021,19:31:06
ORD06180,CSTMR0551,12-23-22,21:43:17
ORD06181,CSTMR0869,03/26/2024,16:42:45
ORD06182,cstmr0237,09/11/2024,12:38:07
ORD06183,CSTMR0029,01/18/2024,19:47:54
ord06184,cstmr0756,2024.10.13,10:09:03
ORD06185,cstmr0374,12-06-24,10:24:42
ord06186,CSTMR0897,2024.07.10,12:48:51
ORD06187,CSTMR0267,2025.04.06,16:59:38
ORD06188,CSTMR0716,06-24-22,11:09:42
ORD06189,CSTMR0301,2024.10.11,20:58:42
ORD06190,CSTMR0174,14 Sep 2025,21:27:40
ORD06191,CSTMR0654,2022-03-09,13:33:56
ORD06192,cstmr0024,2023.12.21,17:23:11
ord06193,CSTMR0164,14/06/2024,18:25:19
ORD06194,cstmr0488,20-09-2022,09:03:49
ORD06195,CSTMR0600,03-14-25,13:55:24
ORD06196,CSTMR0861,01/22/2023,11:20:54
ORD06197,CSTMR0696,08-16-21,19:14:06
ORD06198,CSTMR0969,2024.12.08,13:06:38
ORD06199,cstmr0394,08-29-24,15:57:14
ORD06200,CSTMR0079,01/01/2023,08:53:44
ORD06201,CSTMR0712,08/18/2024,08:12:37
ord06202,CSTMR0534,2025.11.25,16:53:26
ord06203,cstmr0670,22 May 2023,19:16:44
ORD06204,CSTMR0134,07/20/2022,11:52:23
ORD06205,cstmr0485,03-25-23,13:40:22
ord06206,cstmr0253,28/07/2025,22:32:28
ord06207,CSTMR0276,12-02-23,21:19:14
ORD06208,cstmr0231,"May 21, 2022",20:15:47
ord06209,CSTMR0330,2024-03-30,19:55:07
ord06210,CSTMR0494,2021.07.10,11:19:09
ORD06211,CSTMR0492,"Jul 07, 2024",19:38:55
ORD06212,CSTMR0176,05/02/2026,21:03:57
ORD06213,cstmr0447,20/09/2022,19:12:36
ord06214,CSTMR0497,01 Dec 2023,10:18:51
ord06215,CSTMR0111,02-14-26,14:28:32
ORD06216,CSTMR0033,21 Oct 2025,08:14:31
ORD06217,CSTMR0737,09-21-21,22:17:45
ORD06218,CSTMR0130,03-29-24,08:49:39
ORD06219,cstmr0620,07-06-23,12:44:48
ORD06220,cstmr0156,"Jun 03, 2022",13:54:04
ORD06221,cstmr0284,2022.12.13,11:56:31
ORD06222,cstmr0327,2023.05.25,12:10:13
ORD06223,cstmr0613,"Jul 26, 2023",10:26:55
ORD06224,cstmr0433,2023.09.28,17:41:36
ORD06225,cstmr0636,02-18-23,16:36:57
ord06226,CSTMR0928,2023.05.19,19:51:01
ord06227,CSTMR0589,06/29/2024,12:09:35
ord06228,cstmr0370,22-12-2023,18:31:07
ORD06229,CSTMR0598,2026.04.03,19:19:20
ORD06230,cstmr0549,2025-04-05,15:11:55
ORD06231,CSTMR0705,03/03/2024,11:34:53
ord06232,CSTMR0043,16/09/2021,16:33:03
ORD06233,cstmr0056,08-06-2023,11:54:06
ORD06234,cstmr0644,26 Jul 2025,17:12:26
ORD06235,cstmr0236,2025-06-11,13:49:10
ord06236,cstmr0017,"Dec 10, 2022",18:43:42
ORD06237,cstmr0602,05 Sep 2022,21:54:00
ord06238,cstmr0994,28/09/2023,18:14:56
ord06239,CSTMR0719,07-17-22,19:04:14
ord06240,CSTMR0512,"May 29, 2025",16:47:32
ORD06241,cstmr0991,05/24/2025,19:24:49
ORD06242,CSTMR0281,03-08-2024,16:42:13
ORD06243,cstmr0935,2026.01.05,19:48:01
ord06244,cstmr0407,03 Nov 2023,20:19:42
ORD06245,CSTMR0777,23-11-2022,09:07:40
ORD06246,cstmr0610,2023-11-26,13:18:15
ORD06247,CSTMR0243,01/04/2026,19:42:31
ORD06248,CSTMR0484,07/05/2024,11:29:42
ORD06249,CSTMR0854,2024.04.22,22:31:34
ORD06250,CSTMR0553,2026.04.25,21:26:06
ord06251,CSTMR0685,2023.04.13,10:17:27
ORD06252,cstmr0859,05-22-24,18:11:34
ORD06253,cstmr0734,04-01-2023,12:50:14
ORD06254,CSTMR0019,23 Dec 2022,18:45:17
ord06255,cstmr0179,"Feb 28, 2024",10:57:10
ORD06256,cstmr0113,23 Aug 2024,13:24:13
ORD06257,CSTMR0620,03/21/2024,19:20:28
ord06258,CSTMR0005,07/23/2025,17:40:59
ord06259,cstmr0091,"Feb 01, 2025",18:54:06
ord06260,CSTMR0344,03 Jun 2024,12:58:24
ord06261,CSTMR0682,22 Sep 2024,10:46:40
ord06262,CSTMR0105,20/02/2026,12:37:51
ORD06263,cstmr0497,26/01/2023,12:50:30
ord06264,cstmr0039,16-03-2024,22:02:56
ORD06265,CSTMR0875,2024-06-26,13:06:24
ORD06266,CSTMR0883,02-25-25,18:26:08
ORD06267,CSTMR0583,2023-06-16,19:16:41
ord06268,cstmr0344,02 Apr 2023,19:37:08
ORD06269,CSTMR0124,"Oct 17, 2025",09:52:34
ord06270,cstmr0558,2023.10.12,09:36:51
ORD06271,CSTMR0508,2022-10-05,13:12:34
ord06272,cstmr0108,"May 07, 2023",22:16:13
ORD06273,CSTMR0726,04-12-2024,18:50:21
ORD06274,CSTMR0646,04/10/2021,20:50:20
ord06275,CSTMR0043,20 Aug 2025,13:57:51
ORD06276,CSTMR0444,2023-08-22,22:58:17
ord06277,CSTMR0104,08/07/2024,13:08:35
ORD06278,cstmr0310,10/09/2024,10:55:42
ord06279,CSTMR0046,03-06-24,11:31:46
ORD06280,cstmr0703,2024.01.02,20:10:08
ord06281,cstmr0838,04-03-2023,21:17:25
ORD06282,CSTMR0352,22-05-2023,19:17:29
ORD06283,CSTMR0914,2026-05-03,18:40:34
ORD06284,cstmr0823,26-04-2024,18:43:46
ord06285,cstmr0977,04-08-24,22:48:27
ORD06286,cstmr0003,10/12/2022,14:58:28
ORD06287,cstmr0756,04-10-25,12:40:57
ord06288,cstmr0698,04/25/2021,16:08:24
ord06289,cstmr0668,02 Jul 2022,20:44:32
ord06290,CSTMR0991,20/04/2026,13:29:50
ORD06291,CSTMR0191,2022.12.09,13:01:53
ORD06292,CSTMR0864,2024.10.28,08:35:38
ORD06293,cstmr0145,06-18-23,09:08:11
ORD06294,cstmr0190,"Sep 21, 2025",22:32:41
ord06295,cstmr0062,22 Sep 2024,19:11:59
ORD06296,cstmr0536,19-03-2026,08:29:51
ORD06297,CSTMR0423,07/06/2024,13:46:13
ORD06298,cstmr0623,05/12/2024,12:26:39
ORD06299,CSTMR0875,06/01/2023,14:21:13
ord06300,CSTMR0090,09/08/2023,18:04:43
ord06301,CSTMR0393,03-05-2023,19:29:33
ORD06302,CSTMR0289,2023-06-27,19:22:25
ord06303,cstmr0481,01-25-26,09:34:03
ord06304,CSTMR0007,27/01/2022,18:00:20
ORD06305,cstmr0825,12-01-25,12:45:54
ORD06306,CSTMR0744,2024-01-18,19:36:20
ORD06307,cstmr0290,09 Mar 2024,18:40:47
ORD06308,cstmr0075,04 Nov 2021,18:08:22
ORD06309,cstmr0586,01/17/2024,12:29:16
ord06310,CSTMR0412,"Jul 28, 2024",18:20:12
ORD06311,CSTMR0867,2022.08.13,09:08:02
ORD06312,cstmr0428,"Oct 03, 2023",21:49:58
ord06313,CSTMR0549,"Nov 23, 2024",14:02:20
ORD06314,cstmr0638,18 Nov 2022,10:13:55
ORD06315,CSTMR0875,01 Nov 2024,19:09:06
ORD06316,CSTMR0790,06-04-2021,13:03:33
ORD06317,CSTMR0527,"Nov 10, 2021",15:23:08
ord06318,CSTMR0934,07 Mar 2024,16:05:10
ORD06319,cstmr0511,"Sep 13, 2021",14:20:53
ORD06320,CSTMR0868,2026.02.21,10:00:23
ORD06321,CSTMR0868,07/04/2024,12:46:22
ord06322,CSTMR0532,2024-02-25,08:08:28
ORD06323,CSTMR0001,01/03/2024,21:01:51
ORD06324,CSTMR0873,02/11/2024,19:06:50
ord06325,CSTMR0763,"Jan 29, 2025",08:28:28
ORD06326,CSTMR0203,05/09/2025,15:39:24
ord06327,CSTMR0003,07/14/2024,22:32:42
ORD06328,cstmr0932,04/10/2024,16:34:23
ORD06329,cstmr0705,30 Oct 2022,20:34:08
ORD06330,CSTMR0138,12 Feb 2024,08:31:20
ord06331,cstmr0787,2021-08-01,19:44:36
ORD06332,CSTMR0219,"Sep 25, 2022",18:17:51
ORD06333,CSTMR0600,2026.05.01,17:55:55
ORD06334,CSTMR0383,02 Sep 2021,19:02:44
ORD06335,cstmr0747,2024.01.20,22:22:54
ORD06336,CSTMR0605,26/08/2023,14:58:36
ORD06337,cstmr0019,28/10/2023,14:12:39
ORD06338,CSTMR0084,2024.09.29,20:40:02
ORD06339,CSTMR0972,01-15-21,12:55:50
ORD06340,CSTMR0019,2023-05-28,20:25:44
ORD06341,cstmr0740,"Jun 25, 2022",20:06:05
ord06342,CSTMR0736,20/03/2024,15:41:00
ORD06343,cstmr0935,2025-11-17,20:46:00
ORD06344,CSTMR0380,06-04-2022,12:24:57
ord06345,cstmr0280,10/07/2022,22:29:22
ord06346,cstmr0525,24-12-2023,09:59:26
ORD06347,cstmr0160,17/01/2026,10:01:54
ORD06348,CSTMR0660,08-18-23,19:11:10
ORD06349,cstmr0150,06/22/2023,19:36:28
ORD06350,cstmr0603,05/01/2026,13:08:42
ORD06351,CSTMR0032,16-10-2025,08:23:42
ord06352,CSTMR0009,22/06/2025,14:47:35
ord06353,CSTMR0655,2025-01-17,13:42:45
ORD06354,cstmr0209,17-03-2023,21:56:59
ORD06355,CSTMR0375,04 Jan 2025,19:27:36
ord06356,CSTMR0869,11 Mar 2025,16:15:36
ORD06357,CSTMR0786,17 Jun 2024,09:34:21
ord06358,CSTMR0627,2024.10.20,19:06:35
ORD06359,CSTMR0195,24/04/2025,20:01:02
ORD06360,CSTMR0196,04-30-23,16:06:38
ord06361,CSTMR0178,12-26-23,21:36:51
ord06362,CSTMR0093,22 Feb 2025,18:28:00
ord06363,CSTMR0647,21/08/2024,15:29:58
ORD06364,CSTMR0144,23 Oct 2021,22:30:49
ORD06365,CSTMR0540,"Dec 19, 2022",19:01:17
ORD06366,cstmr0441,09/08/2025,21:39:34
ord06367,cstmr0795,04-19-24,22:04:14
ord06368,CSTMR0251,13/01/2023,20:42:17
ORD06369,cstmr0329,02-07-23,19:40:17
ORD06370,cstmr0475,29 Oct 2023,21:13:04
ORD06371,CSTMR0603,2024-04-24,19:42:05
ORD06372,CSTMR0492,07-09-2021,11:41:15
ORD06373,cstmr0494,04/01/2026,16:40:31
ORD06374,CSTMR0046,2023-09-08,11:55:24
ord06375,cstmr0498,08-12-22,19:59:37
ORD06376,CSTMR0482,07-28-25,12:43:37
ORD06377,CSTMR0034,16-06-2024,11:10:41
ORD06378,cstmr0194,2024.06.28,13:11:54
ORD06379,cstmr0722,06-29-23,19:39:37
ord06380,CSTMR0620,07/26/2025,08:15:45
ORD06381,CSTMR0435,2025-06-01,16:22:19
ORD06382,cstmr0604,18 Dec 2022,20:48:05
ORD06383,cstmr0999,05/02/2025,20:40:50
ord06384,cstmr0425,03-09-2024,20:35:44
ORD06385,cstmr0465,18-10-2024,18:11:53
ORD06386,CSTMR0432,2023.06.10,08:39:09
ORD06387,CSTMR0096,"Jan 28, 2024",11:41:09
ord06388,CSTMR0546,"Nov 05, 2024",13:31:59
ORD06389,cstmr0761,09-24-25,19:46:07
ord06390,cstmr0204,12-08-2025,18:12:48
ord06391,cstmr0158,"Dec 14, 2024",21:32:41
ord06392,CSTMR0325,04 Feb 2024,16:33:03
ORD06393,CSTMR0722,14/03/2022,19:20:20
ord06394,CSTMR0330,11-03-2023,15:43:01
ORD06395,cstmr0521,20/05/2023,15:46:51
ORD06396,CSTMR0625,03-12-26,15:56:04
ORD06397,CSTMR0105,02-21-22,17:55:25
ORD06398,CSTMR0702,2021-05-07,21:12:17
ord06399,CSTMR0990,2023-09-13,17:31:10
ORD06400,CSTMR0911,2024.10.30,17:41:03
ord06401,CSTMR0098,"May 10, 2026",21:30:43
ORD06402,CSTMR0913,15-04-2021,19:42:25
ORD06403,cstmr0100,"Dec 05, 2025",11:11:24
ORD06404,CSTMR0377,"Oct 12, 2023",20:46:25
ORD06405,cstmr0295,03-12-24,17:31:57
ord06406,cstmr0432,28-09-2025,22:29:08
ord06407,CSTMR0959,2026-01-20,11:38:36
ORD06408,cstmr0605,19/07/2024,09:34:01
ORD06409,CSTMR0989,08-09-23,08:47:30
ORD06410,CSTMR0838,01-04-2026,19:18:33
ORD06411,cstmr0777,31/10/2025,21:30:55
ORD06412,CSTMR0296,11/08/2023,13:56:35
ORD06413,CSTMR0715,"Mar 24, 2026",09:26:41
ord06414,CSTMR0720,03-30-26,16:07:50
ORD06415,CSTMR0624,2022-09-28,19:36:57
ORD06416,CSTMR0516,2024.12.17,08:25:33
ORD06417,CSTMR0204,05/10/2023,22:15:33
ORD06418,cstmr0134,2024.08.02,13:43:32
ORD06419,cstmr0102,2024-01-13,20:30:47
ORD06420,cstmr0341,29/08/2025,12:42:25
ord06421,CSTMR0128,"Jun 28, 2025",16:26:46
ORD06422,cstmr0990,"May 29, 2025",09:13:44
ORD06423,CSTMR0590,"Oct 17, 2021",17:30:43
ORD06424,CSTMR0331,2022.11.28,08:15:55
ord06425,CSTMR0128,10 Jan 2025,12:46:08
ORD06426,cstmr0131,22-12-2025,21:54:59
ord06427,CSTMR0735,12-03-25,10:59:34
ORD06428,CSTMR0758,05-02-26,08:49:06
ord06429,cstmr0520,2025-10-04,08:26:21
ORD06430,cstmr0517,2022.05.12,20:02:25
ORD06431,cstmr0395,06/24/2024,12:50:45
ORD06432,CSTMR0964,07/26/2023,20:13:17
ord06433,cstmr0778,01 May 2021,12:57:09
ORD06434,cstmr0129,08-08-23,10:48:52
ORD06435,cstmr0519,03/07/2025,15:31:07
ORD06436,cstmr0662,"Jan 07, 2023",20:43:25
ord06437,CSTMR0718,10 Nov 2023,15:45:27
ORD06438,CSTMR0277,2023.06.02,19:40:37
ORD06439,cstmr0859,12 Mar 2023,20:04:38
ORD06440,cstmr0755,07-19-24,19:45:29
ORD06441,CSTMR0969,23-12-2022,19:33:18
ORD06442,CSTMR0004,15 Apr 2024,21:02:13
ord06443,CSTMR0679,"Mar 01, 2024",12:01:38
ORD06444,CSTMR0653,21 Jun 2023,19:02:58
ord06445,CSTMR0477,2024-10-13,08:46:26
ORD06446,CSTMR0722,2021.07.23,21:48:53
ORD06447,CSTMR0199,2025.10.05,17:20:23
ORD06448,CSTMR0584,2025.12.30,09:14:42
ORD06449,CSTMR0306,09 Dec 2021,16:34:00
ORD06450,CSTMR0400,12-01-23,13:34:36
ORD06451,CSTMR0231,21-11-2021,14:00:11
ORD06452,CSTMR0577,30-10-2025,11:24:33
ord06453,CSTMR0928,13/12/2025,22:09:46
ORD06454,CSTMR0857,04/02/2023,22:17:26
ord06455,CSTMR0588,11/04/2023,14:54:53
ORD06456,CSTMR0830,23/11/2023,13:32:49
ORD06457,cstmr0188,2024.04.08,13:49:42
ORD06458,cstmr0247,"Feb 13, 2025",21:58:47
ord06459,CSTMR0956,"Jan 08, 2024",12:14:36
ORD06460,CSTMR0648,02-25-26,13:30:44
ORD06461,CSTMR0115,09-24-24,20:53:54
ORD06462,CSTMR0781,2022-05-14,14:28:44
ORD06463,cstmr0183,2023-12-23,09:07:17
ORD06464,CSTMR0387,25 Jan 2024,20:53:17
ORD06465,cstmr0613,21/07/2023,13:13:06
ORD06466,cstmr0659,26-04-2026,09:31:09
ORD06467,cstmr0377,2024.01.15,19:06:01
ORD06468,CSTMR0540,"Jan 03, 2023",12:08:01
ord06469,CSTMR0261,2023.12.19,16:03:05
ORD06470,cstmr0746,24/06/2023,10:18:46
ORD06471,cstmr0760,24 Sep 2023,09:22:37
ord06472,CSTMR0254,2024.04.19,11:19:21
ORD06473,cstmr0694,2024-10-03,18:30:15
ord06474,CSTMR0751,10-07-24,19:18:02
ord06475,CSTMR0205,17 Mar 2024,17:12:09
ord06476,cstmr0025,2023-06-23,17:57:02
ORD06477,CSTMR0593,"Mar 29, 2025",13:17:34
ORD06478,cstmr0412,20-12-2022,17:45:01
ord06479,CSTMR0784,2022-08-08,20:33:27
ORD06480,CSTMR0640,09/14/2021,21:34:07
ord06481,cstmr0157,04/08/2021,15:15:16
ord06482,CSTMR0748,2025-09-20,19:00:39
ORD06483,CSTMR0279,24-04-2025,20:46:18
ORD06484,cstmr0925,10-01-2025,18:29:22
ORD06485,CSTMR0062,2021-03-16,22:46:57
ORD06486,CSTMR0368,10/06/2025,15:29:19
ORD06487,cstmr0049,13-09-2024,16:43:59
ORD06488,CSTMR0369,05-08-25,20:38:08
ORD06489,CSTMR0063,10/02/2024,13:57:58
ORD06490,CSTMR0509,23 May 2023,20:01:44
ord06491,CSTMR0556,22/05/2025,12:26:43
ORD06492,CSTMR0548,31-07-2025,11:44:38
ORD06493,CSTMR0397,14-04-2023,21:08:20
ORD06494,CSTMR0390,"May 11, 2021",08:58:37
ORD06495,CSTMR0072,01 Dec 2025,12:43:34
ORD06496,cstmr0451,2024-07-28,12:15:26
ord06497,CSTMR0735,"Jul 15, 2022",20:10:40
ord06498,cstmr0833,11/07/2023,21:32:01
ORD06499,CSTMR0463,2025-03-22,21:44:34
ord06500,cstmr0226,2022-11-22,13:48:27
ord06501,cstmr0043,07/15/2021,13:13:14
ORD06502,CSTMR0191,"Jun 02, 2024",12:50:35
ORD06503,cstmr0860,03-05-2023,14:23:17
ORD06504,cstmr0041,29-08-2023,13:02:55
ord06505,CSTMR0959,06-09-25,18:17:11
ORD06506,CSTMR0451,2025.08.03,11:18:19
ORD06507,CSTMR0840,26-08-2021,19:36:14
ORD06508,CSTMR0162,"Jun 22, 2025",21:46:00
ORD06509,cstmr0266,20 May 2025,22:08:15
ORD06510,cstmr0361,08-19-25,16:32:31
ord06511,CSTMR0442,2024-04-15,10:24:15
ORD06512,CSTMR0330,24/02/2022,19:37:19
ORD06513,cstmr0705,06-06-24,13:45:47
ORD06514,CSTMR0399,02-20-22,13:25:44
ORD06515,CSTMR0740,23/08/2025,20:23:34
ORD06516,CSTMR0908,06-25-24,08:25:21
ORD06517,CSTMR0843,12/21/2021,22:59:30
ord06518,CSTMR0086,"Apr 12, 2024",19:19:20
ORD06519,cstmr0068,17 Aug 2025,12:23:49
ord06520,cstmr0289,"Feb 11, 2026",09:20:01
ORD06521,CSTMR0768,28 Feb 2024,15:13:22
ORD06522,CSTMR0399,"Jun 26, 2025",12:23:12
ORD06523,CSTMR0819,12-16-23,11:37:06
ord06524,CSTMR0728,2026.02.19,21:15:08
ord06525,CSTMR0438,"Mar 12, 2022",11:08:31
ORD06526,CSTMR0687,02-11-22,20:53:11
ORD06527,CSTMR0173,"May 10, 2026",13:16:30
ORD06528,cstmr0444,"Nov 20, 2023",11:06:44
ORD06529,CSTMR0234,"Nov 22, 2024",12:23:16
ORD06530,CSTMR0729,"Aug 07, 2022",10:18:51
ORD06531,cstmr0251,2022-01-19,20:47:25
ord06532,CSTMR0922,"Nov 04, 2021",17:55:53
ORD06533,cstmr0632,"Apr 13, 2023",18:50:43
ORD06534,cstmr0474,12-06-2022,12:49:33
ord06535,CSTMR0430,25 Sep 2024,09:11:38
ord06536,CSTMR0507,15/09/2022,19:41:07
ORD06537,CSTMR0048,11/17/2023,22:52:44
ORD06538,CSTMR0360,08-20-23,20:20:08
ORD06539,cstmr0658,08/08/2024,13:43:19
ord06540,cstmr0205,2024.07.21,15:02:55
ORD06541,CSTMR0079,"Apr 17, 2023",20:39:32
ORD06542,CSTMR0460,2022.11.25,12:55:52
ORD06543,cstmr0025,10/11/2024,10:47:02
ORD06544,CSTMR0242,15-07-2021,21:25:15
ord06545,CSTMR0297,"Jun 16, 2021",13:29:11
ORD06546,CSTMR0078,21/06/2022,18:54:04
ORD06547,cstmr0055,"Jul 11, 2025",13:30:04
ORD06548,CSTMR0387,31/05/2024,19:51:00
ORD06549,CSTMR0802,"Dec 03, 2025",12:58:57
ORD06550,cstmr0482,07/06/2023,11:18:32
ORD06551,CSTMR0548,2025-10-28,21:07:36
ORD06552,CSTMR0978,05-01-22,16:11:10
ORD06553,cstmr0356,11/04/2024,10:41:27
ord06554,CSTMR0035,04/12/2026,13:06:25
ord06555,cstmr0525,03 Jul 2022,21:28:10
ord06556,CSTMR0207,"Jun 05, 2024",21:22:19
ORD06557,cstmr0772,06/25/2023,13:27:15
ORD06558,CSTMR0665,07/13/2024,21:07:23
ORD06559,cstmr0586,16/12/2025,20:52:29
ORD06560,cstmr0236,08/28/2021,10:13:36
ORD06561,CSTMR0509,2025.11.30,09:15:26
ord06562,CSTMR0896,"Jun 05, 2022",09:23:30
ORD06563,cstmr0831,11-10-23,11:04:33
ORD06564,CSTMR0811,2025.06.28,14:11:48
ORD06565,cstmr0626,2023.06.23,10:04:43
ORD06566,cstmr0193,"May 31, 2023",11:16:18
ord06567,CSTMR0410,27/05/2021,12:14:56
ORD06568,CSTMR0535,2024-10-02,21:31:46
ORD06569,cstmr0127,26-03-2026,12:35:44
ORD06570,CSTMR0760,2022-03-13,09:24:34
ORD06571,CSTMR0860,25/03/2021,17:02:12
ord06572,CSTMR0096,01-11-26,14:40:59
ORD06573,cstmr0391,11 Jun 2023,21:26:50
ord06574,cstmr0684,2023.04.12,14:39:48
ORD06575,cstmr0246,05-29-23,16:33:30
ORD06576,CSTMR0267,13-10-2023,18:17:44
ord06577,cstmr0583,2024-08-18,20:55:52
ORD06578,cstmr0277,09/12/2022,12:23:27
ORD06579,CSTMR0973,2022.02.21,13:25:26
ORD06580,cstmr0609,2023-07-16,20:04:03
ORD06581,cstmr0871,21-11-2024,17:54:31
ORD06582,cstmr0132,"Dec 18, 2024",18:31:24
ORD06583,CSTMR0328,15-12-2024,22:39:47
ORD06584,CSTMR0571,11/07/2025,08:37:27
ord06585,CSTMR0375,12/24/2025,11:26:26
ord06586,cstmr0230,06/02/2026,13:15:48
ORD06587,cstmr0699,2024.08.21,20:00:25
ORD06588,cstmr0826,2023.11.05,12:34:36
ORD06589,cstmr0757,2024-05-26,09:53:33
ORD06590,cstmr0283,10/06/2024,16:37:28
ord06591,CSTMR0076,02-10-2023,14:38:46
ORD06592,CSTMR0845,18 Jan 2024,13:40:33
ord06593,CSTMR0302,21-03-2023,11:27:13
ord06594,CSTMR0563,2026.01.15,19:57:09
ORD06595,CSTMR0308,2025-10-10,17:25:21
ORD06596,cstmr0240,2024.10.22,19:26:38
ord06597,cstmr0832,10/20/2024,09:37:42
ORD06598,cstmr0746,18/06/2023,20:10:56
ORD06599,CSTMR0166,02/22/2024,22:03:56
ord06600,CSTMR0770,2026-02-18,21:09:55
ORD06601,CSTMR0323,"Jul 17, 2023",15:21:31
ORD06602,CSTMR0805,26/03/2023,12:25:19
ord06603,CSTMR0186,"Dec 06, 2024",08:44:14
ORD06604,CSTMR0180,09-16-25,18:05:46
ORD06605,CSTMR0739,"Aug 16, 2025",19:16:43
ORD06606,CSTMR0318,2023-10-21,12:13:07
ORD06607,CSTMR0055,2021-01-06,18:11:13
ORD06608,cstmr0234,2025.03.17,11:17:20
ORD06609,CSTMR0401,01-14-25,20:21:53
ORD06610,cstmr0474,2025.12.28,09:03:55
ord06611,cstmr0359,02/10/2024,14:34:11
ORD06612,cstmr0051,09/04/2025,12:35:08
ord06613,CSTMR0009,22-11-2022,12:43:21
ORD06614,CSTMR0186,10/10/2022,10:43:13
ORD06615,CSTMR0602,"Dec 22, 2024",11:51:01
ord06616,CSTMR0067,2023.04.13,20:19:38
ORD06617,CSTMR0012,13 Aug 2025,21:53:25
ord06618,cstmr0542,2024-01-27,20:26:28
ORD06619,cstmr0887,01/14/2024,08:38:16
ORD06620,CSTMR0633,05/13/2025,16:23:13
ORD06621,CSTMR0914,10/19/2024,17:31:19
ORD06622,CSTMR0623,10-10-2023,20:04:38
ORD06623,CSTMR0031,2024.06.04,21:19:46
ord06624,CSTMR0926,23-05-2022,19:13:31
ORD06625,cstmr0161,2022.01.26,12:19:18
ord06626,cstmr0924,"May 25, 2024",13:46:46
ORD06627,CSTMR0483,03-17-24,21:32:03
ord06628,cstmr0411,07/21/2023,21:43:20
ORD06629,CSTMR0592,01-03-2022,12:43:46
ORD06630,CSTMR0993,29-06-2025,19:48:25
ORD06631,CSTMR0116,01 Aug 2022,14:09:48
ord06632,CSTMR0739,22/11/2024,19:07:35
ORD06633,CSTMR0423,05-15-24,08:34:55
ord06634,cstmr0659,27 Jan 2023,21:46:06
ord06635,cstmr0982,16 May 2025,20:14:24
ord06636,CSTMR0097,06/09/2025,16:21:53
ord06637,cstmr0616,20/01/2022,09:07:41
ORD06638,CSTMR0443,02-22-23,08:35:09
ord06639,CSTMR0183,11-01-2022,21:26:14
ord06640,CSTMR0128,2024.05.16,13:24:00
ord06641,cstmr0975,31/01/2025,21:32:19
ord06642,CSTMR0197,04/21/2026,14:44:30
ORD06643,CSTMR0408,12/31/2023,13:59:06
ORD06644,CSTMR0271,18/04/2024,20:37:51
ORD06645,CSTMR0731,2021-08-13,19:15:39
ORD06646,CSTMR0414,16/10/2023,21:36:12
ORD06647,CSTMR0187,11/11/2023,13:05:28
ORD06648,CSTMR0278,30-10-2024,13:37:43
ORD06649,cstmr0185,12/23/2023,14:54:37
ord06650,CSTMR0745,17-03-2024,22:05:11
ORD06651,cstmr0439,2024-03-01,21:50:20
ORD06652,cstmr0774,12/14/2023,17:19:43
ORD06653,cstmr0034,2026.03.11,10:28:41
ord06654,CSTMR0610,2025.03.17,19:51:05
ORD06655,CSTMR0878,2023-01-01,17:37:21
ORD06656,cstmr0367,28/05/2023,20:52:25
ORD06657,CSTMR0591,2025-06-24,13:15:00
ORD06658,cstmr0700,07/31/2025,16:47:54
ORD06659,CSTMR0469,03 May 2024,08:21:19
ORD06660,CSTMR0288,16 Jul 2022,21:27:34
ORD06661,CSTMR0902,2024.10.13,13:15:43
ORD06662,CSTMR0194,"Jan 05, 2025",18:33:02
ORD06663,CSTMR0571,02/12/2025,08:05:54
ORD06664,CSTMR0432,26-05-2023,20:36:56
ORD06665,cstmr0083,02/25/2023,09:34:35
ORD06666,cstmr0291,09/14/2023,17:42:37
ORD06667,CSTMR0491,2022-05-08,17:52:06
ORD06668,CSTMR0230,23/03/2025,12:02:17
ord06669,cstmr0769,09/06/2024,13:16:35
ORD06670,CSTMR0689,15-03-2024,16:09:42
ORD06671,CSTMR0140,04-06-2023,21:20:45
ord06672,CSTMR0141,"Sep 08, 2024",15:06:34
ORD06673,cstmr0153,01 Oct 2023,21:06:08
ord06674,CSTMR0071,10-01-2026,18:38:44
ORD06675,CSTMR0979,10/13/2022,22:27:28
ORD06676,cstmr0192,07-06-23,09:26:36
ORD06677,CSTMR0180,06/11/2022,22:23:17
ORD06678,CSTMR0472,16-06-2024,18:05:36
ord06679,cstmr0182,19 Aug 2023,20:39:12
ORD06680,cstmr0486,02 Aug 2025,16:47:35
ORD06681,cstmr0397,10-28-23,22:46:05
ord06682,CSTMR0095,2021-10-22,19:45:53
ORD06683,CSTMR0718,2022.11.12,11:33:36
ORD06684,CSTMR0727,11/26/2025,13:00:08
ORD06685,cstmr0984,04-19-25,13:52:07
ORD06686,CSTMR0502,09/11/2023,17:19:48
ORD06687,CSTMR0794,2022-08-02,17:04:00
ORD06688,CSTMR0034,10-03-2024,15:13:42
ORD06689,CSTMR0228,04/08/2025,09:01:46
ord06690,CSTMR0809,07/13/2025,12:45:36
ORD06691,cstmr0353,04-28-24,08:14:16
ORD06692,CSTMR0253,2025.08.30,11:55:12
ORD06693,CSTMR0345,2022-02-23,22:25:54
ORD06694,cstmr0070,"May 19, 2025",20:01:35
ORD06695,CSTMR0287,2021-02-07,17:53:07
ORD06696,CSTMR0482,03/10/2024,09:44:01
ORD06697,cstmr0611,22-06-2023,13:23:14
ORD06698,CSTMR0273,28-04-2025,20:15:06
ord06699,CSTMR0888,02/02/2024,15:13:58
ORD06700,CSTMR0678,2024-09-24,19:37:01
ORD06701,CSTMR0586,26-09-2022,10:36:43
ORD06702,CSTMR0954,2022.09.08,19:20:35
ORD06703,CSTMR0796,2024.12.17,22:10:35
ord06704,cstmr0815,"Aug 07, 2023",09:03:13
ORD06705,CSTMR0290,06 Nov 2021,15:27:18
ORD06706,CSTMR0126,2024-03-16,09:58:45
ord06707,cstmr0410,08-21-25,14:21:10
ORD06708,CSTMR0447,08/22/2023,19:43:52
ord06709,CSTMR0633,2024.12.16,10:06:51
ORD06710,CSTMR0648,02-26-23,20:39:10
ORD06711,cstmr1000,16 Jun 2024,21:38:08
ord06712,CSTMR0301,"Nov 19, 2022",12:30:08
ORD06713,CSTMR0414,2024-10-20,13:39:50
ORD06714,CSTMR0136,12-27-25,11:20:10
ORD06715,CSTMR0807,02-27-24,15:28:04
ord06716,CSTMR0537,"May 04, 2024",09:29:20
ORD06717,cstmr0601,14/05/2024,18:06:35
ORD06718,CSTMR0056,"Jan 16, 2023",15:11:37
ORD06719,CSTMR0844,03-23-23,12:43:16
ord06720,CSTMR0494,30/03/2025,17:41:11
ORD06721,CSTMR0116,10-01-2026,11:03:08
ORD06722,CSTMR0127,06/01/2026,12:08:55
ord06723,CSTMR0139,31 Aug 2023,10:29:17
ORD06724,CSTMR0161,21-04-2025,11:10:08
ord06725,CSTMR0423,09/02/2024,09:54:54
ORD06726,CSTMR0698,28 Dec 2024,19:59:51
ORD06727,CSTMR0145,2026-05-23,21:27:15
ORD06728,CSTMR0523,28-07-2025,14:08:51
ord06729,cstmr0236,01-17-26,18:44:17
ORD06730,CSTMR0240,02/26/2022,11:19:52
ORD06731,CSTMR0352,11/30/2024,22:08:14
ORD06732,cstmr0596,2026-05-10,16:27:09
ord06733,cstmr0391,"Aug 15, 2025",19:54:48
ORD06734,cstmr0442,05-30-25,19:02:13
ORD06735,CSTMR0052,2026-06-01,11:17:34
ORD06736,CSTMR0814,24-06-2025,13:26:11
ord06737,CSTMR0959,16 Feb 2025,10:27:42
ORD06738,cstmr0104,02-07-2022,20:45:14
ord06739,cstmr0869,2023-08-16,21:54:32
ORD06740,cstmr0120,04 Jan 2024,15:16:57
ORD06741,CSTMR0404,09 Jul 2023,20:58:54
ord06742,CSTMR0862,08-23-24,12:27:03
ord06743,cstmr0767,2025-06-28,12:25:56
ORD06744,CSTMR0850,2025-07-16,16:51:24
ORD06745,cstmr0904,"Jul 12, 2023",12:52:21
ORD06746,cstmr0637,2023.03.17,11:58:57
ord06747,CSTMR0352,08 Mar 2026,11:11:35
ord06748,CSTMR0421,12 Jun 2025,09:58:25
ORD06749,CSTMR0550,17 Sep 2022,19:17:26
ORD06750,cstmr0628,04-05-2025,14:16:50
ORD06751,cstmr0749,14/10/2022,13:08:24
ORD06752,CSTMR0003,22-03-2023,08:28:35
ORD06753,cstmr0956,01-05-2022,20:52:01
ord06754,CSTMR0567,01-13-25,12:11:20
ORD06755,cstmr0749,2026-03-11,19:23:29
ord06756,CSTMR0151,2022-08-24,22:05:05
ORD06757,CSTMR0227,02-28-24,21:27:13
ORD06758,CSTMR0085,12/24/2025,19:51:15
ORD06759,cstmr0210,"Sep 16, 2023",13:54:31
ORD06760,CSTMR0244,2024-03-10,15:38:23
ORD06761,cstmr0642,2025-09-12,12:08:12
ORD06762,CSTMR0860,11-09-25,15:23:32
ord06763,CSTMR0143,04/10/2024,15:27:49
ORD06764,CSTMR0923,2023.03.12,16:16:32
ORD06765,cstmr0932,2025-10-17,14:18:15
ORD06766,CSTMR0510,18 Oct 2021,21:44:05
ORD06767,CSTMR0718,22-06-2023,11:03:35
ord06768,CSTMR0769,26-01-2025,19:41:53
ord06769,cstmr0978,07/11/2025,21:58:51
ord06770,CSTMR0020,17-03-2025,13:36:10
ORD06771,cstmr0394,2026.04.29,09:20:48
ORD06772,cstmr0934,06-08-2025,20:58:51
ORD06773,CSTMR0257,2026-04-25,12:05:15
ord06774,cstmr0177,13 May 2026,17:24:02
ORD06775,cstmr0095,"Mar 01, 2025",22:34:53
ORD06776,CSTMR0565,10-02-25,18:31:32
ORD06777,cstmr0183,2025.09.16,14:08:12
ORD06778,CSTMR0242,2024.12.07,21:45:29
ORD06779,CSTMR0233,26-07-2024,10:55:14
ord06780,CSTMR0963,13/04/2026,08:33:03
ORD06781,cstmr0732,21-10-2022,11:25:45
ORD06782,cstmr0989,03-27-26,21:11:29
ORD06783,CSTMR0767,"Feb 25, 2023",16:48:21
ord06784,CSTMR0195,2024-04-29,22:56:29
ORD06785,CSTMR0971,01-19-24,14:50:39
ord06786,cstmr0122,04/07/2023,14:10:41
ORD06787,CSTMR0285,21/09/2023,12:23:24
ord06788,CSTMR0208,"Dec 30, 2023",13:06:48
ORD06789,CSTMR0308,18/10/2023,21:32:56
ORD06790,cstmr0005,"Jun 02, 2023",13:18:20
ord06791,CSTMR0371,"Jul 28, 2024",19:35:04
ORD06792,cstmr0974,2021.08.29,14:17:00
ord06793,CSTMR0401,"Sep 13, 2024",13:44:23
ORD06794,cstmr0951,"Feb 01, 2023",13:46:53
ORD06795,CSTMR0519,10/04/2024,22:06:51
ord06796,CSTMR0935,17-04-2026,15:55:37
ORD06797,cstmr0346,10/21/2025,11:09:19
ord06798,CSTMR0156,12 Jun 2025,12:24:28
ORD06799,CSTMR0442,2026-05-06,13:32:37
ORD06800,CSTMR0752,17-09-2023,14:17:42
ord06801,CSTMR0389,2025.09.30,12:01:00
ord06802,cstmr0211,29/10/2022,21:32:08
ORD06803,cstmr0419,14-04-2026,22:58:38
ORD06804,CSTMR0236,20 Aug 2022,10:31:43
ORD06805,CSTMR0600,01-21-24,19:42:02
ord06806,CSTMR0166,19-09-2025,12:18:24
ORD06807,CSTMR0882,05-05-26,21:30:15
ORD06808,cstmr0245,19-08-2024,13:02:00
ORD06809,cstmr0154,11 Jun 2021,13:47:19
ORD06810,CSTMR0556,31-12-2022,09:08:30
ORD06811,cstmr0367,20/01/2026,12:01:40
ORD06812,CSTMR0926,27-08-2022,15:54:21
ORD06813,cstmr0976,2026-03-27,12:04:19
ORD06814,CSTMR0805,2025-03-21,09:26:47
ord06815,cstmr0875,2026.03.06,18:22:45
ORD06816,cstmr0035,16-10-2022,19:47:53
ORD06817,cstmr0595,15 Apr 2023,08:03:43
ORD06818,cstmr0599,2023.04.26,21:19:27
ORD06819,CSTMR0203,01-25-23,10:03:38
ord06820,CSTMR0037,"Jun 11, 2022",21:11:57
ORD06821,cstmr0653,2026.04.29,10:38:32
ORD06822,cstmr0970,19 Nov 2021,14:58:14
ord06823,CSTMR0356,18 Mar 2026,18:25:32
ORD06824,cstmr0816,2025.02.24,21:21:23
ORD06825,CSTMR0697,08 Aug 2022,10:27:21
ord06826,CSTMR0770,08-17-21,12:59:31
ORD06827,CSTMR0643,2025.01.29,20:54:10
ORD06828,CSTMR0666,04/26/2021,13:32:57
ord06829,cstmr0915,08 Nov 2021,19:26:18
ORD06830,CSTMR0387,16-05-2023,14:14:21
ORD06831,CSTMR0523,01-20-24,12:18:57
ORD06832,CSTMR0864,06/12/2024,14:23:06
ord06833,cstmr0101,03/12/2025,12:22:06
ORD06834,CSTMR0727,2025-06-27,14:42:29
ORD06835,CSTMR0646,13 Jan 2021,21:05:09
ord06836,cstmr0031,23-06-2024,20:27:32
ORD06837,cstmr0205,06/19/2023,14:12:02
ord06838,CSTMR0086,07-31-21,10:10:29
ORD06839,CSTMR0868,"Jul 06, 2025",18:13:50
ORD06840,CSTMR0744,"Mar 25, 2023",20:22:48
ORD06841,CSTMR0841,02/10/2023,19:27:06
ord06842,CSTMR0924,02-10-23,21:03:19
ord06843,CSTMR0582,06-16-24,20:20:21
ORD06844,CSTMR0080,06 Oct 2024,18:31:10
ORD06845,cstmr0371,2024-03-30,08:04:39
ORD06846,CSTMR0873,03/13/2022,20:47:35
ORD06847,CSTMR0372,2025.12.14,11:11:00
ORD06848,cstmr0334,"Feb 25, 2025",11:15:17
ORD06849,cstmr0043,2025.06.22,18:01:59
ORD06850,CSTMR0107,2023-04-12,19:00:28
ord06851,CSTMR0196,02/26/2023,16:11:31
ORD06852,CSTMR0451,05/17/2026,13:32:18
ord06853,CSTMR0391,2024.11.19,20:45:36
ord06854,CSTMR0421,2023.12.18,09:58:28
ORD06855,CSTMR0170,08/18/2023,16:30:49
ord06856,CSTMR0055,"May 13, 2023",20:00:07
ord06857,CSTMR0033,02-06-25,08:25:40
ORD06858,CSTMR0256,01/02/2025,17:36:34
ord06859,CSTMR0998,02/28/2026,13:56:07
ORD06860,CSTMR0729,2025.08.22,13:32:26
ORD06861,CSTMR0931,10-01-2024,16:59:20
ORD06862,CSTMR0211,06 Feb 2024,14:20:55
ORD06863,CSTMR0885,10/15/2025,21:43:02
ORD06864,CSTMR0685,11/10/2022,17:58:19
ORD06865,cstmr0793,13 Nov 2024,15:15:26
ORD06866,cstmr0637,12 Feb 2024,17:28:28
ORD06867,CSTMR0354,01/15/2024,12:33:53
ORD06868,cstmr0396,07/25/2024,19:45:19
ord06869,cstmr0223,2026.05.08,08:17:01
ORD06870,cstmr0380,21 Aug 2024,13:20:52
ord06871,CSTMR0290,2023-06-23,18:44:43
ORD06872,CSTMR0397,01-06-2026,20:12:46
ORD06873,CSTMR0085,22 Dec 2022,20:51:15
ORD06874,CSTMR0373,05/19/2023,21:48:42
ord06875,cstmr0853,08/21/2023,13:41:28
ord06876,CSTMR0504,27/03/2026,22:05:46
ORD06877,cstmr0309,10 Jun 2021,12:55:47
ORD06878,CSTMR0985,2024-05-17,20:04:04
ord06879,CSTMR0176,"Aug 01, 2023",21:13:05
ord06880,CSTMR0755,"Feb 03, 2023",20:11:06
ORD06881,cstmr0537,"Jun 23, 2025",09:06:06
ord06882,cstmr0730,2023.04.16,20:43:12
ord06883,CSTMR0275,27 Oct 2025,16:21:38
ord06884,CSTMR0535,"Nov 10, 2023",20:56:11
ORD06885,CSTMR0095,2025.04.30,12:46:59
ORD06886,CSTMR0490,30/06/2024,18:08:20
ORD06887,CSTMR0793,14 May 2026,12:34:36
ORD06888,CSTMR0932,28-05-2023,10:04:00
ORD06889,CSTMR0401,04 Sep 2023,12:01:30
ord06890,CSTMR0466,2025.06.29,19:12:04
ORD06891,CSTMR0887,10-03-2026,14:02:11
ORD06892,CSTMR0282,02-06-24,13:37:44
ord06893,CSTMR0184,09-16-22,16:28:11
ORD06894,CSTMR0937,04/05/2024,12:22:22
ORD06895,CSTMR0221,2025.06.19,20:26:51
ORD06896,cstmr0114,2024-08-20,11:52:28
ord06897,CSTMR0833,01-03-2023,20:08:05
ord06898,CSTMR0911,2024.08.05,13:06:10
ORD06899,CSTMR0493,2023.04.25,15:31:10
ORD06900,cstmr0649,"Mar 13, 2023",15:19:50
ORD06901,CSTMR0073,2023.07.28,15:55:20
ORD06902,cstmr0457,"May 31, 2026",20:00:40
ord06903,cstmr0806,"Jun 28, 2025",13:33:17
ORD06904,CSTMR0741,28 Dec 2021,16:54:15
ORD06905,CSTMR0725,26 Nov 2025,19:05:29
ord06906,CSTMR0465,2024-06-03,22:53:46
ord06907,CSTMR0605,2023-03-07,19:56:56
ord06908,CSTMR0322,08-04-2021,21:41:19
ORD06909,CSTMR0639,2023-01-27,21:34:47
ORD06910,CSTMR0351,05/23/2023,12:48:36
ORD06911,CSTMR0582,03/14/2024,19:59:25
ord06912,cstmr0325,09 Sep 2022,17:58:01
ORD06913,CSTMR0746,14/09/2025,19:29:40
ord06914,cstmr0340,14/06/2025,17:46:12
ORD06915,CSTMR0706,09-14-24,19:32:56
ORD06916,CSTMR0660,21/12/2022,14:55:28
ord06917,cstmr0416,10-04-2026,11:19:36
ORD06918,CSTMR0847,05 Mar 2025,20:42:37
ord06919,cstmr0010,11-15-25,18:56:38
ord06920,cstmr0040,2024.12.30,18:03:19
ORD06921,CSTMR0777,01/04/2023,21:05:19
ORD06922,cstmr0867,03/30/2025,17:24:53
ORD06923,CSTMR0680,06-12-23,13:41:01
ORD06924,CSTMR0451,17-08-2023,12:34:50
ORD06925,cstmr0763,02 Jun 2024,18:42:01
ORD06926,cstmr0375,03-06-2022,21:43:24
ORD06927,cstmr0716,"Feb 12, 2022",16:23:15
ord06928,CSTMR0215,2024-08-25,15:36:38
ORD06929,cstmr0225,"Oct 18, 2025",14:28:30
ORD06930,CSTMR0577,10-28-21,18:01:41
ORD06931,CSTMR0425,2023-03-18,12:34:24
ORD06932,CSTMR0928,02-08-2025,12:34:04
ord06933,cstmr0634,2026.04.01,18:58:17
ord06934,CSTMR0202,2024-10-18,20:21:04
ORD06935,CSTMR0028,01/30/2026,09:35:34
ord06936,CSTMR0742,19 Mar 2024,15:48:00
ORD06937,cstmr0840,"Aug 07, 2024",21:09:22
ORD06938,CSTMR0489,2025-05-22,21:54:53
ord06939,CSTMR0523,02/26/2025,12:35:54
ORD06940,CSTMR0658,01/30/2024,09:22:04
ORD06941,CSTMR0824,19-01-2026,20:47:45
ORD06942,CSTMR0260,22 Jan 2023,20:18:36
ORD06943,cstmr0872,2026.05.31,13:08:54
ord06944,CSTMR0299,2025-08-21,18:40:02
ord06945,cstmr0282,06-04-2023,13:22:57
ORD06946,CSTMR0185,2024.08.25,19:32:21
ord06947,CSTMR0110,2024.11.07,22:26:02
ord06948,CSTMR0480,2022.10.03,13:21:27
ORD06949,CSTMR0764,22-11-2025,15:21:53
ORD06950,cstmr0814,07-26-23,20:28:28
ord06951,cstmr0802,12-14-23,17:37:17
ORD06952,CSTMR0198,2024-11-05,16:50:19
ORD06953,CSTMR0740,2022-08-18,19:13:54
ORD06954,cstmr0282,02 Jan 2024,12:29:05
ORD06955,CSTMR0419,21/05/2026,13:55:57
ord06956,cstmr0857,01-07-23,14:25:09
ORD06957,CSTMR0049,"Jan 19, 2025",13:10:03
ORD06958,CSTMR0022,"Aug 06, 2025",11:22:37
ord06959,CSTMR0970,02/02/2024,22:20:51
ord06960,CSTMR0175,2023.06.16,10:35:27
ord06961,CSTMR0982,12/11/2025,22:09:54
ord06962,cstmr0411,"Dec 06, 2021",15:44:47
ord06963,CSTMR0067,2024.01.16,18:14:37
ord06964,CSTMR0270,2025.06.20,19:56:01
ORD06965,CSTMR0287,09 Dec 2024,21:45:42
ORD06966,cstmr0185,01 May 2025,21:32:58
ORD06967,CSTMR0059,"Feb 05, 2024",22:21:56
ord06968,cstmr0279,2025.02.09,13:59:46
ORD06969,CSTMR0198,30/11/2023,20:42:06
ord06970,CSTMR0555,08/20/2025,10:37:49
ord06971,cstmr0717,09-14-21,13:17:42
ord06972,CSTMR0921,"Mar 12, 2026",11:13:28
ORD06973,cstmr0840,03 Feb 2024,12:16:36
ORD06974,cstmr0431,03/12/2021,16:13:20
ord06975,CSTMR0026,04-10-23,15:18:19
ORD06976,CSTMR0041,"Jan 01, 2022",15:38:26
ord06977,CSTMR0476,30/03/2023,22:54:39
ORD06978,CSTMR0819,2025-04-29,16:58:21
ORD06979,CSTMR0027,2023-03-17,20:10:00
ORD06980,CSTMR0716,02/13/2022,08:42:11
ORD06981,CSTMR0218,21 Apr 2023,10:13:11
ORD06982,cstmr0310,02/08/2023,20:29:57
ord06983,cstmr0830,02-28-23,20:15:00
ord06984,CSTMR0850,18-09-2025,19:24:38
ord06985,CSTMR0292,2023.05.23,22:36:21
ord06986,CSTMR0146,2021.06.10,19:42:12
ORD06987,cstmr0157,09-04-22,11:35:48
ORD06988,CSTMR0865,2025.10.15,22:08:28
ORD06989,CSTMR0788,"May 20, 2022",10:32:18
ord06990,cstmr0541,20/07/2024,12:43:45
ord06991,cstmr0852,15-10-2021,22:40:02
ORD06992,CSTMR0744,"Dec 12, 2024",20:28:40
ORD06993,cstmr0100,12/18/2024,20:53:08
ord06994,CSTMR0140,25 Jan 2026,13:44:45
ORD06995,cstmr0536,07-08-2022,12:31:28
ord06996,cstmr0155,16-04-2024,09:46:36
ord06997,CSTMR0616,18/06/2025,13:27:13
ORD06998,CSTMR0455,25 May 2026,21:21:11
ord06999,CSTMR0881,2025.12.02,20:26:27
ORD07000,CSTMR0430,08-11-25,19:32:49
ORD07001,CSTMR0525,02/12/2023,19:19:14
ORD07002,CSTMR0334,2023-03-11,14:06:44
ord07003,CSTMR0301,2024-03-08,10:56:56
ORD07004,CSTMR0847,05/18/2024,11:19:17
ORD07005,CSTMR0850,12-09-25,12:18:08
ORD07006,CSTMR0320,2023-04-18,15:36:15
ORD07007,CSTMR0239,04-21-23,10:36:39
ord07008,CSTMR0448,04/21/2024,20:48:04
ORD07009,CSTMR0919,05/07/2024,18:06:47
ORD07010,cstmr0753,2021.12.22,08:51:45
ORD07011,CSTMR0456,"Oct 05, 2024",13:05:44
ORD07012,CSTMR0924,12-09-24,08:01:18
ORD07013,CSTMR0447,01 Nov 2022,21:28:50
ORD07014,CSTMR0326,09/03/2025,14:41:28
ord07015,CSTMR0915,18-06-2025,21:12:58
ORD07016,CSTMR0141,2024-12-23,13:24:05
ORD07017,CSTMR0856,2026.01.24,16:37:49
ord07018,CSTMR0260,2021.08.23,13:53:03
ORD07019,CSTMR0694,2023.12.29,20:37:15
ORD07020,CSTMR0487,05/21/2023,21:48:18
ord07021,CSTMR0290,2022.03.09,20:21:02
ORD07022,CSTMR0025,12/11/2022,12:31:30
ORD07023,cstmr0473,09-10-2021,11:48:42
ord07024,CSTMR0855,"Jan 12, 2025",20:28:22
ORD07025,cstmr0255,"Mar 11, 2025",19:43:05
ORD07026,CSTMR0649,16/12/2023,13:47:55
ORD07027,cstmr0884,01-01-2025,10:04:19
ORD07028,CSTMR0518,10-05-2026,22:09:00
ORD07029,CSTMR0744,04-13-25,12:49:56
ORD07030,CSTMR0072,13/03/2025,20:21:04
ord07031,CSTMR0847,10-13-23,15:20:23
ORD07032,CSTMR0485,"Aug 26, 2024",10:31:13
ORD07033,cstmr0817,30 May 2026,19:20:21
ord07034,CSTMR0544,12-06-21,12:34:20
ORD07035,CSTMR0734,03/30/2022,08:25:47
ord07036,CSTMR0303,20-07-2021,16:40:18
ORD07037,cstmr0284,2023-06-20,21:55:59
ORD07038,CSTMR0477,23/01/2023,20:15:51
ORD07039,cstmr0850,19 Apr 2026,19:29:44
ord07040,CSTMR0236,"Nov 13, 2022",22:11:43
ord07041,CSTMR0738,18 Apr 2025,16:20:29
ORD07042,cstmr0044,2025.03.14,11:24:07
ORD07043,cstmr0325,11-30-22,12:49:52
ord07044,CSTMR0225,10-14-23,09:19:03
ord07045,CSTMR0578,03/27/2026,18:15:28
ORD07046,cstmr0848,07/18/2024,12:21:48
ORD07047,CSTMR0961,"Jul 13, 2025",12:21:30
ord07048,cstmr0471,25/09/2024,12:40:00
ORD07049,CSTMR0156,08/26/2024,12:16:03
ord07050,CSTMR0769,09-09-25,12:28:41
ORD07051,CSTMR0818,2022-12-13,20:36:21
ORD07052,CSTMR0603,2025.09.12,19:37:11
ORD07053,CSTMR0281,10/30/2025,12:03:28
ord07054,CSTMR0266,2025-10-29,18:35:12
ord07055,CSTMR0529,03-15-23,15:22:26
ord07056,cstmr0635,03/13/2023,12:36:41
ORD07057,cstmr0794,06/25/2023,13:44:43
ORD07058,CSTMR0792,26 Apr 2023,13:15:59
ORD07059,CSTMR0090,01/17/2023,19:16:47
ORD07060,CSTMR0649,05/27/2025,19:24:41
ord07061,cstmr0444,2021.04.29,12:07:30
ORD07062,CSTMR0634,28 Jun 2024,20:42:36
ORD07063,CSTMR0618,2025.02.21,19:50:28
ord07064,cstmr0732,2025.06.08,21:39:19
ord07065,CSTMR0228,20 Apr 2025,19:56:05
ord07066,CSTMR0968,02/02/2024,16:12:41
ORD07067,CSTMR0744,03/26/2024,12:18:26
ORD07068,cstmr0534,28-06-2021,13:39:20
ORD07069,cstmr0122,2023-11-24,16:59:28
ord07070,CSTMR0732,04-21-25,16:52:25
ORD07071,CSTMR0276,"May 13, 2024",11:26:12
ORD07072,cstmr0216,2022.03.27,19:33:00
ORD07073,cstmr0676,21/04/2023,18:09:59
ORD07074,cstmr0287,2026.02.09,09:46:57
ord07075,cstmr0520,03-16-24,13:12:16
ORD07076,cstmr0088,21-07-2022,18:32:13
ORD07077,CSTMR0389,"Feb 11, 2024",13:09:41
ord07078,CSTMR0034,14/08/2025,13:45:43
ord07079,CSTMR0318,13-09-2024,16:37:56
ord07080,CSTMR0073,04-10-22,12:47:10
ORD07081,cstmr0782,04-19-25,20:04:06
ord07082,CSTMR0834,2024.03.23,12:11:37
ord07083,CSTMR0147,10-22-23,17:20:26
ORD07084,cstmr0075,01-20-22,09:40:04
ORD07085,CSTMR0068,2022-11-17,14:00:26
ORD07086,cstmr0184,2023-07-02,13:40:58
ORD07087,CSTMR0989,03-13-26,17:56:16
ord07088,CSTMR0831,04/15/2023,12:41:37
ord07089,cstmr0794,30/11/2024,19:16:35
ORD07090,cstmr0293,"Jul 12, 2025",10:12:25
ord07091,CSTMR0730,07-07-2022,13:11:10
ord07092,CSTMR0786,17/09/2023,12:15:54
ORD07093,CSTMR0410,"Apr 18, 2026",20:23:07
ORD07094,CSTMR0155,03/04/2026,14:25:52
ORD07095,CSTMR0020,15/02/2024,09:45:33
ORD07096,CSTMR0486,05/30/2024,08:05:53
ORD07097,CSTMR0660,2024-05-28,15:21:42
ord07098,cstmr0916,07/06/2023,22:07:31
ORD07099,CSTMR0335,09/11/2024,22:28:27
ORD07100,cstmr0908,22 Jun 2023,16:06:55
ORD07101,CSTMR0413,01-20-26,12:15:51
ORD07102,CSTMR0472,2023-04-07,19:05:05
ORD07103,CSTMR0752,05 Apr 2021,14:38:51
ORD07104,CSTMR0964,19 Jun 2022,22:33:29
ord07105,CSTMR0415,02 Nov 2023,21:35:55
ord07106,CSTMR0579,2025-07-01,18:21:05
ORD07107,cstmr0505,16/01/2022,13:35:18
ORD07108,CSTMR0461,11 Aug 2023,13:02:08
ORD07109,CSTMR0720,"Oct 26, 2025",16:15:53
ord07110,CSTMR0391,10-08-2024,20:23:30
ord07111,CSTMR0574,21-08-2021,08:20:15
ord07112,CSTMR0249,"Jan 26, 2026",09:18:48
ORD07113,cstmr0617,10-11-23,12:19:21
ORD07114,cstmr0649,11/08/2023,20:53:08
ORD07115,CSTMR0915,19 Sep 2024,20:07:17
ORD07116,CSTMR0130,2024.11.10,13:21:32
ORD07117,CSTMR0984,27 Oct 2023,15:58:03
ORD07118,CSTMR0327,16/07/2021,12:27:57
ord07119,CSTMR0208,06/10/2022,19:14:10
ORD07120,CSTMR0929,2025-04-25,10:34:25
ORD07121,cstmr0672,2025-02-26,14:33:09
ORD07122,CSTMR0999,22-01-2021,21:36:14
ORD07123,CSTMR0716,09-06-23,11:15:28
ORD07124,CSTMR0926,2026-02-13,22:56:09
ORD07125,CSTMR0150,2025-01-10,10:27:15
ORD07126,CSTMR0643,05-31-24,09:29:31
ORD07127,CSTMR0555,2025-08-13,11:55:36
ORD07128,CSTMR0150,12-04-2024,20:47:32
ord07129,cstmr0411,07-10-23,10:28:03
ORD07130,CSTMR0727,2024-06-23,20:44:58
ord07131,CSTMR0852,12 Mar 2022,13:31:27
ord07132,CSTMR0500,08 Mar 2022,08:19:55
ORD07133,CSTMR0749,22-05-2026,13:40:49
ORD07134,CSTMR0796,28/02/2026,10:34:37
ord07135,CSTMR0327,2024-03-27,08:37:12
ord07136,CSTMR0071,08-25-24,21:46:23
ord07137,CSTMR0647,2024-07-19,17:49:28
ORD07138,CSTMR0173,23-02-2026,13:48:31
ORD07139,cstmr0150,2023.02.10,22:19:30
ORD07140,CSTMR0328,2025.02.06,15:44:52
ORD07141,CSTMR0369,05/06/2024,22:59:32
ORD07142,CSTMR0227,01 Jun 2024,13:23:57
ord07143,cstmr0912,05-15-24,20:55:14
ord07144,CSTMR0791,2026.01.27,19:52:46
ORD07145,CSTMR0707,01-05-26,22:19:49
ORD07146,CSTMR0306,21 Feb 2023,21:44:46
ORD07147,cstmr0219,22/04/2022,22:47:27
ORD07148,cstmr0361,10 Feb 2024,20:40:25
ord07149,CSTMR0519,"Feb 16, 2023",14:35:38
ORD07150,CSTMR0505,2024-08-09,22:22:13
ord07151,CSTMR0325,12-30-21,16:46:15
ORD07152,CSTMR0319,2024.08.30,12:59:49
ORD07153,CSTMR0185,2021.04.12,15:35:58
ord07154,CSTMR0707,"Feb 06, 2026",16:30:03
ord07155,CSTMR0585,29 Nov 2023,21:01:40
ord07156,CSTMR0045,"Apr 03, 2024",11:04:08
ord07157,cstmr0032,05-01-25,13:52:22
ord07158,CSTMR0159,10/06/2022,19:14:38
ord07159,cstmr0889,28 Apr 2021,15:41:26
ORD07160,CSTMR0126,06-28-22,16:47:03
ORD07161,CSTMR0720,20 Nov 2022,21:44:37
ORD07162,cstmr0270,"Mar 08, 2025",15:22:33
ord07163,CSTMR0486,2025.10.01,09:18:51
ord07164,CSTMR0121,02/03/2025,18:14:00
ORD07165,cstmr0305,10/08/2024,13:23:21
ORD07166,cstmr0381,12/25/2025,12:34:39
ord07167,CSTMR0356,08-24-22,19:17:21
ORD07168,CSTMR0498,2022.06.14,09:03:23
ord07169,CSTMR0200,02-13-26,19:58:20
ORD07170,cstmr0116,07-10-21,14:08:24
ORD07171,cstmr0268,"Sep 16, 2025",16:34:51
ORD07172,cstmr0931,2025-10-10,15:18:24
ORD07173,CSTMR0967,2023-11-24,15:11:24
ord07174,CSTMR0712,11-09-2022,12:22:51
ORD07175,CSTMR0822,2024.07.26,21:59:09
ord07176,CSTMR0571,"Mar 15, 2026",13:31:33
ord07177,CSTMR0175,11/01/2023,11:36:27
ORD07178,CSTMR0175,22/02/2026,10:26:07
ORD07179,cstmr0434,2025-04-19,13:17:16
ORD07180,cstmr0150,05/07/2022,20:06:36
ORD07181,CSTMR0240,27 Dec 2025,10:24:02
ORD07182,CSTMR0232,25/09/2022,13:24:05
ord07183,CSTMR0665,27 Jan 2024,12:17:05
ORD07184,CSTMR0987,06-05-2026,20:40:42
ORD07185,CSTMR0420,2021-05-07,21:24:25
ord07186,CSTMR0193,06-01-2024,12:11:45
ord07187,cstmr0725,12/02/2026,09:23:12
ord07188,CSTMR0276,11 Jul 2024,11:43:21
ord07189,CSTMR0597,2024.02.14,20:53:34
ORD07190,CSTMR0819,"Jan 26, 2025",12:51:21
ORD07191,CSTMR0271,02/12/2025,14:27:11
ord07192,CSTMR0589,"May 24, 2022",13:40:55
ORD07193,CSTMR0058,12-19-23,21:20:11
ORD07194,CSTMR0935,29-12-2023,20:11:53
ORD07195,CSTMR0082,26-11-2023,15:02:38
ORD07196,CSTMR0097,2026-04-25,20:39:36
ord07197,CSTMR0777,2026-01-08,19:23:06
ORD07198,cstmr0431,12-01-22,18:57:56
ORD07199,cstmr0752,2022.03.20,12:59:07
ORD07200,cstmr0257,2025-11-14,13:51:33
ORD07201,CSTMR0045,20 Sep 2023,18:59:47
ORD07202,cstmr0342,15-02-2025,09:32:03
ord07203,CSTMR0826,"Jan 09, 2025",19:35:18
ORD07204,CSTMR0801,11/09/2021,13:31:14
ord07205,CSTMR0308,30 Sep 2023,12:46:54
ORD07206,CSTMR0012,"Aug 30, 2024",19:29:02
ORD07207,CSTMR0279,10/12/2025,10:59:41
ORD07208,CSTMR0410,22/05/2025,19:07:03
ord07209,CSTMR0881,2024.10.15,14:50:19
ord07210,CSTMR0626,08-30-21,12:44:32
ORD07211,cstmr0690,04 Jan 2025,18:47:32
ord07212,CSTMR0491,10-27-25,18:58:14
ORD07213,CSTMR0113,"Feb 27, 2024",16:34:47
ORD07214,cstmr0041,12/31/2022,18:31:08
ORD07215,CSTMR0737,22/05/2022,10:33:09
ORD07216,CSTMR0073,"May 10, 2026",10:43:07
ORD07217,CSTMR0848,12-07-2022,17:28:22
ord07218,cstmr0260,10-19-25,20:18:26
ORD07219,CSTMR0530,2023-09-14,19:39:11
ORD07220,cstmr0454,2023-03-06,12:50:10
ORD07221,CSTMR0921,"Oct 21, 2022",10:21:21
ord07222,CSTMR0539,02-12-2021,18:11:15
ORD07223,cstmr0225,08 Aug 2024,12:24:56
ORD07224,CSTMR0663,15 Jan 2024,13:12:50
ORD07225,CSTMR0865,26-10-2024,21:30:43
ORD07226,CSTMR0194,01-09-2021,10:06:19
ORD07227,CSTMR0351,14/10/2023,20:06:07
ORD07228,CSTMR0675,08-16-25,17:19:39
ord07229,CSTMR0389,20 Dec 2024,18:46:02
ord07230,CSTMR0541,04-05-2022,08:40:30
ORD07231,CSTMR0902,08-01-2026,22:57:26
ord07232,cstmr0187,2023.08.31,12:02:37
ord07233,CSTMR0877,08/05/2026,09:42:08
ORD07234,cstmr0517,03/10/2025,10:43:49
ord07235,CSTMR0474,"Mar 08, 2021",16:21:42
ORD07236,cstmr0393,13 Jan 2026,12:17:03
ORD07237,cstmr0035,21/06/2023,13:00:54
ORD07238,cstmr0646,13-10-2023,21:47:28
ord07239,CSTMR0383,04-24-26,13:41:31
ord07240,CSTMR0427,10/10/2023,19:57:08
ORD07241,CSTMR0533,15-03-2022,17:07:54
ORD07242,CSTMR0750,05-31-26,19:10:07
ORD07243,CSTMR0224,03/05/2026,21:49:59
ORD07244,cstmr0731,30/04/2023,10:08:53
ORD07245,cstmr0443,"Jan 23, 2026",18:50:38
ORD07246,CSTMR0120,31-05-2024,08:15:37
ord07247,CSTMR0289,08/07/2022,18:32:43
ORD07248,CSTMR0029,2025-01-05,20:57:58
ORD07249,CSTMR0522,12-10-2022,20:40:34
ORD07250,CSTMR0010,02-02-2024,12:04:31
ord07251,CSTMR0192,04-04-23,12:01:28
ORD07252,cstmr0768,2025-06-27,13:25:46
ORD07253,CSTMR0358,2025-07-13,19:48:57
ORD07254,CSTMR0826,2023.11.13,12:10:03
ORD07255,CSTMR0093,01/10/2025,22:18:10
ORD07256,CSTMR0088,04-04-2026,19:54:21
ORD07257,CSTMR0754,2024.01.11,15:49:39
ORD07258,CSTMR0399,2024-02-05,20:48:01
ORD07259,CSTMR0190,31-03-2024,12:40:00
ORD07260,CSTMR0737,11-25-23,14:06:45
ORD07261,CSTMR0103,2022-01-09,20:21:08
ord07262,CSTMR0850,2024.09.22,19:33:27
ORD07263,CSTMR0420,23-04-2022,19:24:27
ORD07264,cstmr0109,15-09-2023,20:38:33
ORD07265,CSTMR0379,06-12-2021,12:53:27
ORD07266,cstmr0543,02-01-2024,17:39:57
ord07267,CSTMR0666,09/14/2023,20:12:23
ORD07268,CSTMR0811,06-06-2023,15:09:29
ORD07269,cstmr0795,2026.02.21,19:50:10
ORD07270,CSTMR0051,"Apr 23, 2021",09:57:38
ORD07271,CSTMR0943,08 Jun 2022,20:26:06
ORD07272,cstmr0025,10/23/2022,11:37:56
ord07273,CSTMR0846,17/11/2023,17:19:29
ord07274,cstmr0749,"Apr 05, 2025",21:18:55
ORD07275,CSTMR0277,07-14-23,13:28:48
ord07276,CSTMR0547,2024-06-10,12:53:52
ord07277,CSTMR0898,2023.04.03,19:19:56
ord07278,cstmr0207,05-27-23,21:26:49
ORD07279,CSTMR0174,21-01-2025,08:00:45
ORD07280,CSTMR0438,06-24-23,17:12:14
ORD07281,cstmr0972,04/18/2024,22:30:28
ORD07282,CSTMR0140,"Mar 15, 2024",11:32:23
ORD07283,CSTMR0965,04/12/2023,13:14:05
ORD07284,cstmr0402,07-24-25,19:58:09
ORD07285,cstmr0058,06 May 2025,14:55:30
ord07286,cstmr0514,17 Sep 2025,20:01:06
ORD07287,CSTMR0052,2023-01-27,08:45:58
ord07288,CSTMR0223,09 Apr 2025,16:32:44
ORD07289,CSTMR0429,2023.09.26,20:18:37
ORD07290,CSTMR0365,"Aug 30, 2022",10:21:05
ORD07291,CSTMR0238,"Feb 28, 2026",17:26:30
ORD07292,CSTMR0255,2024.06.19,17:04:35
ORD07293,CSTMR0022,2025.06.25,09:29:20
ORD07294,CSTMR0751,14/06/2025,15:40:31
ORD07295,cstmr0879,11/07/2025,18:46:20
ORD07296,cstmr0932,"Apr 29, 2024",20:04:51
ORD07297,CSTMR0997,10-03-25,08:41:24
ORD07298,cstmr0960,05-07-2025,15:19:52
ORD07299,CSTMR0845,10-28-25,19:32:17
ord07300,cstmr0741,11/09/2021,10:55:34
ord07301,cstmr0312,16 Jul 2023,13:57:53
ORD07302,cstmr0135,2021.10.27,21:59:46
ORD07303,cstmr0733,2021-04-02,15:40:34
ORD07304,CSTMR0233,"Jun 15, 2024",21:44:15
ord07305,CSTMR0767,30-12-2024,13:27:50
ORD07306,CSTMR0351,21/05/2025,12:16:51
ord07307,CSTMR0212,03-28-24,20:43:47
ORD07308,CSTMR0415,21-02-2025,22:40:26
ORD07309,CSTMR0668,03 Feb 2022,10:07:34
ord07310,CSTMR0971,"Feb 03, 2022",08:09:56
ORD07311,CSTMR0821,15-06-2023,21:16:53
ORD07312,CSTMR0260,2022.08.16,08:25:54
ord07313,CSTMR0989,24/12/2022,19:35:30
ORD07314,CSTMR0889,20-02-2023,08:43:07
ORD07315,CSTMR0162,2021-09-07,14:14:56
ORD07316,cstmr0271,21-05-2026,20:23:00
ORD07317,CSTMR0506,07-19-23,12:40:24
ORD07318,CSTMR0151,12-27-25,12:25:27
ORD07319,CSTMR0890,20-04-2023,20:52:42
ord07320,CSTMR0621,02-12-2024,12:27:58
ORD07321,CSTMR0050,12/30/2024,19:04:16
ORD07322,cstmr0954,"May 16, 2025",12:12:45
ORD07323,CSTMR0109,2025-08-30,22:36:12
ORD07324,CSTMR0237,02-07-2023,21:07:53
ORD07325,cstmr0112,10/04/2021,19:49:28
ORD07326,CSTMR0643,04/08/2023,14:06:33
ORD07327,cstmr0019,"Jul 13, 2023",11:11:04
ord07328,CSTMR0529,15 Feb 2026,12:20:57
ord07329,CSTMR0378,"Jul 03, 2024",20:22:51
ORD07330,cstmr0822,"Feb 26, 2023",15:33:21
ORD07331,CSTMR0178,10/23/2025,13:50:09
ORD07332,CSTMR0330,2025-02-13,16:53:11
ord07333,cstmr0993,03/10/2023,19:40:56
ORD07334,cstmr0061,"Jun 10, 2025",08:15:40
ord07335,cstmr0971,2022-09-08,21:18:51
ord07336,cstmr0754,21 Dec 2024,16:28:13
ORD07337,CSTMR0123,21 Dec 2023,20:29:33
ORD07338,CSTMR0727,29 May 2022,09:14:31
ORD07339,CSTMR0838,24 Jun 2021,19:21:59
ord07340,CSTMR0604,2026-01-21,13:46:37
ORD07341,CSTMR0083,10 Mar 2026,21:54:16
ord07342,cstmr0036,08-05-24,22:44:43
ORD07343,CSTMR0240,02-09-2024,21:42:54
ord07344,cstmr0678,2023.08.21,21:14:22
ord07345,CSTMR0971,03-25-24,20:50:17
ord07346,cstmr0542,30 Apr 2023,22:34:18
ord07347,CSTMR0056,07-10-22,15:32:29
ord07348,CSTMR0497,06/03/2025,10:22:06
ORD07349,cstmr0481,2023.01.03,08:54:25
ord07350,cstmr0495,05 Sep 2023,16:42:34
ORD07351,CSTMR0415,24-03-2023,17:59:04
ORD07352,cstmr0617,13/01/2023,15:56:18
ORD07353,CSTMR0006,"Dec 23, 2023",13:14:51
ORD07354,CSTMR0766,08/03/2021,20:21:21
ORD07355,CSTMR0031,2026-05-27,13:21:40
ORD07356,CSTMR0409,22-06-2023,12:08:41
ORD07357,cstmr0030,"Jan 15, 2023",14:33:18
ORD07358,cstmr0693,01/01/2023,10:34:16
ord07359,CSTMR0057,2024.07.19,13:32:10
ORD07360,CSTMR0757,28/09/2024,17:42:38
ord07361,cstmr0186,07-20-23,08:40:12
ORD07362,CSTMR0490,12 Sep 2025,19:46:33
ORD07363,CSTMR0264,22/08/2023,16:12:57
ORD07364,cstmr0765,25/10/2024,18:17:28
ORD07365,cstmr0423,01/09/2023,19:09:19
ORD07366,CSTMR0047,"Dec 21, 2024",20:36:30
ORD07367,cstmr0286,"Oct 17, 2022",08:11:09
ord07368,cstmr0883,10 Feb 2024,20:46:30
ORD07369,cstmr0032,08-12-2023,12:19:37
ord07370,cstmr0318,06-24-25,12:39:23
ORD07371,CSTMR0506,2024.12.08,20:04:58
ORD07372,CSTMR0097,20-02-2025,17:51:28
ord07373,CSTMR0232,22 May 2024,19:15:08
ORD07374,cstmr0831,02-11-2025,08:27:48
ord07375,cstmr0476,2022.11.14,15:29:59
ORD07376,cstmr0197,"Apr 07, 2025",20:33:08
ORD07377,CSTMR0462,2024.02.03,11:18:40
ORD07378,CSTMR0373,2026-05-12,13:39:58
ORD07379,CSTMR0901,30-04-2024,19:14:06
ORD07380,CSTMR0625,"Sep 01, 2024",21:42:28
ORD07381,CSTMR0093,"Jul 15, 2024",15:59:03
ORD07382,CSTMR0993,2023.05.16,21:39:07
ORD07383,CSTMR0550,06 May 2024,17:18:15
ORD07384,cstmr0082,"Apr 22, 2021",09:44:19
ord07385,CSTMR0164,02 Jun 2022,10:36:29
ORD07386,cstmr0062,"Oct 01, 2025",11:03:34
ORD07387,CSTMR0837,05-01-2021,13:25:00
ORD07388,CSTMR0509,01/19/2023,13:15:55
ORD07389,CSTMR0662,06-18-23,18:48:03
ORD07390,CSTMR0111,2025-05-02,09:51:06
ORD07391,cstmr0817,03-05-24,16:30:50
ord07392,CSTMR0685,19-11-2022,14:20:19
ORD07393,CSTMR0713,2021-10-09,19:43:26
ord07394,cstmr0258,2023-01-08,12:31:55
ord07395,cstmr0974,10/06/2021,19:07:36
ORD07396,cstmr0310,08/02/2023,13:23:28
ORD07397,CSTMR0467,2024-07-14,13:32:21
ORD07398,CSTMR0289,11/10/2025,12:49:55
ord07399,cstmr0365,06-17-24,20:47:33
ORD07400,CSTMR0969,21-03-2026,13:45:57
ORD07401,CSTMR0775,12 Feb 2023,21:17:24
ord07402,CSTMR0185,11 Mar 2026,13:26:54
ORD07403,CSTMR0291,24-04-2024,20:25:58
ORD07404,CSTMR0501,13/01/2025,10:13:52
ORD07405,CSTMR0408,"Jan 10, 2025",11:45:03
ORD07406,cstmr0639,27 May 2023,20:50:36
ORD07407,CSTMR0973,01-30-25,11:13:31
ord07408,cstmr0177,15-02-2023,19:44:38
ORD07409,cstmr0191,01/12/2024,21:44:27
ORD07410,cstmr0465,18/06/2023,13:34:43
ORD07411,CSTMR0223,01-04-2026,13:31:29
ord07412,cstmr0852,2026.02.14,19:27:26
ord07413,CSTMR0804,04-20-23,15:11:18
ORD07414,CSTMR0892,2024.03.11,12:40:17
ord07415,CSTMR0643,23-05-2024,19:28:49
ORD07416,CSTMR0560,09/26/2025,16:30:39
ORD07417,cstmr0203,13 Jan 2026,08:46:44
ORD07418,CSTMR0492,21 Jan 2022,17:05:52
ORD07419,CSTMR0906,2025-02-11,18:32:50
ORD07420,CSTMR0222,11/23/2024,20:28:20
ord07421,cstmr0684,09/25/2021,18:34:14
ORD07422,CSTMR0490,2021-04-16,22:32:00
ORD07423,CSTMR0151,2025-05-08,13:54:43
ORD07424,cstmr0184,2023.03.19,13:34:24
ORD07425,CSTMR0564,12 Jul 2025,13:08:39
ORD07426,cstmr0798,20 Nov 2021,20:32:44
ORD07427,CSTMR0131,2023-05-27,08:41:52
ord07428,CSTMR0693,11-15-22,15:58:05
ORD07429,CSTMR0514,09-03-2024,19:05:32
ord07430,CSTMR0105,20/05/2026,14:02:47
ORD07431,CSTMR0872,07 Jun 2023,09:57:03
ORD07432,CSTMR0778,2021.07.11,13:26:18
ORD07433,CSTMR0686,2024.07.07,19:14:56
ord07434,CSTMR0766,10-20-25,08:52:45
ORD07435,CSTMR0264,05-09-2025,21:44:49
ORD07436,cstmr0276,05-14-26,20:46:54
ORD07437,CSTMR0650,"Aug 26, 2024",12:13:25
ord07438,CSTMR0838,"Jan 05, 2024",13:45:28
ORD07439,CSTMR0672,2024.09.25,14:35:40
ORD07440,CSTMR0826,06/22/2025,16:50:19
ORD07441,CSTMR0222,05-22-24,21:32:45
ORD07442,cstmr0443,14 Sep 2025,20:35:16
ord07443,CSTMR0353,2021-02-14,18:04:32
ORD07444,CSTMR0121,2025-12-21,10:22:57
ord07445,cstmr0670,18-06-2022,13:51:49
ORD07446,CSTMR0460,06-04-23,21:01:54
ORD07447,CSTMR0995,11/06/2024,20:43:04
ORD07448,cstmr0797,06 Oct 2023,20:13:29
ord07449,CSTMR0287,2024.04.28,16:40:24
ord07450,CSTMR0478,"May 22, 2021",18:16:58
ORD07451,CSTMR0462,05/06/2024,22:54:08
ORD07452,cstmr0151,2025-11-25,19:40:41
ORD07453,CSTMR0083,2023.08.09,21:58:37
ord07454,CSTMR0675,"Feb 26, 2022",21:37:12
ord07455,CSTMR0693,06-04-24,19:20:52
ord07456,CSTMR0112,14-12-2025,13:44:00
ord07457,CSTMR0344,2024.07.21,14:18:44
ord07458,cstmr0446,05 Feb 2026,20:40:47
ORD07459,CSTMR0892,22 Feb 2022,15:09:56
ORD07460,cstmr0246,2025.10.04,14:39:49
ORD07461,CSTMR0867,2024.01.28,18:16:52
ORD07462,CSTMR0078,05-27-22,12:53:25
ord07463,CSTMR0398,11-06-2025,20:07:29
ORD07464,CSTMR0155,20-03-2025,13:09:43
ord07465,CSTMR0265,03-30-24,20:07:17
ORD07466,CSTMR0880,2022-03-20,15:35:27
ORD07467,CSTMR0947,"Aug 22, 2022",08:44:28
ord07468,cstmr0394,19/05/2026,22:52:29
ord07469,CSTMR0148,2024-08-21,12:31:49
ORD07470,CSTMR0844,"Dec 29, 2023",20:49:39
ORD07471,CSTMR0367,03 Oct 2024,09:20:34
ORD07472,CSTMR0658,03 Nov 2024,20:12:32
ORD07473,cstmr0236,"Aug 19, 2021",20:56:26
ORD07474,cstmr0677,06/05/2022,21:07:49
ORD07475,cstmr0855,01-10-2023,13:17:03
ord07476,cstmr0913,07-14-25,20:28:19
ORD07477,CSTMR0864,2025.06.22,13:33:29
ORD07478,CSTMR0468,01-13-25,17:05:50
ord07479,cstmr0237,08-05-23,15:26:48
ord07480,cstmr0236,05/11/2021,13:28:05
ORD07481,CSTMR0898,20-12-2025,14:38:00
ORD07482,CSTMR0390,06-03-23,17:33:47
ord07483,CSTMR0135,2022.07.27,14:06:26
ORD07484,CSTMR0533,27-11-2022,09:31:36
ORD07485,cstmr0146,2025.06.11,20:54:30
ord07486,CSTMR0822,"Jan 04, 2026",20:45:47
ORD07487,CSTMR0660,2023-11-08,16:14:16
ORD07488,cstmr0075,04 Jan 2022,19:10:04
ORD07489,CSTMR0726,"Feb 18, 2025",15:57:53
ORD07490,cstmr0839,27-12-2021,14:26:17
ORD07491,CSTMR0102,2024-09-29,13:02:44
ORD07492,cstmr0978,15 Feb 2024,20:31:23
ord07493,CSTMR0861,27/01/2023,19:03:01
ORD07494,CSTMR0186,"Dec 04, 2024",13:11:11
ORD07495,cstmr0185,2024-05-30,22:38:13
ord07496,CSTMR0418,21/08/2022,14:35:26
ord07497,CSTMR0948,17-05-2023,18:58:58
ORD07498,CSTMR0990,2024-05-25,19:49:53
ord07499,cstmr0292,01 Dec 2025,13:00:54
ord07500,CSTMR0476,2026.04.27,08:09:31
ORD07501,cstmr0730,22 May 2026,15:26:18
ORD07502,CSTMR0169,18/06/2023,09:39:40
ORD07503,CSTMR0885,2025.04.17,22:08:21
ORD07504,CSTMR0521,17-03-2026,13:11:44
ORD07505,cstmr0712,2023.05.20,12:21:00
ord07506,CSTMR0492,09-12-2023,08:59:53
ORD07507,CSTMR0826,"Nov 28, 2025",21:02:52
ORD07508,cstmr0398,2021.01.09,18:49:00
ord07509,CSTMR0739,01 Apr 2024,21:34:47
ORD07510,CSTMR0927,"Nov 03, 2024",19:42:07
ORD07511,cstmr0442,05/01/2026,13:38:03
ORD07512,CSTMR0435,06/15/2022,16:16:13
ord07513,CSTMR0513,06/05/2022,12:23:46
ORD07514,cstmr0298,10/20/2023,11:37:40
ORD07515,CSTMR0561,"Sep 27, 2022",14:22:02
ord07516,CSTMR0878,25 Feb 2023,12:43:10
ord07517,CSTMR0681,2024-06-21,08:11:59
ord07518,CSTMR0840,07-04-2023,13:52:29
ord07519,CSTMR0555,04-07-26,08:26:15
ORD07520,cstmr0845,03/03/2025,20:42:14
ord07521,CSTMR0321,2022-03-30,21:37:27
ORD07522,CSTMR0892,2026-04-26,21:21:04
ord07523,CSTMR0789,13-03-2023,21:59:36
ORD07524,CSTMR0944,"Nov 01, 2022",19:29:15
ORD07525,CSTMR0655,2022.08.28,20:32:53
ORD07526,cstmr0194,11 Jul 2022,14:06:40
ord07527,CSTMR0911,2024.06.23,13:38:29
ord07528,CSTMR0782,30 Jan 2022,11:49:39
ord07529,cstmr0282,19 Jan 2025,19:40:10
ord07530,CSTMR0970,2024-07-15,22:00:42
ORD07531,CSTMR0968,2025.10.20,14:21:54
ord07532,CSTMR0258,2023-07-31,20:43:22
ORD07533,CSTMR0611,05-05-2026,09:19:41
ord07534,cstmr0701,08-11-25,14:23:44
ORD07535,cstmr0396,25 Jan 2026,19:05:38
ord07536,CSTMR0407,2021.10.20,20:01:46
ORD07537,CSTMR0993,09-09-23,21:23:32
ORD07538,CSTMR0257,2025.11.15,19:02:40
ord07539,CSTMR0926,12-17-23,08:34:23
ORD07540,cstmr0147,26 Jun 2024,20:08:11
ord07541,CSTMR0881,04/07/2022,20:07:51
ord07542,CSTMR0508,04/19/2023,08:56:21
ORD07543,cstmr0647,20 Nov 2025,08:38:25
ORD07544,cstmr0674,07/18/2025,10:18:31
ord07545,CSTMR0387,27/07/2024,11:33:49
ord07546,cstmr0967,02/12/2024,14:07:43
ORD07547,CSTMR0934,11/18/2024,11:49:16
ORD07548,cstmr0649,"Mar 02, 2025",09:35:12
ORD07549,cstmr0804,2023-07-18,13:02:14
ord07550,CSTMR0941,26-06-2025,21:33:23
ORD07551,CSTMR0454,10 Apr 2023,12:09:17
ORD07552,CSTMR0554,"Jan 23, 2026",16:08:26
ORD07553,CSTMR0727,"Apr 05, 2024",21:30:22
ord07554,CSTMR0306,29 Jan 2024,12:05:39
ORD07555,CSTMR0245,04/21/2024,19:24:22
ORD07556,CSTMR0728,2022-07-19,21:47:32
ORD07557,cstmr0900,2022-01-22,12:20:07
ord07558,CSTMR0728,2023.10.14,11:50:22
ORD07559,CSTMR0436,01/11/2024,22:22:43
ORD07560,cstmr0229,"Sep 25, 2023",08:45:39
ORD07561,CSTMR0653,08-04-2026,09:58:48
ORD07562,cstmr0618,02-11-2023,20:27:13
ORD07563,CSTMR0281,27-01-2024,21:54:59
ORD07564,CSTMR0543,"Sep 03, 2025",21:43:55
ORD07565,cstmr0808,10/08/2021,12:56:08
ORD07566,CSTMR0027,14 May 2024,11:29:29
ORD07567,CSTMR0642,07 Apr 2023,18:00:19
ord07568,CSTMR0373,2024-06-29,22:42:38
ORD07569,cstmr0807,09/04/2022,16:51:50
ORD07570,cstmr0131,12-10-2024,16:12:43
ORD07571,CSTMR0122,"Dec 13, 2024",14:54:03
ORD07572,CSTMR0573,"Jul 11, 2025",16:23:33
ORD07573,CSTMR0830,2021-10-30,17:59:55
ORD07574,CSTMR0926,2024-12-26,14:11:11
ORD07575,cstmr0277,30/08/2025,21:56:21
ord07576,CSTMR0809,"Dec 31, 2021",15:32:18
ORD07577,CSTMR0314,07-13-21,09:34:51
ORD07578,CSTMR0302,03-09-2024,08:29:09
ORD07579,CSTMR0562,2023-03-17,19:11:23
ord07580,CSTMR0753,07/26/2025,08:47:51
ORD07581,CSTMR0795,2023-08-15,20:04:06
ORD07582,CSTMR0769,11/14/2025,15:07:23
ORD07583,CSTMR0554,23/02/2024,16:37:11
ord07584,cstmr0941,2024.05.07,22:35:21
ORD07585,CSTMR0899,"May 02, 2023",10:38:50
ord07586,CSTMR0565,09-04-23,08:22:17
ORD07587,CSTMR0195,05/08/2025,19:01:17
ORD07588,cstmr0396,06/23/2025,13:31:47
ord07589,CSTMR0113,"Sep 22, 2024",21:52:12
ORD07590,CSTMR0244,2025-05-15,14:21:33
ORD07591,cstmr0904,07 Jun 2024,16:24:37
ORD07592,CSTMR0644,04/29/2023,21:27:37
ord07593,CSTMR0225,2025.11.13,15:53:45
ORD07594,CSTMR0509,03/26/2025,13:11:05
ORD07595,CSTMR0220,04-02-2025,19:44:56
ORD07596,CSTMR0761,14 Sep 2024,17:53:23
ord07597,CSTMR0968,"Aug 07, 2023",21:09:48
ord07598,cstmr0327,2025-07-13,09:02:38
ord07599,CSTMR0941,"Dec 21, 2025",21:43:56
ORD07600,cstmr0487,"Feb 15, 2022",21:21:34
ORD07601,CSTMR0639,03/18/2024,16:43:06
ord07602,CSTMR0734,05/13/2022,10:40:31
ORD07603,cstmr0877,18-12-2024,14:36:30
ORD07604,CSTMR0470,17 Oct 2023,18:58:53
ord07605,CSTMR0710,05-21-23,09:37:11
ord07606,CSTMR0860,10/20/2025,20:15:54
ORD07607,CSTMR0662,15 Sep 2024,10:18:26
ord07608,cstmr0393,04-01-26,21:07:11
ORD07609,CSTMR0244,11/04/2024,22:11:39
ord07610,CSTMR0594,06-07-24,12:27:20
ord07611,CSTMR0514,2023-09-05,13:37:55
ord07612,CSTMR0279,2024-01-27,19:05:27
ORD07613,CSTMR0489,2025.12.25,11:20:28
ORD07614,cstmr0077,21/12/2022,13:48:19
ord07615,CSTMR0847,30-10-2024,14:19:51
ord07616,cstmr0830,16/12/2021,15:04:17
ORD07617,cstmr0891,"Nov 01, 2022",11:53:31
ord07618,CSTMR0512,2025-03-04,18:22:26
ord07619,cstmr0478,12-25-23,21:51:50
ORD07620,cstmr0801,06/16/2025,16:12:46
ORD07621,CSTMR0174,19 Mar 2023,20:32:41
ord07622,CSTMR0210,08/23/2025,21:52:53
ORD07623,CSTMR0774,15/02/2024,19:26:38
ord07624,cstmr0954,10-08-2024,13:37:27
ORD07625,CSTMR0518,07-06-2021,12:02:09
ORD07626,CSTMR0732,14/04/2023,16:57:57
ORD07627,CSTMR0926,12/12/2022,15:35:24
ord07628,cstmr0500,14-10-2022,10:45:49
ORD07629,CSTMR0170,2023.02.28,15:25:06
ORD07630,CSTMR0579,"Feb 08, 2024",15:55:56
ORD07631,CSTMR0182,08/05/2022,17:41:22
ord07632,CSTMR0927,12/09/2025,15:09:36
ORD07633,CSTMR0342,2024-09-27,19:43:43
ord07634,cstmr0114,2023.06.20,08:11:16
ord07635,CSTMR0448,2024-11-11,18:02:11
ORD07636,CSTMR0709,2022-02-12,19:43:26
ord07637,cstmr0786,14-11-2024,10:32:02
ORD07638,CSTMR0081,05-27-22,11:53:06
ord07639,cstmr0437,04/21/2023,15:10:10
ord07640,cstmr0188,04-18-25,13:01:16
ORD07641,CSTMR0539,07-21-23,09:59:05
ORD07642,CSTMR0523,"Apr 13, 2026",13:44:55
ORD07643,CSTMR0039,"Aug 11, 2025",13:39:54
ORD07644,CSTMR0788,23 May 2025,09:03:37
ORD07645,CSTMR0536,16/09/2023,20:16:34
ORD07646,CSTMR0624,05-10-23,13:33:20
ORD07647,CSTMR0398,2025.09.03,21:59:33
ord07648,cstmr0641,2024-11-30,20:08:28
ORD07649,CSTMR0980,25 Oct 2022,22:27:19
ord07650,cstmr0360,02 Nov 2024,12:13:27
ord07651,cstmr0887,04/30/2026,21:09:08
ord07652,CSTMR0728,08/28/2022,21:49:04
ord07653,CSTMR0729,19/10/2023,20:38:11
ord07654,cstmr0772,28 Sep 2025,12:23:06
ORD07655,CSTMR0043,24/01/2023,22:12:15
ORD07656,cstmr0982,2024-02-23,19:09:45
ord07657,CSTMR0157,04-02-2024,12:59:39
ORD07658,cstmr0986,2024-12-21,16:57:17
ORD07659,CSTMR0974,19 Mar 2023,10:45:23
ORD07660,CSTMR0563,"Dec 01, 2023",15:20:16
ord07661,cstmr0728,12/04/2021,08:37:41
ord07662,CSTMR0318,22 Jul 2023,21:56:28
ord07663,CSTMR0661,"Oct 05, 2024",21:22:55
ORD07664,cstmr0579,11-26-25,21:21:10
ORD07665,CSTMR0536,09/06/2025,08:29:13
ORD07666,cstmr0526,25/06/2024,17:21:54
ORD07667,CSTMR0190,06/13/2021,15:28:07
ORD07668,CSTMR0319,05/23/2024,21:12:54
ORD07669,cstmr0262,25 Apr 2026,18:30:41
ord07670,CSTMR0886,2024-12-05,13:21:24
ORD07671,CSTMR0304,09/29/2021,18:55:12
ORD07672,CSTMR0923,12/31/2023,14:03:10
ORD07673,cstmr0527,11/13/2023,11:35:38
ORD07674,cstmr0680,02/03/2026,20:42:16
ORD07675,CSTMR0990,02-08-2023,21:48:12
ORD07676,cstmr0560,17-12-2024,16:23:47
ORD07677,cstmr0019,03-11-2024,18:38:45
ORD07678,CSTMR0846,2023-03-07,11:59:04
ORD07679,CSTMR0080,04/10/2024,10:29:23
ord07680,CSTMR0493,"Apr 18, 2026",10:56:13
ORD07681,cstmr0291,"May 04, 2024",15:14:11
ord07682,cstmr0054,08-27-22,20:30:16
ORD07683,CSTMR0531,04/01/2023,10:03:37
ORD07684,CSTMR0369,2026-05-29,13:56:32
ORD07685,cstmr0317,10 Oct 2022,18:45:10
ORD07686,CSTMR0021,30/04/2024,17:54:44
ord07687,CSTMR0860,12-03-2024,13:50:53
ORD07688,cstmr0623,01/12/2025,20:06:13
ORD07689,CSTMR0348,2024.07.22,19:33:38
ORD07690,CSTMR0643,"May 29, 2024",11:56:21
ORD07691,cstmr0385,29 Oct 2024,19:42:50
ord07692,CSTMR0366,05/10/2025,21:05:27
ORD07693,CSTMR0013,2026-04-22,22:31:39
ord07694,CSTMR0341,25 Oct 2024,21:56:25
ORD07695,CSTMR0822,12/11/2025,19:35:47
ORD07696,cstmr0606,08 Jan 2026,14:14:18
ord07697,CSTMR0717,2023-01-30,13:30:24
ORD07698,CSTMR0221,2022.07.24,14:50:17
ORD07699,cstmr0985,"Oct 01, 2024",21:51:20
ORD07700,CSTMR0035,2024-11-28,18:22:14
ORD07701,cstmr0792,"Mar 05, 2025",14:31:23
ORD07702,CSTMR0677,27/03/2025,22:04:28
ORD07703,CSTMR0647,04/14/2025,11:03:34
ord07704,cstmr0404,10/29/2025,15:33:50
ord07705,CSTMR0740,23/09/2022,11:26:18
ord07706,CSTMR0843,2025-02-26,09:38:52
ORD07707,cstmr0033,10-10-2021,21:03:05
ORD07708,cstmr0396,29 Jun 2025,10:03:24
ORD07709,CSTMR0288,2026-03-04,12:41:03
ord07710,CSTMR0784,12/06/2023,21:10:13
ord07711,CSTMR0246,24 Dec 2024,13:05:24
ord07712,cstmr0169,2022.04.04,10:35:32
ORD07713,CSTMR0618,02/04/2024,19:08:15
ORD07714,CSTMR0096,2026-01-19,21:25:08
ORD07715,cstmr0280,2021.12.08,19:38:24
ORD07716,CSTMR0718,2022.08.25,09:31:13
ord07717,CSTMR0174,19 Jan 2024,12:02:14
ord07718,cstmr0631,2026-04-15,21:24:40
ORD07719,cstmr0548,04/27/2024,19:07:08
ord07720,CSTMR0138,07-16-21,08:57:31
ord07721,cstmr0178,12/21/2021,11:59:11
ord07722,CSTMR0918,2021.01.02,13:59:23
ord07723,CSTMR0915,2026-03-08,11:02:51
ord07724,CSTMR0464,14-03-2026,14:58:44
ORD07725,CSTMR0331,2026.03.28,09:10:53
ORD07726,CSTMR0442,16 Dec 2025,17:16:33
ord07727,CSTMR0689,"Sep 01, 2025",13:33:42
ord07728,cstmr0504,2025.03.23,09:48:46
ORD07729,cstmr0857,2025.03.10,16:13:55
ORD07730,CSTMR0856,"Mar 27, 2024",19:32:52
ORD07731,cstmr0774,2025-03-02,21:03:54
ORD07732,CSTMR0937,30 Apr 2023,19:19:03
ORD07733,cstmr0005,2022-01-04,16:12:53
ORD07734,CSTMR0131,"Dec 11, 2024",08:01:37
ord07735,CSTMR0861,2023-01-24,19:07:17
ORD07736,cstmr0116,04 Dec 2024,18:25:20
ORD07737,cstmr0001,19/05/2025,21:19:18
ORD07738,CSTMR0212,05-21-23,20:36:15
ORD07739,CSTMR0189,2026.01.30,20:26:29
ORD07740,CSTMR0547,"Feb 11, 2022",13:06:46
ORD07741,CSTMR0140,19 Apr 2023,13:46:21
ORD07742,cstmr0423,21 Feb 2025,19:22:43
ORD07743,cstmr0862,24-10-2024,11:34:58
ORD07744,CSTMR0316,"May 11, 2024",08:19:27
ORD07745,CSTMR0864,2024-04-26,12:09:31
ord07746,CSTMR0618,09-22-22,18:08:45
ORD07747,CSTMR0650,2025.10.13,22:46:18
ORD07748,CSTMR0422,18/09/2022,13:07:28
ord07749,CSTMR0334,2024.05.25,11:39:11
ord07750,cstmr0181,05/18/2025,12:49:58
ORD07751,CSTMR0698,2021.08.01,09:59:55
ORD07752,cstmr0448,03/11/2024,16:53:24
ORD07753,CSTMR0245,2024-10-21,15:03:03
ord07754,CSTMR0630,2022.07.19,15:58:28
ORD07755,cstmr0181,"May 24, 2024",13:31:33
ORD07756,cstmr0588,07-16-23,10:04:35
ORD07757,CSTMR0485,08-15-23,22:56:28
ORD07758,CSTMR0964,27 Jun 2025,16:07:38
ORD07759,CSTMR0530,28/05/2026,12:49:43
ORD07760,CSTMR0967,"Sep 06, 2022",22:25:48
ORD07761,cstmr0282,08-08-2025,21:23:07
ORD07762,CSTMR0062,2024.06.25,21:30:57
ord07763,CSTMR0335,05-30-26,12:56:38
ORD07764,CSTMR0043,22 May 2026,15:32:14
ORD07765,cstmr0981,23 Feb 2026,22:34:17
ord07766,CSTMR0655,01/21/2025,15:53:42
ORD07767,cstmr0249,"Sep 30, 2022",08:25:02
ORD07768,CSTMR0549,06-09-2023,13:23:26
ORD07769,cstmr0739,2024-03-20,21:20:20
ORD07770,CSTMR0230,09/22/2023,11:50:25
ORD07771,cstmr0379,23 Feb 2026,13:20:30
ORD07772,CSTMR0700,2023.02.27,13:04:36
ORD07773,CSTMR1000,02-18-22,11:17:20
ORD07774,cstmr0343,06/07/2023,18:07:41
ORD07775,CSTMR0701,19 Apr 2026,14:09:43
ORD07776,CSTMR0761,04/12/2024,08:29:45
ord07777,CSTMR0811,02-04-24,12:23:58
ord07778,CSTMR0559,2022.05.22,14:45:05
ORD07779,cstmr0720,01 Mar 2025,13:50:04
ord07780,CSTMR0953,"May 30, 2025",09:00:20
ORD07781,CSTMR0440,2021-06-02,16:37:39
ORD07782,CSTMR0171,28/02/2026,14:07:30
ORD07783,cstmr0162,17 Jul 2022,17:35:23
ORD07784,CSTMR0980,02/01/2026,17:40:04
ord07785,cstmr0994,03-23-26,19:51:48
ord07786,CSTMR0134,25 Jul 2021,12:36:09
ord07787,CSTMR0858,04/03/2026,16:00:19
ORD07788,CSTMR0588,04/15/2023,19:02:42
ORD07789,CSTMR0008,26 Jan 2024,13:11:19
ORD07790,CSTMR0467,11 Feb 2023,19:48:37
ORD07791,CSTMR0075,10/11/2023,16:46:27
ORD07792,CSTMR0572,20 May 2022,20:12:27
ORD07793,CSTMR0605,15 Oct 2024,16:01:47
ORD07794,CSTMR0160,2022-10-25,20:13:29
ord07795,cstmr0748,13-07-2022,12:50:45
ORD07796,cstmr0426,2025.11.08,13:26:35
ORD07797,cstmr0925,02/06/2022,19:35:36
ORD07798,CSTMR0157,2023.05.14,12:58:16
ord07799,CSTMR0175,07 Dec 2022,15:25:57
ORD07800,CSTMR0698,24 Jan 2026,14:24:31
ORD07801,CSTMR0388,08-11-24,16:42:20
ORD07802,CSTMR0371,2023-08-31,17:17:17
ord07803,CSTMR0376,07/16/2024,20:50:29
ord07804,cstmr0801,18 May 2021,12:33:33
ORD07805,CSTMR0378,"Oct 11, 2025",11:18:14
ord07806,CSTMR0340,18 Mar 2026,13:58:21
ORD07807,cstmr0809,15/11/2024,20:55:00
ORD07808,cstmr0801,04-19-26,21:52:32
ord07809,CSTMR0399,07-17-22,13:10:06
ORD07810,CSTMR0719,2025.09.14,14:15:20
ord07811,CSTMR0363,2023-10-28,14:38:49
ORD07812,cstmr0219,02/03/2024,18:18:11
ORD07813,cstmr0561,09/14/2023,09:36:19
ord07814,CSTMR0140,"Jun 17, 2024",16:56:24
ORD07815,CSTMR0157,04-03-25,13:03:16
ORD07816,CSTMR0373,21/09/2022,21:50:14
ORD07817,CSTMR0522,11-02-2021,11:43:42
ORD07818,CSTMR0540,06/20/2021,11:10:37
ord07819,cstmr0026,16/02/2026,19:59:25
ORD07820,CSTMR0584,"Sep 29, 2022",09:29:30
ORD07821,cstmr0238,27/04/2022,20:53:16
ORD07822,cstmr0805,2024.04.07,18:20:15
ORD07823,CSTMR0896,12/11/2021,20:47:05
ORD07824,CSTMR0726,15-12-2023,19:53:13
ORD07825,CSTMR0059,"May 26, 2026",10:45:54
ORD07826,CSTMR0769,01/06/2026,20:25:39
ORD07827,CSTMR0915,"Jun 29, 2023",15:45:02
ord07828,CSTMR0188,29 Sep 2021,13:44:50
ord07829,CSTMR0676,2025-09-16,08:10:25
ORD07830,cstmr0691,2023-04-23,20:07:40
ORD07831,CSTMR0821,"Jul 11, 2025",21:30:49
ord07832,cstmr0886,2025.10.23,13:50:15
ord07833,CSTMR0512,11 Oct 2021,13:25:03
ORD07834,CSTMR0807,09/07/2021,22:25:59
ORD07835,CSTMR1000,10-31-23,18:11:16
ORD07836,CSTMR0591,18/08/2024,08:49:15
ord07837,CSTMR0847,11/18/2025,13:16:20
ord07838,CSTMR0956,"Mar 17, 2021",21:41:35
ORD07839,cstmr0981,2026-05-28,08:47:47
ord07840,CSTMR0819,"Mar 11, 2021",21:14:58
ORD07841,CSTMR0310,05/05/2026,21:17:51
ORD07842,CSTMR0159,2025-08-17,21:01:05
ORD07843,CSTMR0732,"Apr 28, 2023",16:17:07
ORD07844,CSTMR0819,31-01-2021,11:55:47
ORD07845,CSTMR0742,"Feb 19, 2022",12:37:18
ORD07846,CSTMR0298,18-11-2023,10:40:52
ord07847,CSTMR0767,05/07/2022,08:30:42
ord07848,CSTMR0565,13-08-2022,20:41:35
ORD07849,CSTMR0630,02/20/2023,22:57:10
ORD07850,cstmr0165,2023.09.13,16:20:11
ord07851,CSTMR0761,"Jan 04, 2026",10:50:55
ORD07852,CSTMR0687,23 Sep 2022,17:51:41
ORD07853,CSTMR0153,2025-10-12,21:16:58
ORD07854,CSTMR0994,"May 19, 2025",11:42:38
ord07855,CSTMR0663,05-01-2026,10:59:20
ORD07856,cstmr0737,2025.06.14,21:26:12
ORD07857,CSTMR0853,09/05/2025,15:16:22
ORD07858,CSTMR0236,09-03-2021,08:23:58
ORD07859,CSTMR0140,12/10/2024,19:27:05
ORD07860,CSTMR0769,15/04/2025,21:08:13
ORD07861,cstmr0423,02/08/2026,12:32:58
ORD07862,CSTMR0297,2024-02-11,15:59:21
ord07863,CSTMR0707,08/09/2024,16:36:56
ORD07864,CSTMR0922,15/05/2026,16:55:46
ORD07865,CSTMR0941,2022.10.22,22:25:07
ORD07866,CSTMR0378,2023.09.10,21:07:03
ORD07867,cstmr0778,15-01-2022,19:19:56
ord07868,cstmr0579,09/23/2023,19:40:02
ord07869,CSTMR0008,2022.07.31,17:14:11
ORD07870,CSTMR0161,12/08/2025,08:26:48
ord07871,CSTMR0470,2021.11.12,12:30:06
ORD07872,CSTMR0866,2025-12-09,21:26:53
ORD07873,cstmr0129,09-12-21,18:28:16
ord07874,CSTMR0145,14-01-2024,12:49:20
ORD07875,CSTMR0027,2025.06.04,20:29:34
ORD07876,CSTMR0005,24-01-2024,22:05:10
ORD07877,cstmr0114,06-29-21,22:58:17
ord07878,cstmr0326,09-12-22,10:26:28
ord07879,CSTMR0569,01/03/2025,21:40:08
ORD07880,CSTMR0481,2025.10.04,13:19:22
ord07881,CSTMR0135,2023-10-07,20:07:18
ORD07882,cstmr0143,08/04/2024,19:17:04
ORD07883,cstmr0453,02/23/2025,21:41:21
ORD07884,CSTMR0568,03/13/2025,14:25:13
ord07885,CSTMR0250,29 Mar 2025,13:09:21
ORD07886,cstmr0738,19/06/2023,13:43:21
ORD07887,cstmr0272,14-03-2021,20:11:31
ord07888,CSTMR0285,02/16/2021,22:23:26
ord07889,cstmr0116,17-12-2023,11:55:53
ORD07890,cstmr0063,05-08-24,18:29:43
ord07891,cstmr0881,10/13/2024,21:00:12
ORD07892,CSTMR0995,12/08/2023,17:23:38
ORD07893,CSTMR0789,2026-01-06,20:09:02
ORD07894,CSTMR0527,2023-10-06,12:43:43
ORD07895,cstmr0915,21 Sep 2025,08:17:13
ord07896,CSTMR0430,06/02/2025,08:42:09
ORD07897,CSTMR0407,2026.04.12,21:29:37
ord07898,cstmr0670,23/04/2022,09:56:29
ORD07899,CSTMR0849,14 Feb 2025,10:37:48
ord07900,CSTMR0698,"Feb 16, 2021",19:52:00
ord07901,cstmr0652,03-12-23,13:59:31
ORD07902,CSTMR0897,01 Aug 2025,21:25:51
ORD07903,CSTMR0692,18-07-2023,10:45:13
ORD07904,cstmr0373,"Aug 23, 2023",21:10:27
ORD07905,cstmr0209,"May 28, 2022",20:27:43
ord07906,CSTMR0310,10-19-25,21:02:27
ORD07907,CSTMR0055,07-17-21,10:55:18
ORD07908,CSTMR0795,2023.04.02,19:49:27
ORD07909,CSTMR0681,"Apr 03, 2023",10:35:18
ORD07910,CSTMR0085,14/02/2023,20:19:21
ord07911,CSTMR0923,11 Jan 2026,20:08:57
ord07912,CSTMR0625,10-08-2025,16:40:05
ord07913,CSTMR0739,2024.04.13,13:35:52
ord07914,CSTMR0017,19/03/2022,21:27:48
ORD07915,CSTMR0697,04-02-2023,17:19:11
ord07916,CSTMR0012,05-03-26,19:00:02
ORD07917,CSTMR0235,10/02/2022,18:16:05
ORD07918,CSTMR0340,"Jul 11, 2022",22:38:28
ORD07919,cstmr0244,2024.02.11,12:07:52
ORD07920,CSTMR0765,2022.11.25,14:59:25
ORD07921,CSTMR0425,03/03/2025,17:11:37
ORD07922,CSTMR0305,01/10/2021,16:42:15
ORD07923,CSTMR0492,"Oct 09, 2024",13:30:09
ORD07924,CSTMR0448,11-10-2024,08:22:55
ord07925,CSTMR0529,"Aug 17, 2021",11:04:20
ORD07926,CSTMR0901,12/09/2024,21:18:35
ord07927,CSTMR0962,07/27/2024,15:16:29
ord07928,CSTMR0387,09-29-24,18:03:19
ord07929,cstmr0363,07/05/2024,20:45:26
ord07930,CSTMR0611,2024-11-09,19:57:52
ORD07931,CSTMR0827,"Oct 09, 2024",09:06:11
ORD07932,CSTMR0363,2021-10-12,19:55:45
ord07933,cstmr0039,28-02-2025,13:29:22
ORD07934,CSTMR0548,2024.03.14,19:42:51
ord07935,CSTMR0081,"Aug 10, 2025",14:54:47
ORD07936,CSTMR0640,"May 13, 2022",09:59:32
ORD07937,CSTMR0855,07-10-2024,22:36:15
ORD07938,cstmr0177,08/02/2023,12:04:03
ord07939,CSTMR0865,10-15-24,09:45:27
ord07940,CSTMR0283,16/04/2024,11:46:54
ord07941,CSTMR0220,2025-03-30,22:52:53
ORD07942,CSTMR0819,2022.10.29,19:26:38
ord07943,cstmr0970,03-14-25,18:51:13
ORD07944,CSTMR0311,10 Oct 2025,14:07:47
ORD07945,CSTMR0226,08-08-25,15:25:53
ORD07946,CSTMR0879,19 Sep 2023,19:22:17
ORD07947,CSTMR0485,29 May 2022,19:33:10
ORD07948,CSTMR0173,27 Jul 2025,13:35:31
ord07949,CSTMR0704,2024-06-14,11:44:31
ORD07950,CSTMR0211,02/08/2024,15:54:44
ORD07951,CSTMR0714,07-16-24,16:45:30
ORD07952,CSTMR0223,2022.07.10,13:26:40
ORD07953,cstmr0146,"Dec 23, 2023",22:40:05
ORD07954,cstmr0265,05-29-24,08:30:44
ORD07955,cstmr0637,04/05/2021,15:17:02
ORD07956,cstmr0498,14/10/2022,19:33:04
ord07957,CSTMR0314,2021-08-30,09:04:32
ORD07958,CSTMR0856,03-06-25,08:43:26
ord07959,CSTMR0231,"May 17, 2024",12:58:03
ORD07960,CSTMR0647,16-03-2023,18:07:25
ORD07961,CSTMR0073,12/29/2023,10:32:15
ORD07962,CSTMR0536,20-09-2023,08:45:28
ORD07963,CSTMR0136,10 Nov 2023,19:17:15
ORD07964,cstmr0678,"Oct 02, 2023",21:54:21
ord07965,CSTMR0851,09-07-2025,18:43:58
ORD07966,cstmr0489,04/10/2025,13:20:16
ORD07967,CSTMR0599,"Sep 18, 2022",14:53:52
ORD07968,cstmr0014,14/05/2024,12:39:53
ORD07969,cstmr0385,26 Sep 2024,20:00:30
ORD07970,CSTMR0192,04/10/2024,21:50:46
ORD07971,cstmr0582,08/23/2024,13:45:37
ORD07972,cstmr0464,2023-01-27,08:18:42
ORD07973,CSTMR0964,01-07-26,13:37:04
ord07974,CSTMR0465,2026.03.11,08:53:04
ORD07975,CSTMR0124,04/24/2025,14:53:37
ord07976,CSTMR0914,2024.09.01,16:02:18
ord07977,CSTMR0841,2022.07.09,10:13:14
ORD07978,CSTMR0127,02-03-2023,22:20:41
ord07979,CSTMR0700,2023-09-10,19:08:44
ord07980,CSTMR0154,03/20/2022,21:04:41
ORD07981,CSTMR0573,2024-04-14,16:39:20
ORD07982,cstmr0183,30 May 2025,12:12:07
ord07983,CSTMR0406,03/15/2024,19:35:19
ORD07984,cstmr0103,2024.02.02,13:18:31
ord07985,cstmr0322,2024.06.09,10:09:19
ord07986,CSTMR0174,"Sep 02, 2022",20:09:04
ORD07987,CSTMR0989,24/02/2024,12:37:35
ORD07988,CSTMR0326,12 Oct 2023,10:02:53
ORD07989,cstmr0005,2024.09.07,20:48:42
ORD07990,CSTMR0642,"Dec 16, 2024",12:51:34
ORD07991,cstmr0677,12-31-22,19:41:33
ord07992,CSTMR0419,2022.09.16,17:49:17
ord07993,cstmr0098,2021.07.24,09:54:36
ord07994,CSTMR0345,14-07-2025,12:05:33
ORD07995,CSTMR0564,15-02-2026,10:47:57
ord07996,cstmr0168,11/13/2021,19:44:46
ORD07997,cstmr0221,10-24-24,09:20:28
ORD07998,CSTMR0752,06/05/2022,17:41:23
ORD07999,cstmr0242,09/02/2023,16:51:57
ORD08000,cstmr0101,"May 06, 2025",16:32:59
ORD08001,CSTMR0736,08-04-2023,17:32:17
ord08002,cstmr0459,03-11-2025,15:00:49
ORD08003,CSTMR0428,19-05-2026,09:02:35
ord08004,CSTMR0317,2021.05.23,11:22:50
ORD08005,CSTMR0476,06-22-23,10:48:21
ord08006,cstmr0585,12/08/2023,14:46:47
ord08007,CSTMR0686,12 Jul 2024,16:50:51
ord08008,CSTMR0766,03-26-26,18:09:05
ORD08009,cstmr0826,2025-02-15,15:01:41
ORD08010,CSTMR0845,03/22/2024,14:06:46
ORD08011,cstmr0745,2022-01-11,13:49:16
ORD08012,CSTMR0439,2022-02-13,20:36:47
ord08013,CSTMR0055,03-08-2025,10:36:01
ORD08014,CSTMR0784,2025.02.08,08:52:19
ORD08015,CSTMR0221,10-08-2025,15:35:39
ORD08016,cstmr0584,2023.04.16,09:08:34
ORD08017,cstmr0183,2021.06.27,16:54:01
ORD08018,CSTMR0710,08-06-25,18:07:08
ord08019,CSTMR0161,"Sep 16, 2025",13:20:34
ord08020,CSTMR0678,"Jun 11, 2023",21:09:30
ord08021,CSTMR0228,23 Apr 2023,17:47:44
ord08022,CSTMR0038,12/19/2024,22:29:34
ORD08023,CSTMR0634,06/04/2023,19:37:15
ORD08024,cstmr0203,04-05-25,19:51:30
ord08025,cstmr0724,09 Sep 2023,18:39:18
ORD08026,CSTMR0933,2024-04-24,19:12:50
ord08027,CSTMR0889,10/04/2021,12:55:24
ord08028,cstmr0597,01/23/2024,19:45:54
ord08029,CSTMR0723,"Aug 14, 2024",13:57:35
ORD08030,CSTMR0027,06/05/2025,15:08:30
ORD08031,cstmr0476,12-02-24,10:32:04
ORD08032,CSTMR0280,2024.09.11,17:59:57
ORD08033,CSTMR0609,28-09-2023,12:41:51
ORD08034,CSTMR0943,06-08-22,19:33:11
ORD08035,CSTMR0662,14 Jan 2023,12:12:14
ord08036,CSTMR0709,21-03-2022,19:31:19
ord08037,CSTMR0938,16/05/2024,09:14:12
ORD08038,CSTMR0117,11-06-25,12:57:49
ORD08039,CSTMR0663,2022.06.24,22:27:19
ORD08040,cstmr0844,2025-05-31,20:24:16
ORD08041,CSTMR0749,02-01-2025,13:39:10
ORD08042,CSTMR0099,20-02-2025,09:23:56
ord08043,CSTMR0254,04/29/2024,17:57:47
ord08044,CSTMR0168,28/07/2023,18:32:31
ord08045,cstmr0091,12/06/2022,19:02:35
ORD08046,CSTMR0280,25/12/2021,21:48:13
ord08047,CSTMR0596,20-03-2024,21:39:54
ord08048,CSTMR0584,"Dec 04, 2025",19:45:30
ord08049,cstmr0039,2022.11.21,12:41:01
ord08050,cstmr0910,2023-07-14,12:14:19
ord08051,CSTMR0655,05-10-22,19:00:14
ORD08052,cstmr0306,2022-12-06,18:30:56
ORD08053,CSTMR0183,2025.11.04,10:00:24
ord08054,cstmr0606,10-24-22,21:01:02
ORD08055,CSTMR0424,06-10-2024,19:01:45
ord08056,cstmr0188,04/18/2025,18:48:56
ord08057,CSTMR0140,2024.08.05,10:37:48
ORD08058,CSTMR0256,07-11-2024,21:58:11
ORD08059,CSTMR0668,02 Sep 2025,12:49:38
ORD08060,CSTMR0544,05-08-22,11:58:17
ORD08061,cstmr0541,2026.02.21,09:57:03
ORD08062,CSTMR0689,11-23-24,18:51:16
ord08063,CSTMR0991,05-21-21,12:33:07
ORD08064,CSTMR0147,07-20-23,13:40:50
ord08065,CSTMR0725,2023.05.14,22:15:29
ord08066,CSTMR0938,2026-01-28,18:45:52
ORD08067,CSTMR0116,12-30-22,21:07:43
ORD08068,cstmr0080,2023-06-12,19:16:44
ORD08069,CSTMR0833,31-05-2025,22:43:34
ORD08070,CSTMR0045,07 Sep 2025,12:39:01
ORD08071,CSTMR0475,03 Sep 2022,15:51:48
ORD08072,cstmr0606,15 Sep 2023,08:26:46
ord08073,cstmr0034,"Oct 07, 2023",18:36:36
ORD08074,cstmr0015,05 Sep 2023,10:55:30
ORD08075,cstmr0215,2025-08-24,16:54:39
ORD08076,CSTMR0675,2025-12-07,11:30:51
ORD08077,CSTMR0215,11-15-23,13:46:54
ord08078,CSTMR0120,25 Oct 2025,19:26:52
ORD08079,CSTMR0607,30/08/2023,19:26:25
ORD08080,CSTMR0912,14/01/2024,21:25:24
ORD08081,cstmr0970,26/02/2022,09:49:33
ORD08082,cstmr0601,05/26/2026,10:55:39
ORD08083,cstmr0204,11/09/2022,20:45:49
ORD08084,cstmr0761,17/12/2022,19:50:48
ord08085,cstmr0224,06/29/2022,14:03:55
ord08086,CSTMR0435,19-03-2024,08:52:06
ord08087,cstmr0865,22 Dec 2024,21:10:29
ORD08088,CSTMR0199,07/06/2022,16:58:41
ORD08089,cstmr0707,09-12-21,16:51:10
ORD08090,CSTMR0723,2023.04.18,19:28:12
ORD08091,CSTMR0665,04-25-25,10:24:50
ord08092,CSTMR0876,24/10/2025,08:22:05
ord08093,CSTMR0696,11 Jun 2024,18:51:04
ORD08094,cstmr0066,2023.03.15,19:58:47
ORD08095,CSTMR0048,08-09-2024,11:33:57
ORD08096,CSTMR0836,14-05-2023,12:39:05
ord08097,cstmr0579,21-04-2023,13:11:24
ord08098,CSTMR0284,2023-09-03,19:40:50
ord08099,cstmr0151,2025.12.14,12:38:22
ord08100,CSTMR0314,"Apr 02, 2026",09:35:19
ORD08101,CSTMR0660,03 Feb 2023,21:04:53
ORD08102,cstmr0254,25/01/2025,22:05:50
ord08103,CSTMR0311,2026-02-23,20:20:15
ORD08104,CSTMR0559,22 Sep 2021,21:50:49
ORD08105,CSTMR0520,29 Mar 2022,14:52:11
ORD08106,CSTMR0198,04 Feb 2024,15:03:28
ORD08107,cstmr0249,2023-12-07,18:46:37
ORD08108,cstmr0974,2021.03.01,20:42:08
ORD08109,CSTMR0034,"Apr 26, 2025",10:35:18
ORD08110,cstmr0326,28-03-2025,20:36:30
ord08111,CSTMR0853,01/12/2025,09:32:16
ord08112,CSTMR0506,02/01/2024,14:24:40
ord08113,CSTMR0723,22-12-2025,20:24:51
ord08114,CSTMR0317,2021.11.12,16:52:50
ord08115,CSTMR0436,2025.03.24,12:52:56
ord08116,CSTMR0036,21-12-2024,11:39:08
ord08117,CSTMR0530,"Jan 14, 2025",22:02:19
ORD08118,cstmr0466,2024.08.15,21:43:19
ORD08119,CSTMR0188,07/03/2022,19:33:19
ORD08120,CSTMR0396,04/29/2021,15:35:29
ord08121,CSTMR0256,2022.11.18,13:24:05
ord08122,cstmr0189,23 Feb 2026,18:54:12
ORD08123,CSTMR0751,"Mar 15, 2026",09:48:08
ord08124,cstmr0687,04/04/2022,08:57:25
ORD08125,cstmr0455,16/05/2026,19:11:06
ord08126,CSTMR0917,2023.12.03,13:54:38
ORD08127,CSTMR0569,03/03/2024,13:38:27
ORD08128,cstmr0990,09/07/2025,21:49:58
ORD08129,CSTMR0580,2025-06-05,16:31:00
ORD08130,CSTMR0003,06 Jun 2023,16:08:09
ORD08131,cstmr0349,05-04-2021,19:45:02
ORD08132,cstmr0655,07-25-25,15:00:37
ORD08133,CSTMR0805,09/18/2023,19:30:20
ORD08134,CSTMR0829,03-19-26,20:06:28
ord08135,CSTMR0552,2024-05-12,11:37:33
ord08136,cstmr0894,2023.08.29,15:31:49
ord08137,CSTMR0563,05-11-2022,20:53:22
ORD08138,CSTMR0671,08 Apr 2023,20:59:44
ORD08139,CSTMR0214,2026.03.06,14:16:14
ORD08140,CSTMR0161,02/07/2024,08:47:19
ORD08141,CSTMR0760,09/22/2025,11:00:15
ord08142,CSTMR0323,04 Aug 2022,20:18:42
ORD08143,cstmr0604,"Sep 06, 2024",22:38:55
ORD08144,cstmr0017,"Nov 21, 2025",09:57:30
ORD08145,CSTMR0836,"Jun 04, 2021",22:23:39
ORD08146,cstmr0092,"May 24, 2024",18:50:04
ORD08147,cstmr0575,2022.11.26,21:08:16
ORD08148,cstmr0725,14/06/2025,12:09:00
ord08149,CSTMR0119,05/19/2026,20:02:25
ORD08150,cstmr0570,19-04-2025,09:20:45
ORD08151,CSTMR0073,06-21-22,21:25:03
ORD08152,cstmr0447,09-02-2023,14:10:18
ORD08153,CSTMR0024,03/12/2024,14:34:23
ORD08154,CSTMR0107,25-03-2025,13:14:53
ORD08155,cstmr0464,05 Apr 2024,12:56:48
ORD08156,CSTMR0275,11-05-2021,09:55:35
ord08157,CSTMR0024,28 Mar 2025,17:30:26
ORD08158,cstmr0350,"Sep 17, 2022",12:09:51
ORD08159,CSTMR0793,06-07-21,13:02:38
ORD08160,CSTMR0849,02/05/2022,20:50:46
ORD08161,CSTMR0959,02-14-26,11:17:36
ORD08162,cstmr0207,14 Jun 2021,21:14:05
ORD08163,CSTMR0582,10-06-21,11:53:00
ord08164,CSTMR0966,18 Sep 2025,21:00:36
ORD08165,CSTMR0249,04-02-26,14:02:52
ord08166,CSTMR0016,09-17-25,22:35:44
ORD08167,CSTMR0726,01-23-26,13:56:33
ORD08168,CSTMR0877,"Mar 31, 2026",20:34:31
ORD08169,cstmr0892,25-03-2026,13:53:55
ORD08170,CSTMR0686,"Jan 29, 2025",21:49:40
ORD08171,cstmr0895,17 Jun 2023,16:11:39
ord08172,CSTMR0661,10/11/2025,20:55:34
ord08173,CSTMR0355,04-12-2021,19:04:19
ORD08174,cstmr0155,2024.08.30,16:31:05
ORD08175,CSTMR0674,03/26/2023,12:35:23
ORD08176,cstmr0468,01-10-25,19:20:14
ORD08177,cstmr0656,2023.12.10,21:56:48
ORD08178,CSTMR0429,02/13/2022,18:11:20
ord08179,CSTMR0228,"Jan 24, 2023",14:54:38
ORD08180,CSTMR0640,20-01-2021,19:42:51
ORD08181,CSTMR0828,2024-04-29,11:50:47
ORD08182,CSTMR0154,2023.08.10,12:53:37
ORD08183,cstmr0433,16/05/2023,08:26:20
ord08184,CSTMR0212,21 Jan 2024,10:51:15
ORD08185,cstmr0186,05-14-24,15:46:52
ord08186,cstmr0523,06/06/2025,19:48:35
ord08187,CSTMR0110,23-03-2023,13:23:58
ORD08188,CSTMR0176,03-06-2023,11:31:32
ORD08189,CSTMR0946,2023-04-09,09:04:09
ORD08190,CSTMR0070,08-04-22,18:55:07
ORD08191,CSTMR0014,08 Sep 2023,16:27:17
ord08192,CSTMR0001,11/06/2023,21:15:32
ORD08193,cstmr0784,"May 24, 2023",22:38:03
ORD08194,CSTMR0226,2025-09-27,19:07:44
ORD08195,cstmr0115,2021-12-03,12:32:01
ORD08196,CSTMR0721,05/11/2026,11:29:29
ord08197,CSTMR0807,04/04/2025,10:51:06
ORD08198,cstmr0639,05/29/2025,20:20:32
ORD08199,CSTMR0293,26-07-2022,12:02:06
ord08200,CSTMR0499,11/11/2022,13:35:03
ORD08201,CSTMR0461,"Apr 05, 2026",12:03:36
ORD08202,CSTMR0994,2025.10.27,13:56:48
ord08203,CSTMR0796,2022-04-22,13:46:30
ORD08204,cstmr0411,2023.11.22,16:46:30
ORD08205,CSTMR0986,2025.09.19,09:37:47
ORD08206,CSTMR0642,13/09/2025,16:43:17
ORD08207,CSTMR0377,26-04-2026,11:49:46
ORD08208,CSTMR0395,12 Apr 2026,12:05:26
ORD08209,CSTMR0970,2021.08.16,09:49:08
ORD08210,cstmr0482,07-17-23,10:59:44
ORD08211,CSTMR0542,24/10/2023,21:32:33
ORD08212,CSTMR0328,04/28/2026,13:10:20
ORD08213,cstmr0271,2023.12.27,08:15:37
ORD08214,CSTMR0556,2025-06-08,12:32:20
ORD08215,CSTMR0261,01/12/2025,16:28:34
ORD08216,cstmr0936,2026-04-25,13:33:04
ORD08217,CSTMR0533,18 Feb 2022,12:20:31
ord08218,CSTMR0788,09/26/2024,19:07:24
ORD08219,CSTMR0434,06 Jun 2024,22:48:11
ORD08220,cstmr0514,2025.08.30,18:58:52
ord08221,CSTMR0558,08-24-23,13:25:12
ORD08222,CSTMR0401,2024-03-12,08:07:23
ord08223,CSTMR0027,2025.02.09,09:47:30
ord08224,CSTMR0717,07/21/2023,11:58:39
ord08225,CSTMR0502,"May 13, 2023",21:44:22
ord08226,cstmr0938,06-15-25,13:44:01
ord08227,CSTMR0284,25-12-2024,13:31:32
ORD08228,cstmr0643,2024-01-14,19:49:37
ORD08229,cstmr0287,11 Apr 2025,12:24:43
ORD08230,cstmr0085,10-29-23,14:49:49
ORD08231,CSTMR0123,07 Apr 2024,21:33:54
ord08232,CSTMR0408,02-08-24,22:27:00
ORD08233,CSTMR0569,21-11-2022,19:58:04
ord08234,CSTMR0513,29 Mar 2024,19:41:31
ord08235,CSTMR0815,09-28-23,09:16:27
ord08236,CSTMR0574,20/06/2024,08:10:31
ORD08237,cstmr0252,2024-08-12,20:31:56
ORD08238,CSTMR0864,15 Apr 2023,11:14:26
ORD08239,CSTMR0982,05/25/2025,10:06:49
ORD08240,cstmr0577,2025-06-14,20:12:23
ORD08241,CSTMR0427,03/07/2023,15:53:14
ORD08242,CSTMR0058,16-05-2025,21:11:02
ORD08243,cstmr0475,08-09-25,15:40:21
ord08244,cstmr0162,04/01/2022,16:49:54
ORD08245,cstmr0559,07 Jul 2024,20:51:28
ord08246,CSTMR0926,2025.10.21,21:21:59
ORD08247,CSTMR0162,12-05-2022,08:08:00
ORD08248,cstmr0135,14/02/2022,19:59:09
ORD08249,cstmr0358,2024-09-13,16:29:47
ORD08250,CSTMR0977,"Aug 01, 2021",11:53:38
ORD08251,CSTMR0169,22 Apr 2023,21:55:18
ord08252,CSTMR0539,03-05-22,18:33:33
ORD08253,CSTMR0948,06/04/2025,12:55:33
ord08254,CSTMR0497,2025.08.20,09:30:18
ord08255,CSTMR0954,"May 15, 2023",13:29:57
ORD08256,CSTMR0655,06-17-23,16:13:51
ORD08257,CSTMR0930,02/27/2025,18:21:24
ord08258,CSTMR0331,"Nov 10, 2022",17:18:23
ORD08259,cstmr0829,"May 05, 2022",19:28:17
ORD08260,CSTMR0064,03-21-23,14:38:21
ORD08261,cstmr0104,07-08-2025,10:30:08
ORD08262,CSTMR0835,17/09/2022,22:35:08
ORD08263,CSTMR0656,07-18-23,13:58:54
ORD08264,cstmr0747,05-28-26,09:23:24
ord08265,cstmr0391,2024-12-01,22:59:38
ord08266,CSTMR0785,04/03/2025,18:20:14
ord08267,cstmr0088,08/31/2021,09:19:37
ORD08268,CSTMR0292,"Feb 24, 2026",08:04:19
ORD08269,CSTMR0908,2023.09.23,13:19:59
ORD08270,CSTMR0079,08/04/2025,19:15:40
ORD08271,CSTMR0116,11-27-22,21:59:59
ORD08272,cstmr0454,07-24-22,13:00:30
ORD08273,CSTMR0082,09-03-2023,14:07:20
ord08274,CSTMR0354,31/12/2025,22:51:15
ord08275,CSTMR0696,11 May 2024,12:40:45
ORD08276,cstmr0274,2023-12-01,17:36:34
ORD08277,CSTMR0048,14 Mar 2024,08:46:14
ord08278,CSTMR0565,"Aug 12, 2021",20:54:50
ORD08279,CSTMR0352,22 Nov 2024,19:20:46
ord08280,cstmr0053,30 May 2024,19:18:09
ORD08281,CSTMR0257,06/13/2025,22:45:59
ord08282,CSTMR0019,2025-01-05,22:47:30
ORD08283,cstmr0026,"Dec 19, 2025",19:21:37
ORD08284,CSTMR0402,11-20-25,12:58:33
ORD08285,CSTMR0378,27-02-2025,15:06:21
ORD08286,CSTMR0790,"Nov 22, 2021",19:48:36
ORD08287,cstmr0213,17 Nov 2025,13:23:26
ORD08288,CSTMR0517,04-01-26,21:43:52
ORD08289,CSTMR0168,2021.12.01,20:54:35
ord08290,cstmr0584,22-03-2025,13:08:41
ord08291,CSTMR0697,20-03-2026,18:44:18
ord08292,CSTMR0284,08 Nov 2023,08:42:11
ord08293,cstmr0022,2022.06.27,21:36:18
ORD08294,CSTMR0524,2021.05.15,17:37:04
ORD08295,CSTMR0575,07-11-25,17:57:49
ord08296,cstmr0612,2023-03-23,19:16:23
ORD08297,CSTMR0975,06/08/2022,14:54:01
ORD08298,CSTMR0763,14 Mar 2026,13:54:46
ORD08299,cstmr0064,17-11-2023,11:20:50
ORD08300,CSTMR0686,24/12/2022,19:32:54
ORD08301,cstmr0923,07-05-24,16:12:09
ORD08302,CSTMR0258,19 Feb 2025,20:59:34
ORD08303,cstmr0875,12-08-24,20:29:11
ORD08304,CSTMR0094,09 Nov 2022,17:49:32
ORD08305,CSTMR0940,"Mar 14, 2021",21:15:38
ORD08306,cstmr0090,02 Feb 2021,19:15:17
ORD08307,CSTMR0874,2025.07.29,11:53:30
ORD08308,CSTMR0304,"Dec 27, 2025",17:58:39
ord08309,cstmr0093,10-27-25,18:44:17
ord08310,CSTMR0991,25 May 2022,18:28:04
ORD08311,cstmr0798,22 Aug 2024,19:20:14
ORD08312,CSTMR0041,2023.08.05,17:23:22
ORD08313,cstmr0542,2024.01.06,20:27:28
ORD08314,cstmr0886,10-20-24,13:07:02
ORD08315,cstmr0984,12/20/2024,21:18:32
ORD08316,cstmr0988,"Nov 05, 2023",20:07:53
ORD08317,cstmr0893,"Feb 25, 2025",12:46:05
ORD08318,cstmr0298,08-05-2022,12:32:15
ord08319,CSTMR0963,2021.06.26,10:09:25
ORD08320,CSTMR0726,05-09-25,20:06:52
ORD08321,CSTMR0959,2024.05.19,17:52:06
ORD08322,cstmr0962,"Aug 05, 2023",13:28:29
ORD08323,cstmr0145,2025-11-04,20:53:22
ORD08324,CSTMR0507,23/04/2025,12:06:11
ORD08325,cstmr0407,2024.12.15,16:44:21
ORD08326,CSTMR0952,2023-12-06,20:33:08
ord08327,cstmr0163,"Feb 06, 2025",21:52:30
ORD08328,CSTMR0460,28-02-2023,18:28:33
ORD08329,CSTMR0731,09-19-25,20:47:16
ord08330,CSTMR0257,08-09-25,13:42:54
ORD08331,cstmr0155,25/01/2025,22:02:33
ORD08332,CSTMR0266,2023-01-06,14:28:26
ORD08333,CSTMR0463,2025.11.09,19:56:07
ORD08334,cstmr0252,04 Oct 2025,18:18:42
ord08335,cstmr0015,"Sep 20, 2025",15:47:19
ORD08336,cstmr0911,24-08-2025,16:03:16
ORD08337,CSTMR0667,2024.08.10,08:55:18
ord08338,CSTMR0959,"May 02, 2024",13:49:24
ORD08339,cstmr0600,2026-01-28,13:51:11
ORD08340,CSTMR0703,18-10-2025,10:00:44
ORD08341,CSTMR0819,01-03-23,20:50:19
ORD08342,CSTMR0638,"Jun 12, 2022",15:56:28
ord08343,CSTMR0466,2023.08.13,10:56:18
ord08344,cstmr0186,2022-05-14,08:32:03
ORD08345,CSTMR0097,04-09-26,20:32:01
ORD08346,CSTMR0561,2021-01-31,11:33:55
ORD08347,cstmr0340,"Mar 09, 2023",14:17:21
ord08348,CSTMR0954,08-03-2024,16:19:09
ord08349,cstmr0243,11-12-2024,17:04:03
ORD08350,CSTMR0315,18-02-2024,15:29:40
ord08351,CSTMR0770,"Feb 14, 2026",09:11:59
ORD08352,cstmr0456,07 Aug 2022,16:05:44
ORD08353,CSTMR0600,07-02-2024,19:58:22
ord08354,CSTMR0679,17/04/2022,10:45:19
ord08355,CSTMR0510,01/11/2025,19:07:47
ord08356,CSTMR0499,15-02-2025,15:32:29
ord08357,CSTMR0060,18 May 2023,13:48:06
ORD08358,CSTMR0407,21 Nov 2025,18:02:58
ORD08359,cstmr0791,2026.03.08,19:56:35
ORD08360,cstmr0434,2022-04-06,13:05:45
ord08361,CSTMR0053,2024.08.31,12:14:48
ORD08362,cstmr0882,2021-10-12,19:47:32
ord08363,cstmr0549,04-23-24,09:52:25
ord08364,cstmr0720,04-03-2024,12:33:36
ord08365,CSTMR0266,02-12-21,08:43:10
ORD08366,cstmr0560,30-08-2025,15:10:53
ORD08367,CSTMR0156,2024-03-09,14:27:30
ORD08368,CSTMR0844,2021.01.31,12:11:10
ORD08369,CSTMR0815,03/19/2024,17:46:40
ORD08370,CSTMR0739,"Jul 19, 2023",14:31:08
ORD08371,CSTMR0862,2025-07-25,22:58:37
ord08372,CSTMR0912,14 Jul 2024,21:12:30
ORD08373,cstmr0972,04-03-2021,14:55:16
ORD08374,CSTMR0666,25/09/2023,19:28:28
ord08375,CSTMR0672,2025.03.27,14:25:57
ord08376,cstmr0040,2025-01-17,12:46:20
ORD08377,CSTMR0341,"Dec 23, 2022",20:45:19
ord08378,cstmr0955,04/27/2024,21:10:33
ORD08379,CSTMR0233,2025-06-14,22:54:43
ORD08380,cstmr0960,25/10/2024,14:57:01
ORD08381,cstmr0798,30 Apr 2026,16:24:05
ORD08382,cstmr0480,"Jun 21, 2021",18:10:20
ORD08383,CSTMR0689,10-03-2025,13:16:56
ORD08384,CSTMR0674,02-24-23,13:17:56
ORD08385,CSTMR0846,02 Oct 2022,17:51:02
ord08386,CSTMR0698,24-07-2022,17:40:57
ord08387,CSTMR0697,17-02-2022,09:14:58
ORD08388,cstmr0391,2022.05.06,12:37:50
ORD08389,CSTMR0777,19 Aug 2023,14:53:33
ORD08390,cstmr0098,03-26-26,22:56:26
ORD08391,CSTMR0938,2025.04.27,13:22:17
ord08392,CSTMR0434,02 Jul 2024,21:46:05
ORD08393,CSTMR0106,2023.03.13,20:41:54
ord08394,CSTMR0016,14 Jan 2023,08:14:26
ORD08395,CSTMR0943,30 Dec 2021,20:45:11
ORD08396,cstmr0447,2023-10-17,20:40:50
ord08397,cstmr0884,04-05-2025,14:44:33
ORD08398,cstmr0671,17-03-2021,15:50:51
ORD08399,CSTMR0058,11/07/2023,19:01:38
ORD08400,CSTMR0576,08-09-22,19:13:32
ORD08401,CSTMR0996,17-03-2025,11:20:36
ORD08402,CSTMR0837,03-24-24,09:42:43
ord08403,CSTMR0455,2025.05.18,19:30:14
ORD08404,CSTMR0626,09/11/2025,21:38:39
ORD08405,CSTMR0850,"Feb 14, 2025",19:23:02
ORD08406,CSTMR0644,15/10/2021,11:56:44
ORD08407,CSTMR0359,2022-06-09,19:52:14
ord08408,CSTMR0849,2021.09.29,19:35:37
ORD08409,CSTMR0892,05/29/2021,08:13:09
ORD08410,cstmr0591,2024-05-06,21:10:38
ord08411,cstmr0085,10/05/2022,19:17:15
ORD08412,CSTMR0298,2023-07-07,15:23:59
ORD08413,CSTMR0635,01/02/2025,13:55:46
ord08414,cstmr0478,04-06-23,17:09:10
ORD08415,cstmr0561,02 Dec 2023,21:01:02
ord08416,CSTMR0963,2025-01-30,13:50:19
ord08417,CSTMR0366,11-09-25,11:10:00
ORD08418,cstmr0196,07/04/2024,17:02:46
ord08419,CSTMR0559,"May 18, 2021",16:34:56
ORD08420,CSTMR0390,02/24/2022,20:14:14
ORD08421,CSTMR0433,09 Jul 2023,22:16:26
ORD08422,CSTMR0739,2023.08.09,13:32:43
ord08423,cstmr0773,2026.02.22,20:01:34
ord08424,CSTMR0210,01-10-25,21:33:52
ord08425,CSTMR0311,08-20-23,19:01:23
ord08426,CSTMR0731,03-09-26,16:11:42
ORD08427,CSTMR0237,13-12-2024,14:55:23
ord08428,CSTMR0538,28-11-2024,19:41:15
ORD08429,cstmr0532,30-04-2026,20:46:07
ord08430,CSTMR0608,2023-09-17,15:41:00
ORD08431,cstmr0811,10 Jan 2025,15:32:55
ord08432,cstmr0625,03/09/2023,14:15:05
ORD08433,CSTMR0573,2025.08.26,21:36:44
ord08434,cstmr0154,2021.06.14,11:18:46
ORD08435,cstmr0867,24-02-2025,20:35:52
ORD08436,CSTMR0385,"Aug 04, 2024",08:27:10
ORD08437,CSTMR0892,12-15-21,14:40:54
ORD08438,CSTMR0625,"Apr 02, 2022",21:16:54
ORD08439,CSTMR0470,2021.01.16,18:23:30
ord08440,CSTMR0901,06-08-22,19:10:39
ORD08441,CSTMR0755,29-06-2023,17:43:04
ORD08442,CSTMR0846,"Oct 03, 2024",17:24:13
ord08443,CSTMR0035,2025-01-05,13:02:54
ORD08444,CSTMR0577,"Jul 01, 2021",21:35:27
ORD08445,CSTMR0605,29/06/2023,19:02:17
ORD08446,CSTMR0936,29 Mar 2025,12:49:25
ORD08447,cstmr0507,2022-07-25,13:49:13
ORD08448,CSTMR0984,25/09/2022,21:42:32
ORD08449,CSTMR0463,12-18-22,21:32:44
ord08450,CSTMR0605,2023-02-09,14:22:56
ORD08451,cstmr0340,22 May 2024,20:03:56
ORD08452,CSTMR0445,12-30-25,19:14:59
ord08453,CSTMR0427,"Jan 01, 2023",18:16:55
ORD08454,CSTMR0433,29 Sep 2024,20:44:16
ord08455,cstmr0240,12-10-22,12:30:33
ord08456,CSTMR0833,2025-04-09,16:48:35
ORD08457,cstmr0858,11-05-25,21:06:04
ord08458,CSTMR0829,04/23/2022,19:56:40
ORD08459,CSTMR0554,11/20/2023,10:23:55
ORD08460,CSTMR0254,18/06/2025,20:31:47
ORD08461,CSTMR0270,20/11/2023,22:46:49
ORD08462,CSTMR0398,29-06-2022,16:28:30
ord08463,CSTMR0899,21 Oct 2024,18:19:45
ORD08464,cstmr0294,05/16/2025,22:54:24
ord08465,CSTMR0973,06-09-2024,20:47:31
ord08466,CSTMR0089,02/25/2021,08:32:45
ORD08467,CSTMR0168,10/04/2021,13:33:23
ord08468,cstmr0962,26-02-2023,20:24:19
ord08469,cstmr0504,06-17-23,20:22:45
ORD08470,CSTMR0586,02-10-24,10:40:31
ORD08471,cstmr0897,2025.03.26,10:47:04
ORD08472,CSTMR0151,"Jul 07, 2023",22:13:21
ORD08473,cstmr0298,2024.03.14,18:03:17
ORD08474,CSTMR0313,07/08/2021,20:19:20
ORD08475,cstmr0823,15-07-2025,15:05:40
ORD08476,CSTMR0436,07-08-2022,13:57:44
ord08477,CSTMR0721,04-26-22,14:55:01
ORD08478,cstmr0298,28 Jul 2024,20:12:48
ORD08479,CSTMR0113,06-05-24,17:28:37
ORD08480,CSTMR0392,2024-02-28,10:53:56
ord08481,CSTMR0745,"Jul 11, 2023",14:52:32
ORD08482,CSTMR0360,2023-05-30,16:30:10
ORD08483,CSTMR0589,07-29-23,14:38:21
ORD08484,CSTMR0180,03/03/2025,17:05:09
ord08485,CSTMR0040,2023-12-23,15:16:47
ord08486,CSTMR0927,06 Oct 2024,10:46:52
ORD08487,CSTMR0798,"Mar 27, 2024",20:30:10
ORD08488,CSTMR0804,06/14/2025,12:02:47
ORD08489,CSTMR0997,2025-09-15,20:07:26
ORD08490,CSTMR0044,17 Sep 2025,20:08:45
ORD08491,CSTMR0710,2023.07.07,15:05:40
ORD08492,CSTMR0608,2024-08-31,20:07:24
ORD08493,CSTMR0596,02-18-26,10:12:21
ORD08494,cstmr0889,2021-07-03,13:21:16
ORD08495,CSTMR0536,11-09-22,13:39:19
ORD08496,CSTMR0943,15-12-2021,10:24:17
ORD08497,cstmr0609,2025.10.16,19:09:37
ord08498,CSTMR0197,12-05-21,20:22:18
ord08499,CSTMR0146,2021.08.07,20:02:22
ord08500,CSTMR0595,12-12-2025,13:37:19
ORD08501,CSTMR0133,2023-03-16,09:56:47
ord08502,CSTMR0485,25-12-2025,18:49:40
ORD08503,cstmr0206,2022.08.14,19:40:25
ord08504,CSTMR0467,"Apr 14, 2023",13:51:07
ord08505,CSTMR0603,01-28-26,10:03:52
ord08506,CSTMR0100,03-02-2022,21:19:42
ord08507,CSTMR0405,14 Oct 2024,19:05:54
ORD08508,cstmr0378,"Apr 29, 2025",19:15:01
ord08509,CSTMR0866,2024.11.19,13:16:44
ord08510,CSTMR0633,2024-01-18,19:14:50
ORD08511,CSTMR0519,2024.09.21,09:09:10
ORD08512,cstmr0952,2025.02.18,08:42:09
ORD08513,CSTMR0474,05/12/2022,09:15:15
ORD08514,cstmr0284,10-31-25,09:28:13
ORD08515,CSTMR0652,13/06/2024,09:17:37
ORD08516,CSTMR0588,2024-04-08,19:38:12
ORD08517,CSTMR0072,2024-04-30,13:34:06
ord08518,CSTMR0982,28-03-2026,12:42:17
ord08519,CSTMR0360,06/14/2025,18:05:11
ORD08520,CSTMR0730,06-14-23,19:21:05
ORD08521,cstmr0067,18-04-2024,12:32:36
ord08522,CSTMR0561,24 Feb 2026,18:48:53
ord08523,cstmr0050,2025.10.18,19:40:15
ord08524,CSTMR0733,15-04-2023,13:47:11
ORD08525,CSTMR0194,12/15/2021,09:40:32
ord08526,CSTMR0089,06 Mar 2023,08:59:38
ord08527,cstmr0995,09-18-25,10:20:07
ORD08528,cstmr0906,"Jan 21, 2022",19:04:12
ORD08529,cstmr0443,2023.11.07,20:09:17
ORD08530,CSTMR0603,2026.01.10,19:58:56
ord08531,CSTMR0471,2024.03.20,12:53:33
ORD08532,CSTMR0455,2021-04-17,12:25:58
ORD08533,CSTMR0566,"Feb 08, 2022",12:41:20
ord08534,CSTMR0106,16-07-2025,20:11:34
ORD08535,CSTMR0697,2023-03-01,08:24:32
ORD08536,CSTMR0554,03-09-2024,18:33:17
ORD08537,cstmr0637,07/07/2024,10:50:01
ord08538,cstmr0436,2026-03-16,14:32:45
ord08539,CSTMR0798,04-02-26,20:18:28
ORD08540,CSTMR0149,"Jul 08, 2025",10:08:54
ORD08541,CSTMR0339,20 Jul 2023,21:13:33
ORD08542,CSTMR0168,2024-08-02,16:40:00
ord08543,CSTMR0632,"Jan 03, 2026",22:09:26
ORD08544,cstmr0477,30/08/2023,11:19:51
ORD08545,CSTMR0162,31 Mar 2023,18:08:49
ord08546,CSTMR0683,2025-01-28,08:36:35
ORD08547,cstmr0909,01/23/2026,11:04:38
ORD08548,cstmr0288,"May 12, 2022",19:00:52
ord08549,CSTMR0061,11/09/2021,21:21:31
ORD08550,cstmr0835,25-10-2023,13:23:38
ORD08551,cstmr0134,2025-09-06,10:33:39
ORD08552,cstmr0481,03/07/2022,20:22:01
ord08553,CSTMR0129,29 Jan 2025,08:13:37
ORD08554,CSTMR0107,19 Jun 2025,13:54:00
ORD08555,cstmr0105,05-10-2023,16:00:04
ORD08556,cstmr0751,05-12-2025,20:47:19
ORD08557,cstmr0873,2021-05-13,09:19:26
ORD08558,CSTMR0095,24/03/2026,20:05:35
ord08559,cstmr0660,24-11-2024,20:07:14
ord08560,CSTMR0761,"Apr 13, 2025",13:22:35
ord08561,CSTMR0486,12 Nov 2023,15:36:19
ORD08562,CSTMR0847,"Nov 07, 2024",20:11:20
ORD08563,cstmr0563,2024.11.19,20:40:07
ORD08564,cstmr0234,2026-03-09,10:38:51
ORD08565,CSTMR0384,23-11-2023,19:24:01
ORD08566,CSTMR0034,2025-01-03,19:30:35
ORD08567,CSTMR0769,11-24-23,14:55:44
ORD08568,CSTMR0479,08/23/2024,13:17:35
ORD08569,cstmr0755,"May 01, 2026",19:32:41
ORD08570,cstmr0861,2025.03.01,19:53:19
ORD08571,cstmr0210,2026-03-11,12:07:55
ord08572,CSTMR0729,30/06/2022,13:19:34
ORD08573,CSTMR0079,01-09-23,18:16:59
ORD08574,cstmr0804,15-06-2022,11:31:05
ord08575,CSTMR0565,03/09/2025,12:11:28
ORD08576,CSTMR0256,2021-12-05,20:14:59
ORD08577,CSTMR0190,01/11/2023,21:56:24
ord08578,CSTMR0631,07/02/2023,22:26:54
ORD08579,CSTMR0269,"Jan 28, 2022",20:53:46
ORD08580,cstmr0406,14-06-2023,20:41:46
ord08581,cstmr0774,02/20/2023,21:24:46
ORD08582,cstmr0938,"Jan 29, 2023",17:00:58
ORD08583,CSTMR0877,2024-06-10,12:00:59
ORD08584,cstmr0333,2022-03-03,17:41:39
ORD08585,CSTMR0023,2024.10.13,15:22:05
ORD08586,cstmr0712,10/11/2021,09:12:07
ORD08587,CSTMR0594,02-02-2026,21:23:55
ord08588,CSTMR0843,01/27/2026,15:03:05
ORD08589,CSTMR0035,12/02/2023,19:04:00
ord08590,CSTMR0889,2025-08-07,13:34:31
ORD08591,cstmr0575,09 Mar 2024,13:40:06
ord08592,cstmr0308,23/03/2025,21:51:24
ORD08593,CSTMR0121,2025-02-25,13:36:57
ord08594,cstmr0373,2025.06.27,10:33:36
ORD08595,cstmr0232,05/28/2023,21:50:28
ORD08596,cstmr0053,2022-10-17,16:16:13
ord08597,CSTMR0812,03-04-2021,13:10:32
ORD08598,CSTMR0712,2025-03-13,22:09:44
ORD08599,CSTMR0515,"Mar 31, 2022",12:48:32
ord08600,CSTMR0818,2022.12.05,13:34:35
ORD08601,cstmr0996,2023.02.09,10:08:27
ORD08602,CSTMR0677,11-06-21,21:49:26
ord08603,CSTMR0667,06-12-2022,12:40:53
ORD08604,CSTMR0862,"Jul 05, 2023",20:18:46
ORD08605,cstmr0096,10-08-23,12:43:40
ORD08606,cstmr0667,10-06-23,13:33:53
ORD08607,CSTMR0813,05-17-25,21:02:16
ORD08608,CSTMR0836,29-08-2025,21:54:39
ord08609,CSTMR0380,19/07/2022,14:44:52
ord08610,cstmr0635,2024.07.28,18:40:49
ord08611,CSTMR0763,"Dec 31, 2022",21:49:35
ORD08612,CSTMR0407,"Feb 15, 2026",21:16:02
ord08613,CSTMR0938,09-05-2026,21:38:24
ord08614,CSTMR0624,11/04/2025,12:50:34
ORD08615,cstmr0620,"Dec 26, 2024",08:21:09
ORD08616,CSTMR0263,03/22/2025,14:45:28
ORD08617,CSTMR0812,18/04/2024,17:08:06
ORD08618,CSTMR0590,02-22-22,09:28:09
ord08619,CSTMR0170,31/03/2023,13:31:07
ORD08620,cstmr0982,25-10-2025,22:46:09
ORD08621,CSTMR0358,21/11/2025,10:08:07
ORD08622,cstmr0579,10 Oct 2024,14:16:22
ORD08623,cstmr0525,2021.01.08,19:54:14
ord08624,CSTMR0927,09/02/2023,11:49:24
ORD08625,cstmr0461,"Aug 19, 2023",12:00:12
ORD08626,cstmr0229,03/25/2024,21:05:29
ORD08627,cstmr0785,"May 27, 2026",20:24:44
ORD08628,CSTMR0896,03/08/2025,11:54:30
ord08629,CSTMR0422,"Apr 18, 2024",14:12:56
ORD08630,CSTMR0152,"Nov 09, 2022",13:19:54
ORD08631,CSTMR0265,03-21-25,19:42:36
ORD08632,CSTMR0841,03 Dec 2023,18:49:37
ORD08633,CSTMR0342,08/12/2024,20:15:26
ORD08634,CSTMR0888,"Dec 15, 2023",20:50:45
ORD08635,cstmr0797,"Mar 22, 2023",15:18:05
ORD08636,CSTMR0350,2024-07-04,08:59:12
ORD08637,cstmr0839,12-07-2022,17:13:25
ORD08638,CSTMR0554,2024-09-29,14:52:51
ORD08639,cstmr0042,01/09/2021,13:05:25
ORD08640,cstmr0465,11 Jul 2025,17:39:29
ORD08641,cstmr0367,"Dec 11, 2022",10:36:41
ORD08642,CSTMR0697,2023.10.09,19:02:48
ORD08643,CSTMR0356,2025.12.19,12:02:33
ORD08644,cstmr0063,12-04-24,09:21:11
ORD08645,CSTMR0808,10 Apr 2024,09:39:55
ord08646,CSTMR0530,03/31/2025,21:08:34
ord08647,CSTMR0864,"Jun 10, 2023",19:59:55
ord08648,CSTMR0045,2024-04-25,09:49:15
ord08649,cstmr0350,2021.11.07,22:49:48
ord08650,cstmr0838,2023.03.16,16:43:03
ord08651,CSTMR0595,06/24/2022,12:03:36
ORD08652,CSTMR0729,"Jun 02, 2022",17:30:07
ORD08653,cstmr0625,2021-09-18,13:15:50
ORD08654,cstmr0844,10/05/2022,20:07:52
ord08655,CSTMR0801,2023.05.14,20:11:16
ord08656,cstmr0428,2024.04.08,08:33:35
ORD08657,cstmr0331,13 Apr 2025,15:32:30
ORD08658,cstmr0704,2023.04.22,21:16:08
ord08659,CSTMR0622,2021-07-21,21:23:20
ORD08660,CSTMR0748,20-02-2024,20:21:55
ORD08661,CSTMR0289,"Mar 26, 2023",18:49:51
ORD08662,CSTMR0112,2023-10-04,11:11:36
ORD08663,CSTMR0621,04-11-26,09:09:16
ord08664,CSTMR0716,08 Nov 2023,15:08:33
ORD08665,cstmr0153,"Jul 03, 2024",08:29:46
ORD08666,cstmr0663,"Jan 16, 2025",17:22:20
ORD08667,CSTMR0940,"Aug 17, 2025",13:40:24
ORD08668,cstmr0721,30-07-2024,12:35:27
ORD08669,cstmr0133,"May 11, 2024",20:59:09
ord08670,CSTMR0520,"Feb 09, 2024",17:13:44
ORD08671,cstmr0241,01/05/2021,19:09:27
ORD08672,CSTMR0052,2025-04-18,17:14:40
ord08673,cstmr0886,15/10/2024,20:06:05
ORD08674,CSTMR0029,06/01/2023,21:37:29
ORD08675,cstmr0351,03-03-22,11:00:19
ord08676,CSTMR0318,05-30-22,21:52:07
ord08677,CSTMR0231,"Feb 11, 2024",21:39:16
ord08678,cstmr0282,2025.12.27,10:04:42
ord08679,CSTMR0117,06-21-23,18:41:58
ORD08680,CSTMR0862,12-23-23,20:56:59
ORD08681,CSTMR0942,01-12-23,20:55:24
ord08682,cstmr0034,01-29-25,08:22:23
ORD08683,CSTMR0501,2025.09.11,11:38:10
ORD08684,CSTMR0922,"May 01, 2023",21:16:32
ord08685,cstmr0199,03/12/2025,20:32:02
ORD08686,CSTMR0177,"Apr 09, 2026",19:01:59
ord08687,cstmr0475,2025.12.08,15:54:41
ORD08688,CSTMR0381,07/07/2025,19:58:27
ORD08689,CSTMR0238,02/12/2023,13:33:33
ORD08690,CSTMR0635,08-08-2025,13:41:51
ord08691,CSTMR0348,08-08-23,16:45:37
ORD08692,cstmr0161,05/01/2025,16:52:46
ORD08693,cstmr0021,2024.12.17,13:42:15
ORD08694,CSTMR0779,18-10-2024,10:57:22
ord08695,cstmr0658,09-17-24,20:12:43
ord08696,CSTMR0194,03-16-25,09:26:21
ord08697,CSTMR0651,2021-04-13,12:31:02
ord08698,cstmr0253,2025-01-10,12:35:21
ORD08699,CSTMR0826,12-12-23,21:55:54
ORD08700,CSTMR0244,2023-09-09,19:49:36
ord08701,cstmr0484,2021.11.26,18:47:14
ORD08702,CSTMR0750,"Aug 29, 2022",19:48:48
ORD08703,CSTMR0229,"Jun 10, 2025",12:35:30
ORD08704,CSTMR0457,2026.01.25,14:24:57
ORD08705,CSTMR0929,2023.11.10,08:14:43
ORD08706,CSTMR0937,23 Jun 2024,21:57:23
ORD08707,CSTMR0684,04-21-23,19:34:12
ORD08708,CSTMR0752,2021.07.11,19:20:43
ord08709,cstmr0754,05/17/2024,13:48:33
ord08710,CSTMR0026,03 Mar 2023,19:12:18
ORD08711,CSTMR0772,14 Nov 2024,12:10:47
ORD08712,CSTMR0834,15/09/2025,20:36:21
ord08713,CSTMR0933,23-04-2023,21:28:17
ORD08714,cstmr0521,"Dec 23, 2023",19:25:25
ord08715,CSTMR0275,22 Apr 2024,17:38:31
ORD08716,CSTMR0914,09-10-25,08:09:41
ORD08717,CSTMR0610,01/26/2024,20:09:04
ORD08718,CSTMR0482,10/05/2024,11:04:59
ORD08719,CSTMR0178,"Jun 24, 2024",14:18:16
ORD08720,CSTMR0551,"Mar 27, 2023",21:32:37
ORD08721,CSTMR0522,26-02-2025,15:36:24
ORD08722,CSTMR0512,"Jun 22, 2024",17:14:02
ORD08723,cstmr0515,2023-12-19,12:59:41
ORD08724,CSTMR0128,26/03/2023,08:50:14
ORD08725,CSTMR0999,07-15-22,16:24:05
ORD08726,CSTMR0655,16 Jun 2021,19:41:47
ORD08727,CSTMR0438,07-23-22,14:14:53
ORD08728,cstmr0534,2022.07.12,19:15:09
ORD08729,CSTMR0844,2022-11-28,12:48:50
ord08730,CSTMR0373,06 May 2023,20:22:47
ORD08731,CSTMR0217,2025.04.13,12:43:57
ORD08732,cstmr0120,07/16/2025,19:05:39
ORD08733,CSTMR0080,14/08/2025,10:09:47
ORD08734,CSTMR0074,01/04/2023,13:24:28
ORD08735,CSTMR0559,10-25-25,16:55:39
ORD08736,CSTMR0975,14/07/2025,21:36:57
ORD08737,cstmr0779,04-01-23,22:45:57
ORD08738,CSTMR0678,18 Feb 2023,08:06:44
ORD08739,cstmr0859,"Dec 19, 2025",13:36:00
ORD08740,cstmr0097,20-05-2024,13:33:32
ORD08741,CSTMR0301,06/05/2024,13:17:29
ORD08742,cstmr0228,2024.12.16,20:33:22
ord08743,cstmr0696,"May 02, 2021",08:02:44
ord08744,cstmr0821,12/09/2023,12:54:12
ord08745,CSTMR0343,28-12-2024,14:56:10
ord08746,cstmr0491,2023.09.18,13:38:02
ORD08747,CSTMR0314,03/18/2023,12:36:09
ORD08748,CSTMR0752,08-28-24,21:43:30
ORD08749,CSTMR0562,2023-01-05,22:24:36
ord08750,CSTMR0353,2025-04-15,22:48:58
ORD08751,CSTMR0445,"Dec 16, 2023",11:02:47
ORD08752,CSTMR0804,2023.01.02,20:06:04
ORD08753,CSTMR0226,"Feb 25, 2025",15:03:25
ORD08754,cstmr0421,"Feb 22, 2026",09:36:47
ORD08755,CSTMR0169,11-08-2022,08:12:54
ORD08756,CSTMR0140,2022.05.07,19:36:57
ORD08757,CSTMR0792,"Apr 19, 2024",19:54:11
ORD08758,CSTMR0565,"Sep 08, 2025",08:44:14
ORD08759,cstmr0276,"Sep 03, 2025",21:09:29
ORD08760,cstmr0319,"Aug 08, 2025",16:43:12
ORD08761,cstmr0877,06 Jan 2024,19:36:01
ord08762,cstmr0105,21/12/2023,09:47:29
ord08763,CSTMR0274,03/23/2025,11:47:53
ORD08764,cstmr0892,06 Jan 2024,14:06:55
ord08765,CSTMR0434,26-04-2021,22:31:44
ORD08766,CSTMR0181,09-08-2023,18:36:24
ord08767,cstmr0634,"Sep 13, 2025",12:19:00
ORD08768,CSTMR0138,08-29-24,13:01:10
ord08769,cstmr0052,05 Nov 2024,12:18:53
ORD08770,CSTMR0047,05 Jun 2025,10:35:41
ord08771,CSTMR0668,2021-09-18,09:58:01
ORD08772,CSTMR0659,"Dec 04, 2024",14:56:55
ORD08773,CSTMR0071,2023-02-21,09:27:06
ord08774,CSTMR0678,2024.03.10,13:46:27
ORD08775,CSTMR0680,11/10/2025,15:25:16
ORD08776,cstmr0425,2023-12-11,20:23:37
ord08777,cstmr0984,02 Oct 2024,21:14:40
ORD08778,CSTMR0111,2023-05-03,20:29:02
ORD08779,CSTMR0331,2024.10.22,16:49:05
ORD08780,cstmr0995,31-03-2023,13:09:12
ord08781,CSTMR0401,05/27/2026,09:40:33
ORD08782,CSTMR0546,07-17-23,21:27:43
ord08783,cstmr0071,06/19/2025,21:16:59
ord08784,cstmr0101,"Jun 20, 2021",20:54:01
ORD08785,CSTMR0522,"Mar 08, 2026",18:10:06
ord08786,cstmr0049,12-29-22,12:22:01
ORD08787,cstmr0725,"Apr 11, 2022",17:11:25
ORD08788,CSTMR0061,18/01/2024,13:10:50
ORD08789,CSTMR0960,05/04/2024,21:18:33
ord08790,CSTMR0794,07-06-24,19:13:23
ORD08791,CSTMR0557,22-01-2025,09:53:59
ORD08792,cstmr0534,14-04-2024,16:24:19
ORD08793,CSTMR0209,13 Mar 2021,20:10:17
ord08794,CSTMR0412,29 Jan 2024,21:49:15
ORD08795,CSTMR0960,2024-04-20,10:22:30
ORD08796,CSTMR0052,05-02-2024,16:11:59
ORD08797,CSTMR0442,09/06/2022,16:19:34
ORD08798,cstmr0954,14 Nov 2025,21:45:56
ORD08799,CSTMR0806,2026-04-16,12:11:08
ORD08800,CSTMR0490,"Dec 12, 2021",21:57:48
ORD08801,CSTMR0629,2024-10-20,13:18:29
ord08802,CSTMR0251,01/22/2024,12:05:39
ord08803,CSTMR0222,2022-12-26,20:11:41
ord08804,cstmr0840,"Dec 18, 2021",09:01:11
ord08805,CSTMR0839,"Sep 10, 2024",19:35:16
ORD08806,cstmr0512,14-08-2023,09:13:53
ord08807,CSTMR0020,06/21/2024,19:05:51
ORD08808,cstmr0178,10/31/2024,11:37:32
ORD08809,cstmr0582,03/25/2021,22:09:18
ORD08810,cstmr0268,"May 17, 2025",11:08:01
ord08811,CSTMR0071,16-08-2024,12:06:20
ord08812,CSTMR0992,06/08/2022,20:22:40
ORD08813,cstmr0676,2023-10-18,21:03:54
ord08814,CSTMR0179,11/07/2024,17:13:55
ord08815,CSTMR0400,18 Aug 2022,18:40:38
ord08816,cstmr0245,2024.04.30,14:23:47
ORD08817,cstmr0692,2026-02-16,13:14:36
ord08818,CSTMR0294,2024-02-01,13:53:17
ord08819,CSTMR0250,22-09-2025,18:59:39
ORD08820,CSTMR0067,13-09-2023,14:30:31
ORD08821,cstmr0182,07-06-2024,13:32:06
ord08822,CSTMR0122,12 Feb 2026,13:49:25
ord08823,cstmr0643,22-10-2023,11:13:44
ORD08824,CSTMR0196,04-19-26,17:37:10
ORD08825,CSTMR0502,2024-01-25,21:01:16
ORD08826,cstmr0254,14/09/2024,14:13:58
ORD08827,CSTMR0780,2024-09-10,12:18:07
ord08828,CSTMR0589,08-03-2024,22:29:45
ORD08829,CSTMR0800,10-01-24,21:29:20
ORD08830,CSTMR0747,26/05/2025,12:22:09
ORD08831,CSTMR0675,03/25/2022,13:08:41
ord08832,CSTMR0806,29-08-2025,13:18:48
ORD08833,CSTMR0330,2024.05.06,20:42:19
ORD08834,cstmr0025,2026.04.04,18:29:11
ORD08835,cstmr0057,02-21-25,22:58:54
ord08836,CSTMR0173,06/07/2023,14:00:40
ord08837,CSTMR0478,02 Apr 2025,17:08:11
ORD08838,cstmr0864,02-01-25,21:19:45
ORD08839,cstmr0285,27 Feb 2026,21:51:30
ORD08840,CSTMR0346,24 Apr 2022,12:37:03
ORD08841,cstmr0915,06-01-2025,18:37:23
ORD08842,CSTMR0903,2024.11.15,12:23:51
ORD08843,CSTMR0448,27/01/2025,21:06:46
ord08844,CSTMR0927,2023-08-30,20:27:57
ORD08845,CSTMR0779,21-03-2025,10:03:27
ord08846,CSTMR0879,2023.03.19,14:50:32
ORD08847,CSTMR0823,10/24/2024,20:54:05
ORD08848,cstmr0212,17/02/2026,20:14:03
ord08849,CSTMR0092,2022.01.03,11:18:19
ord08850,CSTMR0624,22/12/2021,20:12:10
ord08851,cstmr0143,18 Apr 2023,19:00:44
ORD08852,CSTMR0195,14 Sep 2023,21:08:26
ORD08853,cstmr0811,2023.10.07,20:22:44
ORD08854,CSTMR0362,01-31-26,17:06:21
ORD08855,CSTMR0540,2025.04.03,22:13:18
ORD08856,CSTMR0760,27/07/2024,20:42:48
ORD08857,CSTMR0524,23 Feb 2024,22:32:16
ord08858,CSTMR0991,2023.07.17,11:13:37
ord08859,CSTMR0049,2025.06.06,15:12:18
ORD08860,CSTMR0844,2021-01-08,19:22:08
ORD08861,CSTMR0734,2023.04.03,08:44:47
ORD08862,cstmr0506,05-16-26,09:04:12
ORD08863,cstmr0836,04-11-2023,16:23:44
ORD08864,CSTMR0630,30/10/2025,20:39:52
ORD08865,cstmr0212,08-07-22,21:32:30
ORD08866,CSTMR0857,24 Jan 2023,15:46:47
ord08867,CSTMR0418,15 Aug 2023,15:11:56
ord08868,CSTMR0637,21-02-2026,18:40:45
ORD08869,cstmr0848,07-05-22,10:39:49
ord08870,cstmr0003,"May 24, 2023",12:12:44
ORD08871,CSTMR0121,12/04/2023,13:49:21
ORD08872,cstmr0602,02-21-26,16:49:26
ord08873,CSTMR0231,10-22-21,21:10:49
ORD08874,CSTMR0410,2024.02.24,09:45:07
ord08875,CSTMR0917,2024.04.18,20:02:38
ORD08876,CSTMR0788,01/03/2022,11:35:36
ORD08877,CSTMR0987,2026.04.26,14:59:23
ORD08878,CSTMR0884,16 Sep 2022,21:41:14
ORD08879,CSTMR0405,10-13-23,12:41:58
ord08880,cstmr0498,05/12/2023,13:23:07
ORD08881,cstmr0468,2024.04.24,13:58:31
ORD08882,CSTMR0182,2021.11.08,22:19:49
ORD08883,cstmr0893,05 Dec 2025,12:34:21
ord08884,CSTMR0737,25-10-2024,21:04:26
ORD08885,CSTMR0950,"Oct 23, 2022",20:22:39
ORD08886,cstmr0479,23-08-2022,11:14:32
ord08887,cstmr0552,12/23/2023,12:13:06
ORD08888,CSTMR0144,"Sep 24, 2024",17:10:55
ORD08889,CSTMR0955,"Apr 27, 2024",13:15:43
ORD08890,CSTMR0318,16 Sep 2021,14:20:44
ORD08891,CSTMR0292,19 Jul 2024,20:44:44
ord08892,CSTMR0833,2025.10.18,19:37:14
ORD08893,CSTMR0595,30/10/2023,13:23:55
ORD08894,CSTMR0780,25-09-2022,19:18:51
ORD08895,CSTMR0636,2025.10.11,19:04:39
ord08896,CSTMR0596,2022-07-30,22:31:33
ord08897,CSTMR0152,12/08/2023,18:23:41
ORD08898,CSTMR0896,18 May 2026,21:23:58
ord08899,cstmr0238,2021-09-21,08:23:11
ORD08900,CSTMR0721,22 Apr 2023,19:29:36
ORD08901,cstmr0270,2024.05.07,21:43:58
ORD08902,CSTMR0513,04 Jul 2023,15:10:44
ORD08903,CSTMR0099,24 Nov 2025,10:24:42
ord08904,CSTMR0759,15 Nov 2024,09:51:04
ORD08905,CSTMR0272,04/15/2023,16:23:46
ORD08906,cstmr0010,06/30/2024,13:23:05
ORD08907,CSTMR0733,27/08/2022,20:41:06
ord08908,CSTMR0539,09/07/2025,20:57:59
ORD08909,CSTMR0374,29/07/2023,10:58:22
ord08910,CSTMR0023,25-05-2024,11:27:53
ORD08911,cstmr0670,17/04/2023,20:04:30
ORD08912,CSTMR0665,2022.07.15,20:46:44
ord08913,cstmr0426,08 Jan 2026,22:38:37
ORD08914,cstmr0843,04-09-26,21:51:40
ORD08915,CSTMR0855,04/03/2025,20:36:17
ORD08916,cstmr0649,08/04/2024,18:39:28
ORD08917,CSTMR0831,2025-10-05,12:43:55
ORD08918,CSTMR0696,27-04-2021,18:01:05
ORD08919,cstmr0001,04-25-22,13:54:02
ORD08920,cstmr0939,02-04-2025,12:54:39
ORD08921,CSTMR0624,22-03-2025,19:03:07
ORD08922,CSTMR0323,02-12-23,20:12:50
ord08923,cstmr0307,2026.01.24,10:29:38
ord08924,CSTMR0413,2024-01-12,18:04:31
ORD08925,CSTMR0432,26 Jun 2025,18:18:37
ord08926,cstmr0691,09/14/2023,17:11:27
ORD08927,CSTMR0655,21-02-2025,19:47:54
ORD08928,CSTMR0453,12 May 2026,12:32:09
ord08929,CSTMR0898,05-04-24,17:36:51
ord08930,CSTMR0224,2021.05.14,09:51:04
ord08931,CSTMR0495,"Dec 25, 2022",19:51:51
ord08932,CSTMR0307,08-17-22,20:44:22
ORD08933,CSTMR0694,13-05-2023,09:43:59
ORD08934,CSTMR0208,2022-08-03,19:41:27
ORD08935,CSTMR0073,2023.05.06,08:32:28
ORD08936,CSTMR0687,"May 19, 2025",08:17:46
ORD08937,CSTMR0054,"Nov 13, 2023",18:13:11
ORD08938,CSTMR0227,08 Jun 2023,15:48:05
ORD08939,cstmr0513,"Feb 08, 2023",19:31:58
ORD08940,cstmr0631,10-12-23,19:00:40
ord08941,CSTMR0935,12 Mar 2024,09:55:56
ord08942,CSTMR0721,"Feb 01, 2024",12:47:31
ord08943,cstmr0641,12-18-25,18:15:44
ORD08944,CSTMR0008,09 May 2026,18:37:41
ORD08945,CSTMR0362,2025-04-16,21:01:35
ord08946,cstmr0617,2025-07-18,21:32:46
ORD08947,cstmr0856,"Feb 09, 2024",20:48:50
ORD08948,CSTMR0095,"Oct 22, 2021",10:38:31
ORD08949,cstmr0156,06/27/2021,19:31:24
ORD08950,CSTMR0464,20/04/2025,10:34:25
ord08951,CSTMR0803,30 Sep 2025,17:54:47
ORD08952,CSTMR0916,03-15-25,17:22:17
ord08953,CSTMR0611,02 Jun 2023,19:19:15
ord08954,CSTMR0908,2022.11.14,10:22:18
ORD08955,CSTMR0697,2022.05.25,20:51:41
ORD08956,CSTMR0435,2021.08.13,09:37:11
ORD08957,cstmr0650,03-01-2023,11:35:56
ord08958,CSTMR0130,14 May 2024,20:59:36
ord08959,CSTMR0078,05-01-2024,10:46:29
ORD08960,CSTMR0585,23/01/2026,11:30:14
ORD08961,CSTMR0304,07-11-23,12:04:49
ORD08962,CSTMR0357,2021-10-24,13:32:49
ord08963,CSTMR0524,"Mar 24, 2026",19:40:30
ORD08964,cstmr0377,30 Jan 2026,13:44:09
ORD08965,CSTMR0071,03/27/2025,19:36:12
ORD08966,CSTMR0013,2023.09.08,18:14:43
ORD08967,CSTMR0276,22 Jan 2023,17:58:39
ord08968,CSTMR0103,"Jul 29, 2025",11:05:22
ORD08969,CSTMR0766,09-11-2022,17:20:50
ORD08970,CSTMR0712,2024.10.05,22:51:38
ORD08971,cstmr0244,2024.11.23,12:00:42
ORD08972,CSTMR0267,29/09/2022,12:00:26
ord08973,CSTMR0743,2025-02-20,14:17:33
ord08974,cstmr0740,2024-09-24,13:10:42
ORD08975,cstmr0316,2022.01.08,17:43:07
ord08976,CSTMR0914,04/06/2024,11:26:18
ord08977,cstmr0410,05/16/2021,22:44:09
ORD08978,CSTMR0450,23 Dec 2025,18:23:51
ord08979,CSTMR0384,05-21-24,17:43:49
ORD08980,CSTMR0328,2025.02.08,20:30:24
ORD08981,CSTMR0755,08-26-24,18:41:38
ORD08982,cstmr0621,10/21/2023,11:52:51
ORD08983,cstmr0480,"Feb 12, 2024",13:43:54
ORD08984,CSTMR0075,31/07/2024,17:18:17
ord08985,cstmr0164,2022-06-04,12:51:19
ord08986,CSTMR0121,08-06-2025,09:53:16
ORD08987,CSTMR0149,"Jan 10, 2024",13:52:30
ord08988,CSTMR0140,02/07/2023,21:33:59
ord08989,CSTMR0600,05/26/2022,17:24:59
ORD08990,CSTMR0531,"May 05, 2026",20:41:49
ord08991,CSTMR0542,2022-12-27,14:45:46
ORD08992,cstmr0029,"Apr 16, 2026",13:05:23
ORD08993,CSTMR0022,08 Sep 2024,18:33:56
ORD08994,CSTMR0124,"May 07, 2024",10:35:06
ord08995,CSTMR0540,04/08/2023,21:00:24
ORD08996,CSTMR0401,24-06-2023,20:25:42
ord08997,CSTMR0127,22-11-2024,18:24:52
ORD08998,CSTMR0329,"Nov 25, 2025",11:43:06
ORD08999,CSTMR0917,"Jan 25, 2026",17:06:58
ord09000,CSTMR0315,2025-10-26,19:20:52
ord09001,CSTMR0583,04/23/2023,10:14:16
ORD09002,cstmr0921,2022.04.01,12:18:19
ord09003,CSTMR0860,28-11-2021,17:30:01
ord09004,cstmr0983,02/09/2021,20:36:11
ord09005,cstmr0104,01/03/2023,21:27:13
ORD09006,CSTMR0445,01-14-24,21:34:35
ord09007,CSTMR0816,21 Jul 2025,22:10:04
ORD09008,CSTMR0609,10 Feb 2026,13:15:14
ord09009,CSTMR0042,21-10-2023,16:17:30
ORD09010,cstmr0028,09/09/2023,21:45:25
ORD09011,CSTMR0723,07-28-25,20:34:17
ORD09012,CSTMR0378,2026-04-07,18:37:41
ORD09013,cstmr0555,2023.10.06,10:43:19
ord09014,CSTMR0381,17/09/2023,20:50:25
ord09015,cstmr0384,07-04-2025,20:20:09
ORD09016,CSTMR0631,11-08-2022,21:53:10
ord09017,CSTMR0809,01/07/2025,22:06:06
ORD09018,cstmr0756,2023-08-16,21:11:15
ORD09019,CSTMR0948,17 Dec 2021,17:29:57
ord09020,CSTMR0789,2023-11-12,08:34:51
ord09021,CSTMR0730,01/25/2026,12:28:03
ORD09022,cstmr0369,07-03-25,11:08:31
ORD09023,cstmr0548,2023-08-21,10:43:57
ORD09024,cstmr0040,2024-02-08,10:25:06
ord09025,CSTMR0765,"Feb 09, 2023",19:06:53
ORD09026,cstmr0894,20/09/2022,13:12:06
ORD09027,cstmr0834,04/07/2021,16:50:25
ORD09028,CSTMR0338,04/11/2026,19:32:09
ORD09029,CSTMR0626,2025.05.06,20:46:14
ORD09030,cstmr0786,"Jan 24, 2025",16:20:19
ORD09031,CSTMR0180,05-28-24,13:48:33
ORD09032,cstmr0677,2023.03.03,21:47:21
ORD09033,cstmr0682,23 Mar 2025,15:39:13
ord09034,CSTMR0359,"Mar 10, 2023",20:40:45
ORD09035,CSTMR0680,2023-01-22,19:02:36
ord09036,CSTMR0911,"Jun 06, 2025",19:40:24
ORD09037,CSTMR0528,12/11/2021,19:13:06
ORD09038,CSTMR0985,03-08-26,11:36:55
ORD09039,cstmr0127,2023-12-07,19:16:39
ord09040,CSTMR0369,19/05/2023,13:10:09
ORD09041,CSTMR0238,"Nov 22, 2024",13:49:15
ord09042,cstmr0509,04 Jul 2023,21:52:11
ORD09043,CSTMR0623,03/11/2022,11:54:32
ORD09044,CSTMR0582,03/27/2024,12:30:56
ORD09045,cstmr0072,2025.01.05,16:41:01
ord09046,cstmr0173,30-01-2022,12:22:51
ORD09047,CSTMR0190,"Sep 19, 2023",16:57:09
ORD09048,CSTMR0323,23-06-2024,14:36:28
ORD09049,CSTMR0922,2023-12-04,18:21:25
ORD09050,cstmr0096,2023.12.20,19:19:26
ORD09051,CSTMR0670,2022-08-19,16:52:55
ORD09052,CSTMR0549,04-11-24,13:55:14
ORD09053,cstmr0853,08-23-24,09:34:35
ORD09054,CSTMR0407,"Jun 10, 2022",09:51:59
ord09055,CSTMR0545,11/29/2023,11:33:10
ORD09056,CSTMR0362,13-09-2025,22:58:26
ORD09057,cstmr0232,2024-05-31,13:50:50
ORD09058,cstmr0488,01 Feb 2024,12:52:54
ORD09059,cstmr0064,05/08/2024,21:10:59
ord09060,cstmr0575,2022-08-21,18:37:26
ord09061,CSTMR0422,06/03/2022,13:28:21
ORD09062,CSTMR0728,02/08/2023,17:02:59
ord09063,cstmr0871,06/15/2024,08:25:59
ORD09064,CSTMR0033,12 Jan 2023,20:44:11
ORD09065,cstmr0255,03-26-22,14:17:51
ord09066,CSTMR0057,2025.02.03,15:41:47
ORD09067,CSTMR0861,"Sep 12, 2024",20:04:50
ORD09068,cstmr0241,31-08-2023,21:17:38
ord09069,CSTMR0419,04-16-24,11:10:44
ORD09070,CSTMR0445,06/13/2025,22:05:30
ord09071,cstmr0100,2021.12.21,15:32:53
ord09072,CSTMR0497,06-01-23,12:13:01
ord09073,cstmr0524,18-11-2023,12:18:53
ORD09074,CSTMR0921,04/01/2021,20:56:16
ORD09075,CSTMR0746,2025-06-29,12:39:19
ORD09076,CSTMR0863,2024.06.27,21:09:32
ORD09077,CSTMR0497,06-10-2025,20:00:07
ORD09078,cstmr0938,05/18/2024,08:55:38
ORD09079,CSTMR0748,29/07/2024,08:59:29
ORD09080,CSTMR0139,12-06-25,16:53:51
ord09081,CSTMR0617,2023.02.03,16:46:24
ORD09082,CSTMR0197,14-07-2022,18:17:09
ORD09083,CSTMR0808,05/25/2025,13:17:52
ORD09084,CSTMR0002,23/02/2021,19:37:33
ORD09085,CSTMR0408,27 May 2023,08:59:59
ORD09086,cstmr0135,24 Oct 2021,19:26:19
ord09087,CSTMR0827,01 Aug 2025,08:23:12
ORD09088,CSTMR0449,"May 10, 2025",14:41:37
ORD09089,cstmr0494,27 May 2023,14:14:12
ord09090,CSTMR0415,2023-05-14,10:19:29
ORD09091,cstmr0798,28/06/2025,13:17:58
ORD09092,cstmr0475,01-11-2022,12:45:38
ORD09093,cstmr0142,18-02-2024,09:19:04
ord09094,CSTMR0352,16 Nov 2024,21:14:00
ORD09095,CSTMR0181,09/11/2024,20:01:44
ORD09096,CSTMR0929,05 Nov 2025,13:08:21
ord09097,CSTMR0280,"May 20, 2021",20:17:18
ord09098,cstmr0900,"Mar 16, 2022",19:41:33
ORD09099,cstmr0371,2021-10-16,21:06:02
ORD09100,CSTMR0655,25 Mar 2023,21:08:19
ORD09101,cstmr0233,17/11/2022,15:15:25
ORD09102,CSTMR0983,2024.04.19,20:50:42
ord09103,CSTMR0944,09-07-24,10:45:19
ord09104,cstmr0718,"Feb 12, 2026",21:08:36
ORD09105,cstmr0499,"Jul 22, 2022",13:52:46
ORD09106,CSTMR0828,"Apr 03, 2023",12:03:47
ORD09107,cstmr0176,27/05/2026,15:37:29
ord09108,CSTMR0453,10 Oct 2024,18:00:11
ord09109,CSTMR0784,05-23-23,13:26:52
ord09110,cstmr0695,01/07/2024,14:09:09
ORD09111,CSTMR0064,2024-07-06,18:48:55
ORD09112,CSTMR0013,17-03-2026,22:33:05
ORD09113,CSTMR0750,21 Oct 2025,16:42:26
ORD09114,cstmr0915,03-09-22,21:30:08
ORD09115,cstmr0673,2024-05-10,11:53:09
ord09116,CSTMR0751,24/08/2024,08:55:11
ord09117,CSTMR0772,03-01-25,18:00:43
ORD09118,CSTMR0668,"Jun 01, 2026",12:03:07
ORD09119,cstmr0064,07/18/2025,13:11:39
ORD09120,CSTMR0471,2023-12-09,19:01:32
ord09121,CSTMR0743,2025-11-20,12:01:42
ORD09122,CSTMR0897,"Aug 15, 2022",08:39:43
ORD09123,CSTMR0362,30 Mar 2026,21:48:01
ORD09124,CSTMR0576,12-15-24,08:25:10
ORD09125,cstmr0925,2025-06-21,22:52:37
ord09126,CSTMR0126,02 Nov 2025,18:57:04
ord09127,cstmr0578,2023-03-25,09:11:48
ORD09128,CSTMR0990,"Dec 14, 2023",18:47:08
ord09129,CSTMR0691,05-08-26,21:38:17
ORD09130,cstmr0364,05/22/2025,15:33:21
ORD09131,CSTMR0327,08/18/2021,14:41:41
ORD09132,cstmr0514,17/05/2026,12:39:14
ord09133,CSTMR0426,08/17/2025,11:01:24
ORD09134,cstmr0407,10/12/2025,21:10:30
ord09135,CSTMR0803,18 Apr 2025,08:00:21
ORD09136,cstmr0432,03-08-24,13:44:49
ord09137,cstmr0483,16-06-2023,11:45:45
ORD09138,cstmr0727,16/12/2025,16:02:50
ORD09139,CSTMR0956,07-03-2022,16:15:12
ORD09140,CSTMR0546,"Sep 02, 2024",22:25:02
ORD09141,CSTMR0584,04-10-2022,20:26:49
ord09142,CSTMR0082,21-09-2022,16:57:04
ORD09143,CSTMR0571,19-05-2026,12:01:12
ORD09144,CSTMR0555,2025-10-05,20:39:41
ORD09145,cstmr0466,"Mar 29, 2023",16:48:49
ORD09146,CSTMR0221,2025.01.17,15:27:48
ORD09147,CSTMR0576,2025.07.01,17:13:45
ord09148,CSTMR0555,"Dec 04, 2024",18:55:01
ord09149,CSTMR0570,12/17/2022,16:42:13
ord09150,cstmr0127,05 Mar 2026,12:52:37
ORD09151,CSTMR0602,"Dec 09, 2025",21:27:42
ORD09152,CSTMR0013,12-20-25,18:22:18
ORD09153,CSTMR0100,2021-01-30,15:24:24
ORD09154,CSTMR0052,07-06-25,19:05:39
ORD09155,cstmr0084,2021.09.19,17:36:46
ord09156,CSTMR0249,13-07-2023,10:32:40
ORD09157,CSTMR0213,27/05/2025,12:15:54
ORD09158,CSTMR0200,07/27/2022,21:27:35
ord09159,CSTMR0592,26-09-2025,12:03:49
ord09160,CSTMR0412,2024-05-17,12:04:35
ORD09161,cstmr0423,01/03/2023,12:11:34
ORD09162,cstmr0306,2022.01.15,18:45:34
ORD09163,cstmr0604,11/07/2022,12:11:22
ord09164,cstmr0571,24 May 2023,09:05:49
ord09165,CSTMR0542,2024.05.26,13:51:38
ORD09166,CSTMR0623,08 Aug 2022,09:34:28
ORD09167,CSTMR0656,"Sep 05, 2023",20:16:51
ORD09168,cstmr0597,"Feb 23, 2025",21:05:50
ORD09169,CSTMR0881,09/07/2024,19:02:23
ord09170,CSTMR0547,2023-04-19,19:34:55
ORD09171,CSTMR0277,15/04/2021,21:06:38
ORD09172,cstmr0918,2024-08-10,13:05:17
ORD09173,CSTMR0284,2023.06.25,16:59:44
ORD09174,CSTMR0175,03/22/2025,12:23:40
ord09175,cstmr0516,06/29/2024,08:33:44
ORD09176,CSTMR0032,"Mar 07, 2026",12:59:55
ORD09177,CSTMR0587,2022.12.02,10:10:26
ord09178,cstmr0867,2025-04-30,17:35:21
ORD09179,cstmr0544,"May 11, 2024",20:15:27
ord09180,CSTMR0978,09/28/2023,16:42:23
ord09181,CSTMR0713,2024-04-06,18:06:06
ORD09182,CSTMR0638,27-03-2025,15:10:19
ORD09183,CSTMR0607,25-09-2023,19:57:31
ORD09184,CSTMR0263,2024.07.25,10:43:15
ORD09185,CSTMR0905,17 May 2026,21:50:15
ORD09186,cstmr0386,"Jul 15, 2024",22:29:15
ord09187,cstmr0409,14-12-2024,11:18:31
ORD09188,CSTMR0959,31-03-2024,20:28:58
ORD09189,cstmr0051,06 Nov 2025,18:08:47
ord09190,CSTMR0008,14-08-2023,13:16:20
ord09191,CSTMR0885,27-01-2024,20:37:10
ord09192,cstmr0265,2023-10-12,21:19:09
ord09193,cstmr0538,"Jul 05, 2024",13:37:25
ORD09194,CSTMR0137,10-27-25,12:38:38
ORD09195,cstmr0169,"Dec 10, 2021",08:48:15
ord09196,cstmr0801,2023.02.26,19:50:07
ORD09197,CSTMR0795,25-03-2021,21:21:34
ORD09198,CSTMR0875,03-13-22,15:47:15
ORD09199,CSTMR0389,2023-05-10,16:44:15
ORD09200,CSTMR0016,2025-10-22,21:42:34
ord09201,cstmr0046,2022.09.09,21:51:08
ORD09202,cstmr0511,05/28/2026,19:28:20
ord09203,CSTMR0408,17 Mar 2023,17:58:10
ord09204,CSTMR0684,2022.09.09,12:05:35
ord09205,cstmr0814,27-05-2022,18:29:52
ORD09206,CSTMR0404,07-08-21,14:48:02
ORD09207,CSTMR0004,12-21-23,20:57:57
ORD09208,CSTMR0429,2023-10-08,11:41:31
ORD09209,CSTMR0225,12/09/2023,10:46:46
ORD09210,CSTMR0244,03/17/2026,15:46:55
ORD09211,CSTMR0733,02-20-22,13:23:43
ord09212,CSTMR0320,2023-05-21,20:33:13
ord09213,CSTMR0356,2025.08.24,19:24:45
ORD09214,CSTMR0330,08-24-25,15:17:17
ORD09215,CSTMR0222,2024-05-27,11:20:00
ord09216,cstmr0802,03/18/2025,11:06:00
ord09217,cstmr0917,24/05/2025,21:15:30
ORD09218,cstmr0098,"Jun 01, 2021",19:32:14
ord09219,CSTMR0092,17/05/2025,10:09:55
ord09220,CSTMR0130,16-09-2023,10:01:37
ORD09221,cstmr0862,07-07-2023,12:16:37
ORD09222,CSTMR0972,08-01-23,21:24:34
ORD09223,CSTMR0303,10/04/2022,13:55:41
ORD09224,CSTMR0116,09-23-22,16:34:33
ORD09225,CSTMR0824,"Dec 25, 2021",20:49:49
ord09226,CSTMR0197,17 Nov 2023,21:15:02
ORD09227,cstmr0061,12/29/2025,08:56:15
ord09228,CSTMR0685,02-16-24,16:32:23
ORD09229,CSTMR0830,29 Mar 2025,10:05:09
ORD09230,CSTMR0882,02-13-22,13:23:54
ord09231,cstmr0837,"May 25, 2024",12:59:27
ORD09232,CSTMR0260,2022-08-03,08:37:06
ORD09233,CSTMR0314,"Apr 17, 2021",20:01:27
ord09234,CSTMR0144,06/20/2023,09:28:14
ORD09235,cstmr0563,02-25-23,13:16:11
ORD09236,CSTMR0407,11-09-2021,20:03:48
ord09237,CSTMR0173,31-10-2025,21:34:29
ORD09238,cstmr0758,2026-01-10,13:21:08
ORD09239,CSTMR0326,09/09/2023,19:13:56
ord09240,CSTMR0971,2025-07-11,11:12:17
ord09241,CSTMR0323,"Oct 06, 2023",20:12:33
ord09242,cstmr0319,"Jan 11, 2023",10:25:00
ORD09243,cstmr0362,02/09/2023,19:58:56
ORD09244,cstmr0328,06 Jan 2025,20:25:12
ORD09245,CSTMR0511,07-11-2025,12:39:34
ORD09246,CSTMR0544,08-12-2024,14:27:16
ord09247,CSTMR0052,09/08/2023,09:10:01
ORD09248,CSTMR0314,01-16-22,13:26:18
ord09249,CSTMR0636,29-12-2022,12:53:49
ORD09250,CSTMR0906,17 Dec 2021,20:56:40
ORD09251,CSTMR0392,2024.03.06,10:13:00
ord09252,CSTMR0815,11-08-25,20:11:34
ord09253,CSTMR0564,2021-09-06,20:03:54
ORD09254,cstmr0646,2023.09.09,14:35:47
ORD09255,CSTMR0224,2025.07.28,08:51:31
ORD09256,cstmr0222,2024-11-21,10:07:04
ORD09257,cstmr0603,22 Feb 2022,22:33:48
ORD09258,CSTMR0079,"Jul 29, 2023",17:08:51
ord09259,cstmr0093,2025.04.23,12:22:48
ORD09260,CSTMR0205,"Nov 11, 2022",10:03:00
ORD09261,CSTMR0245,31/08/2023,10:20:57
ORD09262,CSTMR0806,"Jan 30, 2024",08:35:03
ord09263,CSTMR0303,13-12-2023,21:48:34
ORD09264,CSTMR0637,"Jul 09, 2024",19:52:14
ORD09265,CSTMR0295,10-16-23,21:50:24
ORD09266,CSTMR0375,2023-02-07,11:32:13
ORD09267,CSTMR0261,07-08-22,21:39:40
ord09268,CSTMR0817,16 Jun 2021,13:25:13
ORD09269,CSTMR0341,"Aug 31, 2024",18:39:58
ORD09270,cstmr0403,2023-11-12,19:21:13
ORD09271,cstmr0739,2025.03.13,21:30:41
ORD09272,CSTMR0110,19 Apr 2026,14:03:29
ord09273,CSTMR0325,23/03/2023,22:46:08
ORD09274,cstmr0151,2023-06-25,18:18:44
ord09275,cstmr0540,06-26-21,08:20:40
ord09276,CSTMR0728,"May 29, 2025",17:57:37
ord09277,CSTMR0339,29 May 2024,19:16:56
ord09278,cstmr0737,23/05/2025,13:26:40
ORD09279,CSTMR0974,08/01/2023,19:02:09
ord09280,CSTMR0223,04-05-22,12:32:32
ORD09281,CSTMR0876,12/14/2024,13:45:56
ord09282,cstmr0302,02/09/2025,18:35:51
ORD09283,CSTMR0197,25 May 2021,19:50:59
ORD09284,CSTMR0781,2025-11-25,11:31:30
ORD09285,CSTMR0333,12/07/2025,21:40:08
ORD09286,CSTMR0410,18 Sep 2024,20:21:29
ORD09287,CSTMR0564,09/14/2021,12:46:59
ORD09288,cstmr0515,07/01/2022,12:45:45
ORD09289,CSTMR0027,17 May 2026,09:33:56
ORD09290,cstmr0494,2023-01-12,08:13:43
ord09291,CSTMR0015,02/08/2024,20:34:18
ORD09292,cstmr0514,2023-07-09,11:21:37
ORD09293,CSTMR0873,08-11-2022,20:31:17
ORD09294,cstmr0200,09 Apr 2026,22:15:31
ord09295,CSTMR0459,2025-10-01,12:56:53
ORD09296,cstmr0657,07/01/2022,12:57:49
ORD09297,CSTMR0071,2024.07.16,16:29:08
ord09298,CSTMR0824,2021-04-30,13:41:55
ORD09299,cstmr0166,01/04/2024,16:59:58
ORD09300,CSTMR0142,11-01-24,12:20:34
ORD09301,CSTMR0713,2024-05-05,09:45:18
ORD09302,CSTMR0271,2026-02-26,13:59:28
ord09303,CSTMR0612,29-05-2023,20:59:22
ORD09304,CSTMR0966,22/05/2025,10:58:14
ord09305,CSTMR0598,02-03-23,18:44:57
ORD09306,CSTMR0182,13 Jun 2024,20:10:14
ORD09307,cstmr0681,24/01/2026,14:59:33
ord09308,CSTMR0859,2025-07-11,13:54:58
ORD09309,cstmr0089,"Jan 09, 2021",16:11:27
ORD09310,cstmr0954,05-31-22,09:48:00
ord09311,cstmr0711,10-07-23,19:05:12
ORD09312,cstmr0633,05-28-24,13:03:58
ord09313,CSTMR0420,01-21-22,19:34:26
ord09314,CSTMR0992,2024-05-19,20:42:04
ORD09315,cstmr0951,07/19/2025,14:28:27
ord09316,CSTMR0336,2026.04.27,12:49:06
ORD09317,CSTMR0977,09-15-22,20:59:41
ord09318,CSTMR0260,21/02/2024,18:27:09
ORD09319,cstmr0834,24 Nov 2022,09:49:38
ORD09320,CSTMR0768,28/02/2025,18:38:38
ORD09321,cstmr0573,07/02/2024,15:26:02
ORD09322,cstmr0688,02/15/2026,16:20:07
ORD09323,CSTMR0660,"Mar 21, 2022",21:55:25
ORD09324,CSTMR0808,10 Jan 2022,12:48:46
ord09325,cstmr0759,30 Sep 2023,20:03:34
ORD09326,CSTMR0672,2022.07.29,19:03:57
ORD09327,CSTMR0725,01 Oct 2023,22:59:53
ORD09328,cstmr0632,2026-02-27,19:00:02
ORD09329,CSTMR0600,09-05-25,12:09:14
ORD09330,cstmr0021,06-17-22,10:01:01
ORD09331,CSTMR0235,25-07-2022,10:33:07
ord09332,cstmr0274,"Sep 19, 2025",21:24:29
ORD09333,cstmr0578,"Nov 26, 2023",17:37:42
ORD09334,CSTMR0733,29 Oct 2025,09:46:13
ord09335,cstmr0505,10/24/2021,12:57:13
ORD09336,CSTMR0792,17/05/2022,21:33:35
ORD09337,cstmr0322,02/12/2022,15:42:40
ORD09338,CSTMR0578,2024-02-29,21:20:44
ORD09339,CSTMR0115,"Mar 12, 2022",12:05:38
ORD09340,CSTMR0080,08/27/2023,20:28:44
ORD09341,CSTMR0839,09-10-2022,21:38:30
ORD09342,CSTMR0062,"Aug 19, 2021",14:36:31
ORD09343,CSTMR0989,12 Jun 2022,11:54:07
ORD09344,cstmr0318,24-10-2021,10:19:58
ord09345,CSTMR0786,03-10-23,14:03:01
ORD09346,cstmr0947,2025.04.15,10:03:27
ORD09347,CSTMR0514,16/03/2024,13:21:39
ord09348,cstmr0162,"Apr 03, 2025",12:09:05
ord09349,cstmr0532,2025-06-22,14:55:23
ORD09350,cstmr0134,2025-01-01,16:20:33
ORD09351,CSTMR0793,07-14-22,20:36:12
ORD09352,CSTMR0259,"Jan 11, 2025",20:47:59
ORD09353,CSTMR0890,03/31/2024,10:21:49
ORD09354,cstmr0288,03 Jun 2022,19:38:05
ORD09355,CSTMR0162,08-10-22,13:05:01
ORD09356,CSTMR0620,2022.10.22,19:57:01
ord09357,CSTMR0964,11 Oct 2022,20:45:19
ord09358,CSTMR0145,07-20-25,18:29:52
ord09359,cstmr0712,12-04-2024,19:41:37
ORD09360,CSTMR0969,"Apr 17, 2024",10:59:51
ord09361,CSTMR0295,10/16/2022,10:52:06
ORD09362,CSTMR0485,20/07/2024,12:09:08
ord09363,cstmr0595,08/14/2022,20:42:39
ORD09364,CSTMR0150,05-26-25,22:24:23
ord09365,CSTMR0032,08-15-24,19:37:01
ORD09366,CSTMR0072,2025.01.20,15:27:24
ord09367,CSTMR0009,10-01-24,20:52:15
ORD09368,cstmr0635,2025.01.24,19:40:22
ORD09369,CSTMR0926,04-26-25,20:49:11
ord09370,cstmr0449,10-09-21,15:40:52
ord09371,cstmr0656,27-09-2024,21:52:02
ord09372,cstmr0529,"Jun 08, 2022",16:39:18
ORD09373,CSTMR0435,"Mar 05, 2021",21:16:33
ord09374,CSTMR0088,2021.10.02,17:02:47
ORD09375,CSTMR0291,09-05-2023,19:25:03
ORD09376,CSTMR0859,22-05-2024,20:03:10
ord09377,CSTMR0179,"Jul 24, 2025",20:36:17
ORD09378,CSTMR0083,18 Mar 2023,15:18:07
ORD09379,CSTMR0559,02-07-21,14:49:25
ORD09380,CSTMR0695,10/29/2022,18:17:30
ORD09381,cstmr0830,03/04/2024,14:04:33
ord09382,CSTMR0616,"May 29, 2026",10:05:12
ORD09383,CSTMR0532,30/05/2021,13:13:16
ORD09384,CSTMR0948,2023-08-03,14:13:01
ORD09385,CSTMR0199,08/17/2023,12:36:17
ord09386,CSTMR0352,20-06-2023,21:48:31
ORD09387,cstmr0847,2024-02-28,14:39:09
ord09388,cstmr0048,30 Nov 2022,19:43:08
ORD09389,CSTMR0131,2023.07.23,20:19:12
ORD09390,CSTMR0136,29 Jul 2025,13:58:44
ord09391,CSTMR0771,06/08/2023,16:21:38
ORD09392,CSTMR0581,22/01/2023,08:46:01
ord09393,CSTMR0626,09 Sep 2022,21:57:03
ORD09394,CSTMR0755,04-04-25,11:45:45
ord09395,cstmr0839,05/28/2023,21:43:26
ORD09396,cstmr0728,06/15/2025,21:32:38
ORD09397,cstmr0220,28 Dec 2024,19:28:56
ord09398,cstmr0215,27-04-2026,22:14:46
ORD09399,CSTMR0584,31-05-2023,18:20:47
ord09400,CSTMR0466,"Jul 18, 2025",18:25:56
ORD09401,cstmr0830,05-01-2023,08:20:46
ORD09402,CSTMR0047,2026-03-04,12:32:25
ORD09403,CSTMR0608,25-06-2025,11:34:31
ORD09404,cstmr0046,02/20/2025,19:24:10
ord09405,cstmr0841,23-03-2023,11:52:39
ORD09406,cstmr0820,06-19-24,19:16:11
ORD09407,CSTMR0468,16-08-2022,12:12:32
ORD09408,cstmr0422,2023-10-28,19:09:14
ORD09409,CSTMR0026,"Jan 25, 2025",11:27:24
ord09410,CSTMR0095,16 Dec 2024,21:06:33
ord09411,cstmr0192,15/11/2025,22:51:58
ORD09412,CSTMR0598,11-20-22,11:50:22
ord09413,CSTMR0668,"Aug 13, 2025",13:19:19
ord09414,CSTMR0625,21-03-2023,16:01:13
ORD09415,CSTMR0489,12-02-2024,11:28:45
ORD09416,CSTMR0741,"Jun 27, 2025",12:27:30
ORD09417,cstmr0568,"Sep 26, 2025",22:04:28
ORD09418,cstmr0096,19/05/2024,19:19:14
ORD09419,CSTMR0733,14 Feb 2021,12:32:55
ORD09420,CSTMR0501,29/10/2024,21:37:39
ORD09421,cstmr0938,2024-03-23,19:49:03
ord09422,cstmr0357,03/10/2023,10:08:02
ORD09423,CSTMR0808,2022.12.26,10:32:45
ORD09424,CSTMR0860,12-09-24,12:34:38
ord09425,CSTMR0385,2024.06.19,12:01:00
ORD09426,CSTMR0118,08-23-23,14:07:37
ORD09427,cstmr0163,10/19/2023,16:10:16
ORD09428,CSTMR0416,02/14/2026,22:09:24
ORD09429,cstmr0765,19/02/2023,20:17:10
ORD09430,cstmr0633,29/04/2026,19:48:10
ORD09431,CSTMR0597,04 Sep 2023,15:06:47
ord09432,CSTMR0652,08-11-2024,13:56:34
ORD09433,CSTMR0383,2024.01.07,17:30:39
ORD09434,CSTMR0229,"Oct 17, 2024",20:50:24
ORD09435,CSTMR0422,12/21/2021,22:31:51
ord09436,cstmr0615,01-15-23,18:53:23
ORD09437,CSTMR0174,04-03-2026,19:39:33
ORD09438,CSTMR0325,18/05/2024,08:13:44
ord09439,cstmr0961,15/03/2024,18:08:04
ORD09440,CSTMR0948,24/01/2025,14:22:52
ord09441,CSTMR0212,07-08-2025,08:56:00
ord09442,CSTMR0591,11/01/2023,20:30:42
ORD09443,CSTMR0809,09-04-22,14:07:06
ORD09444,cstmr0463,04-05-25,22:03:23
ord09445,cstmr0835,02 Mar 2024,12:42:27
ord09446,CSTMR0437,"Apr 04, 2024",21:06:44
ord09447,CSTMR0192,2024-10-06,08:44:56
ORD09448,CSTMR0496,14-08-2022,13:44:18
ord09449,CSTMR0608,2025.03.02,13:19:28
ORD09450,CSTMR0310,06-17-24,17:36:13
ORD09451,CSTMR0386,"Jan 02, 2025",13:53:14
ORD09452,cstmr0435,2022-05-17,20:32:18
ORD09453,CSTMR0960,"Feb 17, 2025",19:09:51
ORD09454,cstmr0295,"Apr 13, 2023",13:16:59
ORD09455,CSTMR0535,01-26-25,14:33:40
ORD09456,CSTMR0233,12-21-24,19:22:09
ORD09457,CSTMR0320,05-11-21,08:56:13
ord09458,CSTMR0563,09/29/2022,10:01:10
ord09459,cstmr0064,11-18-21,12:39:44
ORD09460,cstmr0894,2024.05.19,15:18:16
ORD09461,CSTMR0777,25-04-2023,12:26:22
ORD09462,CSTMR0446,05/10/2025,09:23:45
ORD09463,CSTMR0556,10/01/2024,16:38:50
ORD09464,cstmr0447,2022.11.10,13:12:31
ord09465,CSTMR0961,22-09-2025,15:34:57
ORD09466,CSTMR0510,2025.01.23,12:23:51
ORD09467,cstmr0704,"Aug 14, 2021",22:19:37
ord09468,CSTMR0570,27-09-2025,14:13:28
ORD09469,CSTMR0905,"Aug 29, 2023",10:41:40
ORD09470,cstmr0611,28-03-2026,21:06:29
ord09471,cstmr0705,11/01/2021,18:10:08
ORD09472,CSTMR0015,08/02/2025,08:23:59
ord09473,CSTMR0592,"Apr 17, 2022",12:10:32
ORD09474,cstmr0761,03-06-23,11:36:49
ORD09475,cstmr0659,"Jul 04, 2025",16:18:39
ord09476,cstmr0047,2023-07-07,11:37:28
ORD09477,CSTMR0185,10/11/2021,22:08:09
ORD09478,CSTMR0712,01-29-21,22:57:24
ORD09479,CSTMR0944,18/07/2025,19:03:38
ORD09480,CSTMR0899,2025-10-17,17:52:01
ord09481,CSTMR0127,2024.03.17,17:10:55
ord09482,CSTMR0189,2023-07-19,12:23:13
ord09483,cstmr0208,25-11-2024,09:27:09
ORD09484,cstmr0092,07 Mar 2024,17:13:15
ORD09485,CSTMR0931,"Apr 12, 2026",16:29:27
ord09486,CSTMR0284,10-29-23,21:38:15
ORD09487,CSTMR0245,"Apr 23, 2023",14:37:09
ORD09488,CSTMR0596,07 Mar 2025,20:05:06
ORD09489,cstmr0943,19/05/2022,21:35:06
ord09490,CSTMR0057,2022.08.07,09:35:41
ORD09491,CSTMR0784,15-12-2022,10:15:05
ORD09492,CSTMR0739,25-05-2024,21:10:32
ORD09493,CSTMR0222,02/09/2023,19:59:46
ORD09494,CSTMR0398,02 Jan 2026,20:59:23
ORD09495,CSTMR0708,10 Mar 2024,21:15:44
ORD09496,CSTMR0618,04-29-23,21:29:06
ORD09497,CSTMR0712,2024-05-11,11:36:13
ord09498,cstmr0621,"Jun 05, 2025",10:58:08
ord09499,CSTMR0234,"Jan 02, 2026",13:57:27
ord09500,cstmr0775,2024-03-06,14:48:26
ORD09501,CSTMR0259,26 Apr 2024,12:49:52
ORD09502,cstmr0287,2024.02.21,18:49:57
ORD09503,CSTMR0165,03-04-2022,20:06:59
ORD09504,CSTMR0529,2022.06.20,21:37:03
ORD09505,CSTMR0034,2026.05.01,10:15:14
ORD09506,cstmr0433,07/01/2025,19:07:11
ORD09507,cstmr0133,2026-03-26,14:54:05
ORD09508,CSTMR0677,11/18/2024,14:25:34
ORD09509,CSTMR0396,2022-02-15,11:24:43
ORD09510,CSTMR0124,2025.06.26,20:05:54
ord09511,CSTMR0487,14/03/2023,12:35:27
ORD09512,cstmr0569,09-19-21,12:45:17
ord09513,cstmr0712,03-11-21,19:10:01
ORD09514,CSTMR0867,2026.03.20,21:37:55
ORD09515,cstmr0023,13-09-2023,17:28:49
ORD09516,CSTMR0677,"May 27, 2022",12:13:00
ORD09517,CSTMR0739,2022.10.29,10:46:57
ORD09518,CSTMR0040,22/02/2025,10:59:51
ORD09519,cstmr0888,05/06/2024,17:17:15
ORD09520,CSTMR0427,2024-12-30,21:36:25
ORD09521,CSTMR0728,02/21/2024,20:54:37
ORD09522,cstmr0252,03/05/2023,13:18:20
ORD09523,CSTMR0871,05 Jun 2024,21:15:40
ord09524,cstmr0259,12/01/2023,20:59:05
ord09525,cstmr0981,07-09-2025,20:33:42
ord09526,CSTMR0251,13/11/2021,08:38:32
ORD09527,CSTMR0596,14-10-2022,18:35:03
ORD09528,cstmr0921,"Sep 08, 2025",21:15:23
ORD09529,cstmr0216,08-07-22,22:04:53
ORD09530,CSTMR0486,"May 03, 2025",11:07:45
ORD09531,CSTMR0240,08-05-2024,12:15:42
ORD09532,CSTMR0740,2022.06.22,13:35:05
ord09533,CSTMR0120,01/03/2024,11:32:55
ORD09534,CSTMR0611,09/23/2024,09:01:09
ORD09535,cstmr0053,02/24/2023,20:53:11
ord09536,CSTMR0368,"Aug 19, 2024",20:02:13
ORD09537,CSTMR0005,10-29-21,12:46:18
ord09538,CSTMR0043,2024-08-12,18:02:16
ord09539,CSTMR0715,22-06-2023,11:36:58
ORD09540,CSTMR0421,2025.03.01,22:47:25
ord09541,CSTMR0708,08-10-23,19:36:50
ORD09542,cstmr0322,"Mar 02, 2025",21:59:11
ORD09543,CSTMR0935,13 Dec 2022,09:45:15
ord09544,CSTMR0873,2021-08-17,16:12:53
ord09545,cstmr0247,04/14/2024,16:00:08
ord09546,CSTMR0121,05 Jul 2023,09:47:27
ORD09547,cstmr0411,2021.05.02,11:06:37
ord09548,cstmr0413,15/12/2025,20:52:10
ORD09549,cstmr0797,02 Dec 2025,16:35:49
ORD09550,CSTMR0152,03/07/2024,08:27:24
ORD09551,CSTMR0305,2021.01.17,09:36:10
ORD09552,CSTMR0388,"May 11, 2026",18:00:29
ORD09553,CSTMR0585,"Sep 06, 2021",12:57:55
ORD09554,CSTMR0802,2025.06.15,19:50:08
ORD09555,CSTMR0611,18 Feb 2026,21:06:29
ORD09556,CSTMR0886,17/11/2023,11:03:53
ORD09557,cstmr0893,2024-05-26,12:36:35
ord09558,cstmr0024,12/05/2023,08:58:26
ORD09559,CSTMR0303,01/20/2026,13:08:00
ORD09560,cstmr0021,10-08-2025,21:58:56
ORD09561,CSTMR0864,"Jan 02, 2024",21:54:45
ORD09562,cstmr0248,2025.03.22,08:55:20
ord09563,CSTMR0959,03 Nov 2022,12:15:20
ORD09564,CSTMR0302,25/05/2024,12:50:57
ORD09565,CSTMR0939,08/02/2023,21:37:23
ord09566,CSTMR0933,23-02-2025,21:41:23
ord09567,CSTMR0681,2026.01.09,22:43:40
ord09568,cstmr0255,2023-04-07,13:50:48
ORD09569,CSTMR0677,01-31-25,13:15:36
ORD09570,CSTMR0501,10/05/2024,17:13:14
ORD09571,CSTMR0302,09-26-25,09:43:55
ord09572,CSTMR0688,08-12-2025,13:05:54
ord09573,CSTMR0987,2026.02.04,10:52:22
ord09574,CSTMR0214,13-12-2025,21:38:34
ORD09575,CSTMR0003,2025.06.01,20:27:13
ORD09576,CSTMR0830,04 Aug 2024,21:25:16
ORD09577,CSTMR0053,12 Nov 2021,13:49:51
ord09578,CSTMR0131,2021-08-30,16:47:17
ORD09579,cstmr0674,"Jan 10, 2025",21:05:48
ORD09580,cstmr0630,2023.11.17,17:02:23
ORD09581,cstmr0051,08-29-21,22:09:30
ORD09582,cstmr0164,2024-11-30,22:08:57
ORD09583,cstmr0994,2022-12-19,12:43:26
ORD09584,CSTMR0104,30 Aug 2024,19:17:10
ORD09585,CSTMR0360,2024-10-27,21:12:40
ORD09586,CSTMR0946,28-01-2022,12:21:22
ord09587,cstmr0287,07/02/2022,15:59:32
ord09588,cstmr0165,2024-11-11,18:31:01
ord09589,CSTMR0874,03-18-26,10:27:51
ord09590,CSTMR0938,"Feb 14, 2026",12:36:16
ORD09591,cstmr0278,11/09/2023,14:29:37
ord09592,CSTMR0588,15 Mar 2026,15:03:48
ord09593,CSTMR0753,28-04-2023,16:32:48
ORD09594,cstmr0422,"Oct 30, 2024",20:05:40
ord09595,CSTMR0344,30/03/2025,13:16:32
ord09596,CSTMR0838,04/07/2026,11:58:41
ORD09597,CSTMR0703,2021.02.06,08:19:01
ORD09598,cstmr0562,05/13/2022,08:49:14
ORD09599,CSTMR0283,13/12/2025,09:17:02
ORD09600,CSTMR0817,2022-09-16,11:48:14
ORD09601,CSTMR0008,13/03/2023,17:04:33
ORD09602,CSTMR0069,06/04/2023,19:06:05
ORD09603,cstmr0342,2023.07.07,12:15:03
ORD09604,CSTMR0927,05/19/2026,22:25:06
ord09605,cstmr0531,08-11-23,21:37:33
ord09606,CSTMR0534,"Dec 26, 2025",21:04:18
ord09607,CSTMR0325,04 Oct 2024,10:23:43
ord09608,cstmr0874,11/28/2024,19:00:01
ord09609,CSTMR0882,21 Mar 2025,09:01:11
ord09610,cstmr0820,2022-05-01,16:14:40
ORD09611,cstmr0671,"Apr 08, 2026",12:51:23
ord09612,CSTMR0368,16 Oct 2025,18:44:52
ord09613,CSTMR0294,2022.05.01,08:23:18
ORD09614,CSTMR0675,06/02/2024,15:09:42
ORD09615,cstmr0653,"Nov 30, 2025",19:42:47
ORD09616,cstmr0993,2025.12.01,10:43:27
ord09617,CSTMR0733,10/19/2021,08:32:18
ORD09618,CSTMR0694,07-05-2026,11:58:14
ord09619,CSTMR0551,12-03-2025,18:20:00
ORD09620,cstmr0951,17-05-2021,14:08:23
ORD09621,CSTMR0011,04 Jul 2023,20:35:28
ORD09622,cstmr0990,06 Nov 2025,16:22:19
ord09623,CSTMR0209,"May 12, 2024",12:59:00
ORD09624,cstmr0290,2025-06-22,13:08:02
ORD09625,cstmr0952,27/12/2025,22:10:21
ORD09626,cstmr0044,"Mar 15, 2026",12:04:07
ord09627,CSTMR0518,04/06/2024,21:34:16
ord09628,cstmr0756,"Feb 06, 2025",18:58:47
ORD09629,CSTMR0086,31 Aug 2022,08:13:14
ORD09630,cstmr0162,"Dec 17, 2025",13:47:28
ORD09631,CSTMR0835,11/24/2024,11:09:01
ORD09632,CSTMR0938,12-17-24,20:05:39
ORD09633,cstmr0624,06/01/2023,19:23:53
ORD09634,cstmr0926,"Mar 26, 2022",19:07:59
ORD09635,CSTMR0125,10-09-25,10:33:20
ord09636,CSTMR0366,29/06/2025,22:50:42
ord09637,cstmr0685,2025-03-03,11:59:41
ORD09638,cstmr0746,"Jul 08, 2024",17:58:46
ORD09639,CSTMR0595,01/04/2024,13:09:13
ord09640,CSTMR0075,2023.11.26,10:29:03
ORD09641,cstmr0573,22/07/2023,21:58:54
ord09642,cstmr0965,22/01/2024,13:45:53
ORD09643,CSTMR0247,09/14/2025,11:18:16
ORD09644,cstmr0819,11/02/2024,16:54:34
ord09645,CSTMR0156,12/02/2023,18:36:05
ord09646,CSTMR0677,2026.02.04,10:49:27
ORD09647,CSTMR0833,10/10/2021,10:25:16
ORD09648,CSTMR0232,2023.07.14,20:49:35
ord09649,cstmr0602,06/01/2026,20:14:12
ord09650,cstmr0046,2025.09.15,21:09:50
ORD09651,cstmr0701,01/08/2026,08:47:11
ORD09652,cstmr0900,2024.05.10,16:52:42
ORD09653,CSTMR0012,2022-10-19,21:55:43
ORD09654,CSTMR0634,12/04/2025,20:31:18
ord09655,CSTMR0684,28-02-2023,20:22:15
ORD09656,CSTMR0106,"Mar 15, 2023",16:54:05
ORD09657,cstmr0714,08 Dec 2022,18:04:08
ORD09658,CSTMR0684,17-09-2022,18:00:09
ORD09659,CSTMR0024,08/28/2025,11:39:12
ORD09660,CSTMR0920,2022.07.26,19:59:56
ORD09661,cstmr0797,28/05/2022,12:29:39
ORD09662,CSTMR0943,04 Dec 2021,20:44:08
ORD09663,CSTMR0485,"Mar 05, 2023",19:38:56
ord09664,CSTMR0246,13/03/2026,17:47:32
ORD09665,cstmr0086,2022-02-07,15:14:39
ORD09666,cstmr0417,01/03/2025,14:36:50
ORD09667,CSTMR0478,07/10/2021,12:03:04
ORD09668,cstmr0830,2022-07-18,19:31:23
ord09669,CSTMR0659,11/25/2022,20:40:46
ORD09670,CSTMR0917,04-11-25,13:19:27
ORD09671,cstmr0954,2025.12.01,13:47:01
ord09672,CSTMR0274,2025-10-19,12:42:25
ORD09673,CSTMR0950,16/05/2025,18:50:48
ORD09674,CSTMR0290,2021-10-09,17:43:08
ord09675,cstmr0116,2025.06.14,09:04:32
ORD09676,CSTMR0667,2025.08.16,08:10:23
ORD09677,CSTMR0138,25 Apr 2026,16:59:40
ORD09678,cstmr0254,24 Feb 2025,08:28:09
ORD09679,CSTMR0310,09 Jan 2026,12:57:34
ORD09680,CSTMR0624,"Jul 05, 2023",20:15:10
ORD09681,cstmr0576,2024.07.22,20:24:51
ORD09682,cstmr0730,04/03/2022,08:01:28
ord09683,CSTMR0633,29/08/2025,09:26:34
ord09684,cstmr0411,04-12-25,14:03:03
ORD09685,CSTMR0939,14/03/2024,21:01:51
ORD09686,cstmr0589,01/04/2024,21:22:20
ORD09687,cstmr0749,25-07-2023,12:08:36
ORD09688,CSTMR0061,26 Sep 2021,13:08:30
ORD09689,cstmr0687,03-14-25,14:56:21
ORD09690,CSTMR0277,"Dec 14, 2024",13:24:07
ORD09691,cstmr0240,09/06/2021,20:56:50
ORD09692,cstmr0566,03 May 2025,19:23:58
ORD09693,CSTMR0587,2022.08.21,13:44:56
ORD09694,CSTMR0443,2023.12.22,15:09:26
ord09695,cstmr0266,06/25/2024,17:01:07
ORD09696,CSTMR0288,"Mar 08, 2023",17:49:33
ORD09697,CSTMR0004,03-01-2025,13:27:27
ORD09698,CSTMR0345,19/07/2023,18:05:24
ORD09699,CSTMR0996,07/15/2024,11:07:42
ORD09700,cstmr0785,2026-01-23,19:14:43
ORD09701,cstmr0728,08/01/2021,16:07:27
ord09702,cstmr0414,12/12/2021,19:07:55
ord09703,CSTMR0236,13-11-2023,21:37:36
ord09704,CSTMR0565,2021-07-17,18:46:06
ORD09705,CSTMR0811,"Jan 07, 2024",14:09:17
ORD09706,cstmr0639,01/11/2022,12:30:39
ORD09707,CSTMR0849,04-09-2025,10:24:00
ord09708,cstmr0132,10/20/2024,21:59:15
ORD09709,CSTMR0566,"Mar 18, 2025",08:21:35
ORD09710,CSTMR0955,18 Feb 2021,22:19:47
ORD09711,CSTMR0729,15/12/2025,16:45:33
ord09712,CSTMR0443,11-03-2026,18:35:36
ORD09713,cstmr0777,2022.05.20,20:45:25
ORD09714,cstmr0074,23/07/2023,08:22:38
ord09715,CSTMR0162,2023.03.26,19:53:20
ORD09716,CSTMR0412,2022-07-18,15:13:54
ORD09717,CSTMR0605,16/12/2022,21:54:44
ord09718,cstmr0967,31/07/2025,19:48:26
ord09719,CSTMR0145,2023.12.12,10:42:10
ORD09720,cstmr0472,23 Apr 2026,21:25:21
ORD09721,CSTMR0833,30/10/2021,15:36:08
ORD09722,cstmr0818,17 Jul 2023,15:00:56
ORD09723,cstmr0442,04-19-21,15:54:59
ORD09724,cstmr0661,04/13/2026,19:41:54
ORD09725,CSTMR0135,02-07-2024,19:07:56
ORD09726,cstmr0198,25/02/2026,10:43:47
ord09727,CSTMR0869,2024-10-03,20:36:54
ord09728,CSTMR0792,03/11/2023,10:42:43
ord09729,cstmr0437,"Feb 13, 2021",09:01:32
ORD09730,cstmr0514,08-11-2024,13:57:23
ord09731,CSTMR0850,2026.05.02,18:38:08
ORD09732,cstmr0195,05/08/2023,11:00:00
ORD09733,CSTMR0672,09-03-2023,14:42:22
ord09734,CSTMR0507,30 Nov 2023,22:11:52
ord09735,CSTMR0414,09-16-24,12:07:27
ORD09736,CSTMR0457,2023-06-06,09:14:31
ORD09737,cstmr0373,02-14-26,16:29:26
ORD09738,CSTMR0470,06-15-25,21:05:31
ORD09739,cstmr0727,14 Aug 2023,21:40:54
ORD09740,CSTMR0789,2023-06-11,20:21:15
ord09741,cstmr0230,2021.05.01,10:19:21
ord09742,cstmr0550,10/02/2025,21:34:26
ORD09743,cstmr0349,23-03-2024,19:29:38
ORD09744,CSTMR0031,02-02-25,19:29:00
ORD09745,CSTMR0923,18 Nov 2024,11:20:10
ORD09746,CSTMR0909,16 Jun 2022,12:32:50
ORD09747,cstmr0809,10-19-23,22:23:19
ORD09748,CSTMR0813,2022.11.09,10:37:41
ord09749,cstmr0003,2025-06-07,08:14:29
ord09750,cstmr0258,01-13-25,08:40:18
ord09751,cstmr0414,01-29-22,21:16:27
ORD09752,CSTMR0701,19/10/2024,12:19:35
ORD09753,CSTMR0345,12/26/2025,08:35:31
ORD09754,CSTMR0550,2024-02-25,12:00:12
ord09755,cstmr0484,05-11-23,22:27:44
ORD09756,cstmr0951,"Aug 16, 2025",10:35:39
ord09757,cstmr0906,11/01/2026,19:23:07
ord09758,CSTMR0270,2024.01.12,11:11:36
ORD09759,CSTMR0946,2022-07-30,13:29:48
ord09760,CSTMR0799,2022-11-09,11:54:45
ord09761,CSTMR0251,03-04-2021,08:35:19
ord09762,CSTMR0260,24-06-2022,14:13:10
ORD09763,cstmr0124,2022-12-25,20:14:19
ORD09764,cstmr0539,"Feb 04, 2022",17:47:36
ord09765,CSTMR0716,04/05/2025,14:46:48
ORD09766,cstmr0615,2022-12-29,16:20:11
ORD09767,CSTMR0894,01-14-22,11:26:08
ord09768,CSTMR0685,25/09/2025,21:55:28
ORD09769,CSTMR0537,2025.10.07,16:53:36
ORD09770,cstmr0779,03-27-25,21:42:01
ord09771,CSTMR0006,11/01/2024,18:38:09
ord09772,CSTMR0474,"Jul 11, 2025",10:02:53
ORD09773,CSTMR0476,2025.06.29,21:00:20
ord09774,cstmr0978,28/03/2023,09:05:21
ORD09775,CSTMR0072,21 Apr 2024,16:57:59
ORD09776,CSTMR0778,"Sep 20, 2021",12:35:22
ord09777,cstmr0958,2024.05.18,14:34:39
ord09778,CSTMR0665,05/15/2024,17:10:27
ORD09779,cstmr0373,27 Jun 2021,21:21:08
ORD09780,cstmr0629,20-11-2023,13:27:31
ord09781,cstmr0993,21/03/2023,13:48:37
ORD09782,cstmr0289,02-01-21,13:51:13
ord09783,CSTMR0233,23 Oct 2024,13:46:14
ORD09784,CSTMR0852,30-10-2022,15:41:15
ord09785,cstmr0010,"Feb 01, 2026",13:49:21
ORD09786,CSTMR0877,18/02/2023,22:54:05
ORD09787,CSTMR0344,07-03-2025,19:04:04
ORD09788,CSTMR0920,05/12/2025,14:06:40
ORD09789,cstmr0567,24/01/2024,12:00:51
ORD09790,cstmr0774,27-08-2023,15:56:03
ORD09791,CSTMR0794,12 May 2021,17:23:57
ORD09792,CSTMR0883,24-06-2025,13:11:55
ORD09793,CSTMR0547,12/06/2021,21:45:46
ORD09794,CSTMR0648,03-12-24,20:48:29
ord09795,cstmr0817,26 Nov 2021,13:21:59
ORD09796,CSTMR0145,2023-03-21,21:26:25
ORD09797,CSTMR0338,03-18-22,20:47:52
ord09798,CSTMR0486,2024-09-02,12:47:30
ORD09799,CSTMR0237,2025.12.10,19:17:03
ord09800,CSTMR0974,14/06/2024,13:40:16
ORD09801,cstmr0177,05-10-2025,12:34:11
ORD09802,CSTMR0611,"Jul 15, 2024",21:45:54
ORD09803,CSTMR0112,05-24-26,21:52:58
ORD09804,cstmr0716,30-11-2024,22:10:44
ORD09805,CSTMR0571,07/25/2023,20:49:06
ord09806,CSTMR0533,"Nov 16, 2024",11:37:02
ORD09807,cstmr0348,12-03-2025,19:19:00
ord09808,cstmr0244,03/22/2024,15:57:39
ord09809,CSTMR0856,08/26/2023,21:32:25
ORD09810,cstmr0319,20 Jun 2025,19:48:29
ORD09811,CSTMR0683,22/11/2025,10:28:12
ORD09812,CSTMR0174,09/08/2025,17:52:47
ORD09813,cstmr0085,26-09-2022,18:43:31
ord09814,CSTMR0791,"Feb 04, 2023",08:57:36
ORD09815,cstmr0956,28-09-2024,20:24:10
ORD09816,cstmr0213,2025.09.27,19:19:55
ORD09817,CSTMR0783,04-08-24,16:43:04
ORD09818,CSTMR0664,2024-10-19,22:26:06
ORD09819,CSTMR0899,"Sep 10, 2023",16:48:12
ORD09820,CSTMR0782,2024-11-22,12:29:02
ord09821,CSTMR0653,01-25-26,21:44:59
ORD09822,cstmr0874,2026-03-13,09:18:32
ord09823,cstmr0897,06-26-22,21:18:07
ORD09824,cstmr0790,07-24-24,15:10:15
ord09825,CSTMR0042,"May 07, 2025",19:07:37
ORD09826,CSTMR0187,2024-01-05,21:15:45
ORD09827,cstmr0910,2026.04.25,17:50:28
ord09828,CSTMR0012,2024.08.05,13:35:00
ORD09829,CSTMR0238,06 Dec 2023,13:30:11
ORD09830,CSTMR0017,12-03-2025,11:44:46
ORD09831,CSTMR0784,"Aug 10, 2025",18:00:03
ORD09832,cstmr0982,09-02-24,17:16:11
ORD09833,CSTMR0654,05 Feb 2026,11:00:49
ORD09834,CSTMR0769,05 Nov 2025,21:12:10
ord09835,CSTMR0155,21 Sep 2025,09:40:42
ORD09836,CSTMR0120,14/06/2024,16:30:51
ORD09837,CSTMR0611,10/20/2024,21:51:37
ord09838,CSTMR0760,11-02-2023,13:02:22
ORD09839,CSTMR0031,2023-10-11,08:52:37
ord09840,CSTMR0947,"Mar 02, 2025",19:21:30
ord09841,cstmr0286,"Jan 02, 2024",08:04:38
ORD09842,cstmr0153,05/18/2024,13:46:18
ORD09843,CSTMR0874,2026.05.27,12:56:26
ORD09844,cstmr0030,2021.09.28,19:44:41
ord09845,CSTMR0177,"Mar 05, 2024",18:40:21
ORD09846,cstmr0936,2025.12.09,18:52:35
ord09847,CSTMR0374,13/06/2025,17:24:52
ORD09848,CSTMR0405,13/07/2022,13:40:59
ORD09849,CSTMR0386,"Dec 15, 2025",18:07:50
ord09850,cstmr0626,"Sep 01, 2021",20:22:10
ord09851,cstmr0518,"Sep 11, 2025",12:12:57
ORD09852,CSTMR0175,02/02/2025,12:59:04
ORD09853,cstmr0584,07-02-2025,18:29:14
ORD09854,CSTMR0155,08-03-2026,09:47:26
ORD09855,CSTMR0385,2024-02-14,12:13:15
ORD09856,CSTMR0453,"Nov 19, 2025",13:51:05
ORD09857,CSTMR0371,10/30/2023,16:03:11
ord09858,cstmr0826,"Sep 24, 2023",13:52:55
ORD09859,CSTMR0976,2026.01.10,17:46:14
ORD09860,cstmr0557,04/24/2021,15:33:16
ord09861,CSTMR0403,09 Apr 2022,21:21:14
ORD09862,cstmr0012,25-07-2023,12:54:04
ord09863,cstmr0290,"May 06, 2023",20:28:41
ord09864,CSTMR0456,08/07/2025,22:33:46
ORD09865,CSTMR0895,10/30/2025,21:49:54
ord09866,CSTMR0660,2022-07-08,13:38:24
ORD09867,CSTMR0934,23 Jul 2022,09:40:46
ORD09868,CSTMR0424,11-21-25,12:48:11
ORD09869,CSTMR0616,2026.02.12,09:48:48
ORD09870,CSTMR0158,"Jul 16, 2023",18:29:32
ord09871,cstmr0963,09/12/2023,14:01:26
ORD09872,CSTMR0936,14-05-2023,16:23:36
ORD09873,cstmr0103,24 Oct 2023,16:35:16
ORD09874,cstmr0311,11-02-2024,18:38:23
ORD09875,CSTMR0340,13 Feb 2025,09:35:28
ord09876,CSTMR0296,"Jul 24, 2025",16:51:25
ORD09877,cstmr0280,2022-01-06,12:07:51
ord09878,CSTMR0972,"Nov 21, 2025",18:21:38
ord09879,CSTMR0117,2024-10-09,17:32:19
ord09880,cstmr0826,2023.08.28,21:02:04
ord09881,cstmr0873,09/26/2024,21:45:42
ORD09882,CSTMR0492,01-23-22,20:30:28
ord09883,CSTMR0793,04-07-2022,18:29:06
ord09884,CSTMR0567,10-04-24,16:49:57
ORD09885,CSTMR0232,21/07/2024,10:33:45
ORD09886,cstmr0252,18/01/2025,20:12:56
ORD09887,cstmr0946,26-09-2023,21:36:55
ORD09888,cstmr0663,2024.11.23,21:39:29
ORD09889,CSTMR0079,14/02/2026,09:06:25
ORD09890,cstmr0296,17 May 2025,21:27:24
ORD09891,CSTMR0479,09-13-22,13:42:27
ord09892,CSTMR0488,08-26-22,19:26:41
ORD09893,cstmr0791,2022-06-02,21:29:48
ORD09894,cstmr0670,14-10-2022,12:32:36
ORD09895,cstmr0504,04/02/2023,12:45:07
ord09896,CSTMR0196,29-06-2024,09:02:24
ORD09897,CSTMR0588,11/12/2025,21:14:45
ORD09898,CSTMR0811,10/04/2021,21:41:38
ORD09899,CSTMR0006,12/04/2021,20:31:51
ORD09900,cstmr0543,10-06-22,19:32:16
ORD09901,cstmr0484,06/24/2025,15:09:44
ord09902,cstmr0879,22-01-2026,14:56:25
ORD09903,cstmr0063,"Jan 17, 2025",08:13:04
ORD09904,CSTMR0343,2026.05.22,11:20:25
ORD09905,CSTMR0583,01-13-23,13:32:34
ord09906,CSTMR0168,"Jun 14, 2022",16:09:25
ord09907,CSTMR0527,08/12/2025,12:16:34
ORD09908,CSTMR0954,05/31/2026,12:31:21
ORD09909,CSTMR0865,02/23/2025,08:10:31
ord09910,cstmr0671,02/08/2024,13:07:15
ORD09911,CSTMR0366,08-30-21,18:24:30
ORD09912,CSTMR0201,"May 08, 2022",19:31:58
ord09913,cstmr0198,06 Jul 2025,12:21:25
ord09914,CSTMR0209,28-08-2023,10:56:41
ORD09915,CSTMR0171,03-14-26,13:31:01
ord09916,cstmr0689,27-07-2022,08:51:15
ord09917,cstmr0658,03/12/2026,12:18:31
ORD09918,CSTMR0428,02/15/2024,19:20:28
ord09919,CSTMR0287,2021.02.08,21:37:33
ord09920,cstmr0280,01-06-2025,17:18:18
ord09921,CSTMR0153,01-03-2024,16:51:03
ORD09922,CSTMR0961,12/25/2023,20:52:23
ORD09923,cstmr0924,2024-09-10,19:16:46
ord09924,cstmr0967,22 Feb 2024,21:57:03
ord09925,CSTMR0001,11/12/2021,20:04:01
ORD09926,CSTMR0875,30-10-2022,18:37:23
ord09927,CSTMR0648,2024-05-07,18:02:03
ORD09928,CSTMR0798,27 Dec 2024,14:02:36
ORD09929,CSTMR0906,"May 26, 2024",17:40:28
ORD09930,CSTMR0267,2023.08.14,12:33:11
ORD09931,cstmr0567,2021-04-01,13:22:51
ORD09932,CSTMR0346,2025-08-14,19:09:26
ord09933,CSTMR0973,28-02-2025,12:16:27
ORD09934,cstmr0434,12/23/2025,21:35:58
ORD09935,cstmr0503,2021-09-25,14:05:50
ORD09936,cstmr0409,29-12-2022,20:44:30
ord09937,CSTMR0327,21 Jan 2022,22:48:04
ORD09938,CSTMR0504,2023.07.08,12:16:13
ORD09939,CSTMR0044,"May 14, 2026",21:47:13
ORD09940,cstmr0470,04/06/2026,13:05:31
ORD09941,cstmr0046,2026-02-24,17:45:01
ord09942,CSTMR0853,2026-03-13,17:46:42
ord09943,CSTMR0967,01/02/2023,22:24:03
ORD09944,CSTMR0758,03/06/2024,19:43:39
ORD09945,cstmr0629,13/09/2024,18:16:53
ord09946,CSTMR0817,2023.08.26,18:51:21
ORD09947,CSTMR0261,12/19/2023,13:37:47
ORD09948,CSTMR0857,2024.07.01,20:20:52
ORD09949,CSTMR0815,2026-04-23,13:43:03
ord09950,CSTMR0206,12/26/2025,11:22:37
ORD09951,CSTMR0738,08-04-25,12:20:22
ORD09952,CSTMR0115,2022-06-01,13:08:08
ORD09953,CSTMR0013,14/03/2025,20:46:44
ord09954,CSTMR0260,2025.07.13,13:45:18
ORD09955,CSTMR0936,20 Nov 2021,11:51:51
ord09956,CSTMR0843,01/18/2023,19:39:30
ORD09957,CSTMR0693,31 Dec 2023,20:49:19
ORD09958,CSTMR0245,05-26-23,18:42:47
ord09959,CSTMR0374,05-26-24,15:40:19
ord09960,cstmr0344,13-03-2023,14:10:03
ORD09961,CSTMR0097,01/12/2023,18:09:33
ORD09962,CSTMR0250,05/22/2026,12:35:30
ORD09963,CSTMR0690,2022.08.14,20:45:56
ord09964,cstmr0152,06-28-23,14:28:41
ORD09965,cstmr0447,2025-09-09,13:40:54
ORD09966,CSTMR0442,17-03-2021,12:07:46
ORD09967,cstmr0609,14/04/2025,16:17:01
ord09968,cstmr0254,2026-04-21,14:23:10
ord09969,CSTMR0329,2023.05.20,17:41:34
ORD09970,CSTMR0119,15-12-2024,19:32:51
ORD09971,CSTMR0462,2025.04.10,11:17:37
ORD09972,cstmr0442,01-04-23,09:15:45
ord09973,CSTMR0424,2026.05.27,13:59:21
ORD09974,cstmr0182,12-02-2026,13:03:43
ord09975,CSTMR0502,05-09-2025,17:55:11
ord09976,cstmr0521,2022.05.18,13:32:15
ORD09977,CSTMR0844,2023.05.05,08:05:30
ORD09978,CSTMR0234,23/04/2023,18:30:02
ord09979,CSTMR0588,09/29/2024,20:55:47
ORD09980,CSTMR0892,2025-01-06,08:28:08
ord09981,CSTMR0331,15 Jul 2025,08:19:38
ORD09982,CSTMR0972,"Jun 30, 2025",14:25:36
ORD09983,CSTMR0401,10/29/2023,09:48:05
ord09984,cstmr0863,2025-01-18,22:21:56
ORD09985,cstmr0584,2022-07-09,12:01:42
ord09986,CSTMR0844,2025.01.12,19:18:19
ORD09987,CSTMR0529,15 Mar 2022,21:08:40
ORD09988,CSTMR0511,2023-09-03,17:54:10
ord09989,CSTMR0068,07/17/2023,09:47:40
ORD09990,CSTMR0405,2025-10-21,18:44:02
ORD09991,cstmr0175,2024.01.11,22:34:00
ord09992,cstmr0977,10/07/2022,19:58:39
ORD09993,CSTMR0096,30-03-2022,21:13:53
ord09994,CSTMR0407,07/08/2022,14:01:50
ORD09995,cstmr0402,14-05-2024,08:09:48
ORD09996,CSTMR0647,"Dec 10, 2023",10:12:24
ord09997,cstmr0180,"Jun 07, 2025",21:52:25
ORD09998,CSTMR0351,"Apr 03, 2026",18:09:57
ORD09999,cstmr0891,11-08-24,15:29:59
ord10000,cstmr0233,2024.03.21,16:42:55
